Dataset,Model,Tree_Index,Node,Left_Child,Right_Child,Feature,Threshold,Impurity,Samples,Weighted_Samples,Is_Leaf,Value_0,Value_1,Positive_Probability
promotion,Random Forest,0,0,1,4412,num__age,39.5,0.499952581219284,27725,43494.57382320422,False,0.5048692289249742,0.4951307710750949,0.4951307710750607
promotion,Random Forest,0,1,2,3039,num__previous_year_rating,4.5,0.4997536479263923,21470,34691.89572241285,False,0.48890152997690506,0.5110984700230456,0.5110984700230708
promotion,Random Forest,0,2,3,1278,num__KPIs_met >80%,0.5,0.4905826324822913,16874,23994.838157870297,False,0.5686198495980586,0.4313801504019216,0.4313801504019302
promotion,Random Forest,0,3,4,1277,cat__region_region_21,0.5,0.3400159273887523,12095,13057.806790249879,False,0.782828634168437,0.21717136583165228,0.2171713658316329
promotion,Random Forest,0,4,5,1050,num__no_of_trainings,1.5,0.34170957341360253,11988,12968.173463564506,False,0.781327590707309,0.21867240929278328,0.21867240929276313
promotion,Random Forest,0,5,6,791,cat__region_region_2,0.5,0.3607544882388627,9239,10218.807554834817,False,0.7638612436121475,0.23613875638794884,0.23613875638792609
promotion,Random Forest,0,6,7,766,cat__region_region_31,0.5,0.3472003286251345,7800,8533.895802025623,False,0.7764052019905326,0.2235947980094773,0.22359479800947507
promotion,Random Forest,0,7,8,751,cat__recruitment_channel_referred,0.5,0.3534906262653996,7421,8166.36953737712,False,0.7706560305393322,0.22934396946066032,0.22934396946066204
promotion,Random Forest,0,8,9,750,cat__region_region_9,0.5,0.35106326965850154,7348,8065.697881791536,False,0.7728889246025772,0.22711107539741535,0.22711107539741704
promotion,Random Forest,0,9,10,729,cat__department_Finance,0.5,0.35433020849226793,7222,7960.214759533816,False,0.7698794096515476,0.23012059034844548,0.2301205903484471
promotion,Random Forest,0,10,11,728,cat__region_region_34,0.5,0.3460478875979207,6929,7571.315875618701,False,0.7774455914247705,0.22255440857522024,0.2225544085752223
promotion,Random Forest,0,11,12,721,cat__region_region_24,0.5,0.348288599091797,6846,7502.997791254929,False,0.7754191359620881,0.2245808640379012,0.2245808640379036
promotion,Random Forest,0,12,13,654,cat__region_region_7,0.5,0.35221170887364284,6693,7359.397349460327,False,0.7718347762211099,0.2281652237788788,0.22816522377888138
promotion,Random Forest,0,13,14,617,num__awards_won?,0.5,0.3357214159717937,6058,6547.9787410468925,False,0.7865995324736373,0.21340046752635197,0.21340046752635425
promotion,Random Forest,0,14,15,608,cat__region_region_30,0.5,0.2936654989761598,5991,6238.8346888760625,False,0.8211965916879019,0.17880340831209016,0.17880340831209157
promotion,Random Forest,0,15,16,599,cat__region_region_11,0.5,0.29676363904573055,5862,6123.1080255019115,False,0.8187760663493024,0.1812239336506866,0.1812239336506886
promotion,Random Forest,0,16,17,592,cat__region_region_20,0.5,0.3045232652467512,5598,5890.96734637184,False,0.8126313601937992,0.18736863980618648,0.18736863980618917
promotion,Random Forest,0,17,18,569,cat__region_region_1,0.5,0.310742800402546,5406,5706.922598633847,False,0.8076176194543006,0.19238238054568715,0.1923823805456895
promotion,Random Forest,0,18,19,554,cat__education_Below Secondary,0.5,0.3042350188741858,5283,5553.11198802752,False,0.812861775490247,0.18713822450974033,0.18713822450974268
promotion,Random Forest,0,19,20,521,num__length_of_service,9.5,0.30127492608354833,5240,5496.834572664119,False,0.8152182370330584,0.18478176296693072,0.18478176296693272
promotion,Random Forest,0,20,21,214,cat__recruitment_channel_other,0.5,0.30890310378797003,4919,5197.891321640553,False,0.8091091200628259,0.190890879937157,0.19089087993716028
promotion,Random Forest,0,21,22,59,cat__education_Bachelor's,0.5,0.2782307869511935,2131,2179.6348005179316,False,0.8329934031244537,0.16700659687553623,0.16700659687553793
promotion,Random Forest,0,22,23,46,cat__region_region_4,0.5,0.13689594956747164,418,397.1804848005658,False,0.9260892221310746,0.07391077786892558,0.07391077786892557
promotion,Random Forest,0,23,24,43,num__avg_training_score,85.5,0.09180370252356085,393,365.21596439449985,False,0.9517722310392921,0.04822776896070794,0.04822776896070794
promotion,Random Forest,0,24,25,26,num__previous_year_rating,2.5,0.06664645516944823,374,340.2157170554477,False,0.9654855233143947,0.034514476685605235,0.034514476685605235
promotion,Random Forest,0,25,-1,-1,leaf,,0.0,98,86.90060331072995,True,1.0,0.0,0.0
promotion,Random Forest,0,26,27,28,num__avg_training_score,63.5,0.08841203637895745,276,253.31511374471776,False,0.9536452157915052,0.046354784208494836,0.046354784208494836
promotion,Random Forest,0,27,-1,-1,leaf,,0.0,147,130.0776326286398,True,1.0,0.0,0.0
promotion,Random Forest,0,28,29,30,cat__gender_m,0.5,0.17240738713636483,129,123.23748111607796,False,0.9047175637797521,0.09528243622024801,0.09528243622024801
promotion,Random Forest,0,29,-1,-1,leaf,,0.228293698536853,47,44.67585563582119,True,0.8685826240228552,0.1314173759771448,0.1314173759771448
promotion,Random Forest,0,30,31,42,num__previous_year_rating,3.5,0.1382967750297398,82,78.56162548025678,False,0.9252665193559565,0.07473348064404342,0.07473348064404343
promotion,Random Forest,0,31,32,41,num__avg_training_score,72.5,0.19220322076979013,57,54.51365978420572,False,0.8922988524264441,0.10770114757355587,0.10770114757355587
promotion,Random Forest,0,32,33,36,num__age,35.5,0.40722598851194025,17,20.627889939770142,False,0.7153764280139076,0.2846235719860924,0.2846235719860924
promotion,Random Forest,0,33,34,35,cat__region_region_13,0.5,4.440892098500626e-16,10,8.19817012365377,False,1.0,0.0,0.0
promotion,Random Forest,0,34,-1,-1,leaf,,0.0,8,7.105080773833267,True,1.0,0.0,0.0
promotion,Random Forest,0,35,-1,-1,leaf,,0.0,2,1.0930893498205025,True,1.0,0.0,0.0
promotion,Random Forest,0,36,37,40,cat__region_region_13,0.5,0.4984710044908853,7,12.429719816116373,False,0.5276495525200188,0.4723504474799812,0.4723504474799812
promotion,Random Forest,0,37,38,39,num__avg_training_score,70.5,0.489295351903807,5,10.243541116475368,False,0.42684042066758116,0.5731595793324189,0.5731595793324189
promotion,Random Forest,0,38,-1,-1,leaf,,0.0,3,3.825812724371759,True,1.0,0.0,0.0
promotion,Random Forest,0,39,-1,-1,leaf,,0.1558183735588441,2,6.4177283921036095,True,0.08516170232176253,0.9148382976782374,0.9148382976782374
promotion,Random Forest,0,40,-1,-1,leaf,,0.0,2,2.186178699641005,True,1.0,0.0,0.0
promotion,Random Forest,0,41,-1,-1,leaf,,0.0,40,33.88576984443558,True,1.0,0.0,0.0
promotion,Random Forest,0,42,-1,-1,leaf,,0.0,25,24.047965696051055,True,1.0,0.0,0.0
promotion,Random Forest,0,43,44,45,cat__gender_f,0.5,0.35938567871357285,19,25.00024733905215,False,0.7651549747661035,0.23484502523389658,0.23484502523389658
promotion,Random Forest,0,44,-1,-1,leaf,,0.0,17,18.035974272038292,True,1.0,0.0,0.0
promotion,Random Forest,0,45,-1,-1,leaf,,0.2646425948218267,2,6.964273067013861,True,0.15695670449768812,0.8430432955023119,0.8430432955023119
promotion,Random Forest,0,46,47,48,cat__gender_m,0.5,0.4648112891810806,25,31.96452040606601,False,0.6326437160571842,0.36735628394281583,0.36735628394281583
promotion,Random Forest,0,47,-1,-1,leaf,,0.0,9,6.011991424012764,True,1.0,0.0,0.0
promotion,Random Forest,0,48,49,58,cat__department_Analytics,0.5,0.4954790627121378,16,25.95252898205325,False,0.5475443860401109,0.45245561395988904,0.45245561395988904
promotion,Random Forest,0,49,50,51,num__previous_year_rating,2.5,0.49811657853991664,13,22.12671625768149,False,0.4693126943176556,0.5306873056823443,0.5306873056823443
promotion,Random Forest,0,50,-1,-1,leaf,,0.0,2,3.279268049461508,True,1.0,0.0,0.0
promotion,Random Forest,0,51,52,55,cat__department_Sales & Marketing,0.5,0.4697313693660542,11,18.847448208219983,False,0.3769783949179131,0.6230216050820869,0.6230216050820869
promotion,Random Forest,0,52,53,54,cat__department_Procurement,0.5,5.551115123125783e-16,7,6.011991424012764,False,1.0,0.0,0.0
promotion,Random Forest,0,53,-1,-1,leaf,,0.0,4,3.825812724371759,True,1.0,0.0,0.0
promotion,Random Forest,0,54,-1,-1,leaf,,0.0,3,2.186178699641005,True,1.0,0.0,0.0
promotion,Random Forest,0,55,56,57,num__avg_training_score,57.5,0.15581837355884387,4,12.835456784207219,False,0.08516170232176253,0.9148382976782374,0.9148382976782374
promotion,Random Forest,0,56,-1,-1,leaf,,0.0,2,1.0930893498205025,True,1.0,0.0,0.0
promotion,Random Forest,0,57,-1,-1,leaf,,0.0,2,11.742367434386717,True,0.0,1.0,1.0
promotion,Random Forest,0,58,-1,-1,leaf,,0.0,3,3.825812724371759,True,1.0,0.0,0.0
promotion,Random Forest,0,59,60,67,num__age,22.5,0.30500104807516704,1713,1782.4543157173357,False,0.8122490607870857,0.1877509392129026,0.1877509392129048
promotion,Random Forest,0,60,61,62,cat__department_Sales & Marketing,0.5,0.4041480297839446,17,40.833356759082065,False,0.28107995727200386,0.7189200427279963,0.7189200427279963
promotion,Random Forest,0,61,-1,-1,leaf,,0.0,2,3.279268049461508,True,1.0,0.0,0.0
promotion,Random Forest,0,62,63,66,num__avg_training_score,57.0,0.34129359726386654,15,37.554088709620565,False,0.21830299723272398,0.7816970027672758,0.781697002767276
promotion,Random Forest,0,63,64,65,num__age,20.5,8.881784197001252e-16,12,8.19817012365377,False,1.0,0.0,0.0
promotion,Random Forest,0,64,-1,-1,leaf,,0.0,2,1.639634024730754,True,1.0,0.0,0.0
promotion,Random Forest,0,65,-1,-1,leaf,,0.0,10,6.558536098923015,True,1.0,0.0,0.0
promotion,Random Forest,0,66,-1,-1,leaf,,0.0,3,29.35591858596679,True,0.0,1.0,1.0
promotion,Random Forest,0,67,68,69,num__avg_training_score,57.5,0.28913638896755034,1696,1741.6209589582518,False,0.8247026416834751,0.17529735831651355,0.17529735831651555
promotion,Random Forest,0,68,-1,-1,leaf,,0.0,741,632.898733546071,True,1.0,0.0,0.0
promotion,Random Forest,0,69,70,179,cat__department_Operations,0.5,0.399076821530328,955,1108.7222254121289,False,0.7246365714545189,0.2753634285454766,0.27536342854547785
promotion,Random Forest,0,70,71,178,cat__department_HR,0.5,0.42976240818521105,699,845.180256703298,False,0.6874000958041192,0.3125999041958811,0.312599904195881
promotion,Random Forest,0,71,72,177,cat__region_region_6,0.5,0.40999756217705696,697,815.8243381173311,False,0.7121349073384,0.2878650926616005,0.2878650926616004
promotion,Random Forest,0,72,73,154,cat__region_region_22,0.5,0.41793031544600057,670,789.5901937216393,False,0.7025705859126629,0.2974294140873374,0.29742941408733736
promotion,Random Forest,0,73,74,153,cat__region_region_14,0.5,0.4210496174358638,537,643.0087854436072,False,0.6986836462370968,0.30131635376290355,0.30131635376290344
promotion,Random Forest,0,74,75,146,num__length_of_service,8.5,0.4100521128435224,519,611.7316174192708,False,0.7120706098879303,0.28792939011207,0.28792939011206997
promotion,Random Forest,0,75,76,99,cat__gender_m,0.5,0.3979674849834266,498,578.2682706952937,False,0.7258677876729803,0.2741322123270196,0.2741322123270196
promotion,Random Forest,0,76,77,96,cat__department_Sales & Marketing,0.5,0.4514923166179775,169,221.7062718496405,False,0.6557364494619397,0.34426355053806035,0.34426355053806035
promotion,Random Forest,0,77,78,79,cat__department_Technology,0.5,0.279553032315654,165,174.7368021120936,False,0.8319992226529649,0.1680007773470352,0.1680007773470352
promotion,Random Forest,0,78,-1,-1,leaf,,0.0,79,74.33007578779417,True,1.0,0.0,0.0
promotion,Random Forest,0,79,80,95,cat__region_region_13,0.5,0.41377959937333697,86,100.40672632429946,False,0.7076299600571445,0.2923700399428555,0.2923700399428555
promotion,Random Forest,0,80,81,88,cat__region_region_5,0.5,0.4395146536297343,73,90.02237750100468,False,0.6739042069218937,0.32609579307810627,0.32609579307810627
promotion,Random Forest,0,81,82,87,num__age,28.5,0.19391240807492316,55,53.96711510929546,False,0.8912081235896546,0.10879187641034545,0.10879187641034545
promotion,Random Forest,0,82,83,84,num__previous_year_rating,2.0,0.44089230983230954,16,17.895166565218886,False,0.6719123180107966,0.32808768198920335,0.32808768198920335
promotion,Random Forest,0,83,-1,-1,leaf,,0.0,2,2.186178699641005,True,1.0,0.0,0.0
promotion,Random Forest,0,84,85,86,num__length_of_service,1.5,0.46812025162388604,14,15.70898786557788,False,0.6262532145652417,0.3737467854347583,0.3737467854347583
promotion,Random Forest,0,85,-1,-1,leaf,,0.4598831646567927,6,9.150451766654866,True,0.35837225670228423,0.6416277432977158,0.6416277432977158
promotion,Random Forest,0,86,-1,-1,leaf,,-2.220446049250313e-16,8,6.558536098923015,True,1.0,0.0,0.0
promotion,Random Forest,0,87,-1,-1,leaf,,-4.440892098500626e-16,39,36.071948544076584,True,1.0,0.0,0.0
promotion,Random Forest,0,88,89,92,num__age,27.5,0.45418400911562895,18,36.05526239170921,False,0.34864612511671333,0.6513538748832867,0.6513538748832867
promotion,Random Forest,0,89,90,91,num__avg_training_score,80.0,0.26464259482182684,9,27.857092268055442,False,0.15695670449768812,0.8430432955023119,0.8430432955023119
promotion,Random Forest,0,90,-1,-1,leaf,,0.0,3,2.186178699641005,True,1.0,0.0,0.0
promotion,Random Forest,0,91,-1,-1,leaf,,0.1558183735588441,6,25.670913568414438,True,0.08516170232176253,0.9148382976782374,0.9148382976782374
promotion,Random Forest,0,92,93,94,num__age,29.5,8.881784197001252e-16,9,8.19817012365377,False,1.0,0.0,0.0
promotion,Random Forest,0,93,-1,-1,leaf,,0.0,2,3.2792680494615074,True,1.0,0.0,0.0
promotion,Random Forest,0,94,-1,-1,leaf,,0.0,7,4.918902074192261,True,1.0,0.0,0.0
promotion,Random Forest,0,95,-1,-1,leaf,,0.0,13,10.384348823294774,True,1.0,0.0,0.0
promotion,Random Forest,0,96,97,98,num__length_of_service,6.5,1.2212453270876722e-15,4,46.96946973754687,False,0.0,1.0,1.0
promotion,Random Forest,0,97,-1,-1,leaf,,0.0,2,29.35591858596679,True,0.0,1.0,1.0
promotion,Random Forest,0,98,-1,-1,leaf,,0.0,2,17.613551151580076,True,0.0,1.0,1.0
promotion,Random Forest,0,99,100,105,num__avg_training_score,60.5,0.3547668032214297,329,356.5619988456531,False,0.7694746711460752,0.23052532885392507,0.23052532885392502
promotion,Random Forest,0,100,101,104,num__age,28.5,0.34129359726386665,9,30.04327096769645,False,0.21830299723272398,0.7816970027672759,0.781697002767276
promotion,Random Forest,0,101,102,103,num__age,27.0,0.15581837355884443,5,25.670913568414438,False,0.08516170232176253,0.9148382976782374,0.9148382976782374
promotion,Random Forest,0,102,-1,-1,leaf,,0.26464259482182684,2,6.964273067013861,True,0.15695670449768812,0.8430432955023119,0.8430432955023119
promotion,Random Forest,0,103,-1,-1,leaf,,0.11003756798143471,3,18.706640501400578,True,0.058433225877124344,0.9415667741228757,0.9415667741228757
promotion,Random Forest,0,104,-1,-1,leaf,,-4.440892098500626e-16,4,4.37235739928201,True,1.0,0.0,0.0
promotion,Random Forest,0,105,106,143,cat__region_region_10,0.5,0.29495870751380926,320,326.5187278779566,False,0.8201884542626348,0.17981154573736546,0.17981154573736544
promotion,Random Forest,0,106,107,126,cat__department_Analytics,0.5,0.28025249612379644,311,313.54246338693,False,0.8314720982799333,0.16852790172006693,0.1685279017200669
promotion,Random Forest,0,107,108,125,num__age,30.5,0.32050260942955344,199,205.06168849342887,False,0.7995808660198832,0.20041913398011688,0.20041913398011688
promotion,Random Forest,0,108,109,112,num__previous_year_rating,2.5,0.439908174978928,107,125.81271063144246,False,0.6733375680876361,0.3266624319123638,0.3266624319123638
promotion,Random Forest,0,109,110,111,num__length_of_service,3.5,0.4553681655988623,24,45.20571415836408,False,0.35061486954663484,0.6493851304533651,0.6493851304533651
promotion,Random Forest,0,110,-1,-1,leaf,,0.0,8,6.558536098923015,True,1.0,0.0,0.0
promotion,Random Forest,0,111,-1,-1,leaf,,0.3652285193927476,16,38.64717805944106,True,0.24041236488687234,0.7595876351131277,0.7595876351131277
promotion,Random Forest,0,112,113,124,cat__region_region_28,0.5,0.2489065904510529,83,80.60699647307837,False,0.8543257043660162,0.1456742956339839,0.1456742956339839
promotion,Random Forest,0,113,114,123,cat__region_region_23,0.5,0.25462932915691183,80,78.42081777343736,False,0.8502646648201101,0.14973533517988996,0.14973533517988996
promotion,Random Forest,0,114,115,122,num__previous_year_rating,3.5,0.26214528348671906,76,75.68809439888611,False,0.8448584611933428,0.15514153880665713,0.15514153880665713
promotion,Random Forest,0,115,116,117,cat__department_Technology,0.5,0.19565166288107028,57,53.42057043438521,False,0.8900950763076418,0.1099049236923583,0.10990492369235827
promotion,Random Forest,0,116,-1,-1,leaf,,0.0,27,25.687599720781808,True,1.0,0.0,0.0
promotion,Random Forest,0,117,118,119,num__age,29.5,0.33377095274118274,30,27.732970713603407,False,0.7882958959635197,0.21170410403648035,0.21170410403648035
promotion,Random Forest,0,118,-1,-1,leaf,,0.0,23,16.94288492221779,True,1.0,0.0,0.0
promotion,Random Forest,0,119,120,121,num__length_of_service,5.0,0.4961055060456645,7,10.79008579138562,False,0.45587237852356277,0.5441276214764372,0.5441276214764372
promotion,Random Forest,0,120,-1,-1,leaf,,0.0,5,4.37235739928201,True,1.0,0.0,0.0
promotion,Random Forest,0,121,-1,-1,leaf,,0.1558183735588441,2,6.4177283921036095,True,0.08516170232176253,0.9148382976782374,0.9148382976782374
promotion,Random Forest,0,122,-1,-1,leaf,,0.3882922577336121,19,22.267523964500896,True,0.7363342360581601,0.26366576394184,0.26366576394184
promotion,Random Forest,0,123,-1,-1,leaf,,0.0,4,2.7327233745512562,True,1.0,0.0,0.0
promotion,Random Forest,0,124,-1,-1,leaf,,0.0,3,2.186178699641005,True,1.0,0.0,0.0
promotion,Random Forest,0,125,-1,-1,leaf,,0.0,92,79.24897786198643,True,1.0,0.0,0.0
promotion,Random Forest,0,126,127,140,cat__region_region_4,0.5,0.19305410366314912,112,108.48077489350118,False,0.89175623564715,0.10824376435285007,0.10824376435285007
promotion,Random Forest,0,127,128,139,cat__region_region_13,0.5,0.11122790237675129,106,99.33032312684632,False,0.9408923324482115,0.05910766755178847,0.05910766755178848
promotion,Random Forest,0,128,129,138,cat__region_region_5,0.5,0.11727379633397306,100,93.86487637774381,False,0.9374506850297682,0.0625493149702317,0.0625493149702317
promotion,Random Forest,0,129,130,131,cat__region_region_28,0.5,0.12122567778027127,96,90.5856083282823,False,0.9351863521640635,0.06481364783593642,0.06481364783593642
promotion,Random Forest,0,130,-1,-1,leaf,,0.0,83,73.78353111288392,True,1.0,0.0,0.0
promotion,Random Forest,0,131,132,137,num__previous_year_rating,3.5,0.4546585644897586,13,16.802077215398384,False,0.6505679838316258,0.3494320161683741,0.3494320161683741
promotion,Random Forest,0,132,133,134,num__age,29.5,0.4954790627121378,9,12.976264491026624,False,0.547544386040111,0.45245561395988904,0.45245561395988904
promotion,Random Forest,0,133,-1,-1,leaf,,0.0,4,3.825812724371759,True,1.0,0.0,0.0
promotion,Random Forest,0,134,135,136,num__avg_training_score,85.5,0.45988316465679246,5,9.150451766654866,False,0.35837225670228423,0.6416277432977158,0.6416277432977158
promotion,Random Forest,0,135,-1,-1,leaf,,0.3954171736469343,3,8.057362416834364,True,0.2713268420287749,0.7286731579712251,0.7286731579712251
promotion,Random Forest,0,136,-1,-1,leaf,,0.0,2,1.0930893498205025,True,1.0,0.0,0.0
promotion,Random Forest,0,137,-1,-1,leaf,,0.0,4,3.825812724371759,True,1.0,0.0,0.0
promotion,Random Forest,0,138,-1,-1,leaf,,0.0,4,3.279268049461508,True,1.0,0.0,0.0
promotion,Random Forest,0,139,-1,-1,leaf,,0.0,6,5.4654467491025125,True,1.0,0.0,0.0
promotion,Random Forest,0,140,141,142,num__length_of_service,5.5,0.4598831646567929,6,9.150451766654866,False,0.3583722567022842,0.6416277432977158,0.6416277432977158
promotion,Random Forest,0,141,-1,-1,leaf,,0.0,3,2.186178699641005,True,1.0,0.0,0.0
promotion,Random Forest,0,142,-1,-1,leaf,,0.26464259482182706,3,6.964273067013861,True,0.15695670449768812,0.8430432955023119,0.8430432955023119
promotion,Random Forest,0,143,144,145,cat__department_Technology,0.5,0.4954790627121356,9,12.976264491026624,False,0.547544386040111,0.45245561395988904,0.45245561395988904
promotion,Random Forest,0,144,-1,-1,leaf,,0.4598831646567927,4,9.150451766654866,True,0.35837225670228423,0.6416277432977158,0.6416277432977158
promotion,Random Forest,0,145,-1,-1,leaf,,-4.440892098500626e-16,5,3.825812724371759,True,1.0,0.0,0.0
promotion,Random Forest,0,146,147,148,cat__gender_m,0.5,0.49861098140793947,21,33.46334672397736,False,0.4736464557216716,0.5263535442783285,0.5263535442783285
promotion,Random Forest,0,147,-1,-1,leaf,,0.0,7,6.558536098923016,True,1.0,0.0,0.0
promotion,Random Forest,0,148,149,152,cat__region_region_29,0.5,0.4521594690580427,14,26.904810625054346,False,0.34533822233344574,0.6546617776665543,0.6546617776665543
promotion,Random Forest,0,149,150,151,cat__region_region_32,0.5,0.48632241594034,12,14.069353840847127,False,0.5826969892428373,0.4173030107571628,0.4173030107571628
promotion,Random Forest,0,150,-1,-1,leaf,,-2.220446049250313e-16,10,7.651625448743517,True,1.0,0.0,0.0
promotion,Random Forest,0,151,-1,-1,leaf,,0.1558183735588441,2,6.4177283921036095,True,0.08516170232176253,0.9148382976782374,0.9148382976782374
promotion,Random Forest,0,152,-1,-1,leaf,,0.1558183735588441,2,12.835456784207219,True,0.08516170232176253,0.9148382976782374,0.9148382976782374
promotion,Random Forest,0,153,-1,-1,leaf,,0.4920256572707262,18,31.277168024336355,True,0.4368559475117696,0.5631440524882305,0.5631440524882305
promotion,Random Forest,0,154,155,164,num__length_of_service,3.5,0.40353285723955723,133,146.581408278032,False,0.7196214274159565,0.28037857258404353,0.28037857258404353
promotion,Random Forest,0,155,156,157,num__previous_year_rating,2.5,0.46547693126905554,71,79.6380286777099,False,0.631383158606696,0.3686168413933041,0.3686168413933041
promotion,Random Forest,0,156,-1,-1,leaf,,0.0,17,14.756706222576783,True,1.0,0.0,0.0
promotion,Random Forest,0,157,158,161,cat__gender_m,0.5,0.4954790627121376,54,64.88132245513313,False,0.5475443860401109,0.452455613959889,0.45245561395988904
promotion,Random Forest,0,158,159,160,num__age,27.5,0.40078893098540147,22,21.174434614680393,False,0.7227229995022949,0.27727700049770504,0.27727700049770504
promotion,Random Forest,0,159,-1,-1,leaf,,0.0,10,6.558536098923015,True,1.0,0.0,0.0
promotion,Random Forest,0,160,-1,-1,leaf,,0.4806736088687469,12,14.615898515757378,True,0.5983015542381029,0.40169844576189717,0.40169844576189717
promotion,Random Forest,0,161,162,163,cat__department_Legal,0.5,0.49721392321535596,32,43.70688784045273,False,0.4626765704640898,0.5373234295359102,0.5373234295359102
promotion,Random Forest,0,162,-1,-1,leaf,,0.4739544321438054,24,38.24144109135022,True,0.3858825870951444,0.6141174129048556,0.6141174129048556
promotion,Random Forest,0,163,-1,-1,leaf,,0.0,8,5.4654467491025125,True,1.0,0.0,0.0
promotion,Random Forest,0,164,165,176,num__previous_year_rating,2.5,0.28927935150102646,62,66.94337960032209,False,0.8245925511306241,0.17540744886937587,0.17540744886937587
promotion,Random Forest,0,165,166,167,num__length_of_service,4.5,0.4614583729927263,24,32.511065080976266,False,0.6388193556520017,0.36118064434799835,0.36118064434799835
promotion,Random Forest,0,166,-1,-1,leaf,,0.0,7,6.558536098923015,True,1.0,0.0,0.0
promotion,Random Forest,0,167,168,175,cat__department_R&D,0.5,0.4954790627121378,17,25.95252898205325,False,0.5475443860401109,0.45245561395988904,0.45245561395988904
promotion,Random Forest,0,168,169,174,cat__department_Analytics,0.5,0.49935954122161175,14,22.67326093259174,False,0.4821050457057274,0.5178949542942726,0.5178949542942726
promotion,Random Forest,0,169,170,173,cat__department_Technology,0.5,0.4598831646567927,9,18.300903533309732,False,0.3583722567022842,0.6416277432977158,0.6416277432977158
promotion,Random Forest,0,170,171,172,num__age,28.5,0.34129359726386665,6,15.021635483848225,False,0.21830299723272398,0.7816970027672759,0.781697002767276
promotion,Random Forest,0,171,-1,-1,leaf,,0.0,2,11.742367434386717,True,0.0,1.0,1.0
promotion,Random Forest,0,172,-1,-1,leaf,,7.771561172376096e-16,4,3.279268049461508,True,1.0,0.0,0.0
promotion,Random Forest,0,173,-1,-1,leaf,,-2.220446049250313e-16,3,3.279268049461508,True,1.0,0.0,0.0
promotion,Random Forest,0,174,-1,-1,leaf,,0.0,5,4.37235739928201,True,1.0,0.0,0.0
promotion,Random Forest,0,175,-1,-1,leaf,,0.0,3,3.279268049461508,True,1.0,0.0,0.0
promotion,Random Forest,0,176,-1,-1,leaf,,0.0,38,34.43231451934583,True,1.0,0.0,0.0
promotion,Random Forest,0,177,-1,-1,leaf,,0.0,27,26.23414439569206,True,1.0,0.0,0.0
promotion,Random Forest,0,178,-1,-1,leaf,,-5.773159728050814e-15,2,29.35591858596679,True,0.0,1.0,1.0
promotion,Random Forest,0,179,180,207,cat__region_region_15,0.5,0.2632535343857828,256,263.5419687088258,False,0.8440541131960619,0.15594588680393798,0.155945886803938
promotion,Random Forest,0,180,181,206,cat__region_region_6,0.5,0.25078662618395176,233,239.6348107195941,False,0.8529967236505521,0.147003276349448,0.147003276349448
promotion,Random Forest,0,181,182,205,cat__region_region_29,0.5,0.2631793744707389,218,225.97119384683782,False,0.8441079957871228,0.1558920042128773,0.1558920042128773
promotion,Random Forest,0,182,183,200,cat__gender_m,0.5,0.27508510627649396,204,213.9472109988123,False,0.8353467561521253,0.16465324384787475,0.16465324384787475
promotion,Random Forest,0,183,184,199,cat__region_region_28,0.5,0.3140077171183122,87,90.30399291464349,False,0.8049526872169581,0.195047312783042,0.195047312783042
promotion,Random Forest,0,184,185,198,cat__region_region_16,0.5,0.31986363364989856,85,88.11781421500248,False,0.8001136171103382,0.19988638288966187,0.19988638288966187
promotion,Random Forest,0,185,186,191,num__previous_year_rating,3.5,0.3353813847401843,79,82.65236746589997,False,0.7868959874761371,0.21310401252386302,0.21310401252386302
promotion,Random Forest,0,186,187,190,cat__region_region_19,0.5,0.19922351582630293,55,52.32748108456471,False,0.8877992290952219,0.11220077090477817,0.11220077090477817
promotion,Random Forest,0,187,188,189,cat__region_region_17,0.5,0.20873716193119574,51,49.594757710013454,False,0.8816168484676773,0.11838315153232282,0.11838315153232282
promotion,Random Forest,0,188,-1,-1,leaf,,-4.440892098500626e-16,48,42.08393996808935,True,1.0,0.0,0.0
promotion,Random Forest,0,189,-1,-1,leaf,,0.3412935972638671,3,7.510817741924113,True,0.218302997232724,0.7816970027672759,0.7816970027672759
promotion,Random Forest,0,190,-1,-1,leaf,,0.0,4,2.7327233745512562,True,1.0,0.0,0.0
promotion,Random Forest,0,191,192,193,num__age,33.5,0.47456082148503653,24,30.324886381335258,False,0.6127811564822859,0.3872188435177141,0.3872188435177141
promotion,Random Forest,0,192,-1,-1,leaf,,0.0,12,10.384348823294774,True,1.0,0.0,0.0
promotion,Random Forest,0,193,194,197,num__avg_training_score,67.0,0.484204547785377,12,19.940537558040486,False,0.4111308483932058,0.5888691516067942,0.5888691516067942
promotion,Random Forest,0,194,195,196,num__avg_training_score,58.5,4.440892098500626e-16,10,8.19817012365377,False,1.0,0.0,0.0
promotion,Random Forest,0,195,-1,-1,leaf,,0.0,3,2.186178699641005,True,1.0,0.0,0.0
promotion,Random Forest,0,196,-1,-1,leaf,,0.0,7,6.011991424012764,True,1.0,0.0,0.0
promotion,Random Forest,0,197,-1,-1,leaf,,-2.220446049250313e-16,2,11.742367434386717,True,0.0,1.0,1.0
promotion,Random Forest,0,198,-1,-1,leaf,,0.0,6,5.4654467491025125,True,1.0,0.0,0.0
promotion,Random Forest,0,199,-1,-1,leaf,,0.0,2,2.186178699641005,True,1.0,0.0,0.0
promotion,Random Forest,0,200,201,204,num__length_of_service,3.5,0.24432264301003837,117,123.64321808416881,False,0.8575453516618289,0.14245464833817117,0.14245464833817117
promotion,Random Forest,0,201,202,203,cat__region_region_26,0.5,0.3763247919296989,55,70.0818399429642,False,0.7486716791979949,0.25132832080200507,0.25132832080200507
promotion,Random Forest,0,202,-1,-1,leaf,,0.40292114991462147,48,62.97675916913093,True,0.7203166472209697,0.2796833527790303,0.2796833527790303
promotion,Random Forest,0,203,-1,-1,leaf,,0.0,7,7.105080773833267,True,1.0,0.0,0.0
promotion,Random Forest,0,204,-1,-1,leaf,,-2.220446049250313e-16,62,53.56137814120462,True,1.0,0.0,0.0
promotion,Random Forest,0,205,-1,-1,leaf,,0.0,14,12.023982848025527,True,1.0,0.0,0.0
promotion,Random Forest,0,206,-1,-1,leaf,,0.0,15,13.66361687275628,True,1.0,0.0,0.0
promotion,Random Forest,0,207,208,209,num__previous_year_rating,2.5,0.37054364550176044,23,23.90715798923165,False,0.7544173289088616,0.24558267109113843,0.24558267109113843
promotion,Random Forest,0,208,-1,-1,leaf,,0.0,8,7.651625448743517,True,1.0,0.0,0.0
promotion,Random Forest,0,209,210,213,num__avg_training_score,63.0,0.4614583729927261,15,16.255532540488133,False,0.6388193556520017,0.36118064434799835,0.36118064434799835
promotion,Random Forest,0,210,211,212,num__previous_year_rating,3.5,3.3306690738754696e-16,13,9.837804148384523,False,1.0,0.0,0.0
promotion,Random Forest,0,211,-1,-1,leaf,,0.0,6,3.825812724371759,True,1.0,0.0,0.0
promotion,Random Forest,0,212,-1,-1,leaf,,0.0,7,6.011991424012764,True,1.0,0.0,0.0
promotion,Random Forest,0,213,-1,-1,leaf,,0.15581837355884387,2,6.4177283921036095,True,0.08516170232176253,0.9148382976782374,0.9148382976782374
promotion,Random Forest,0,214,215,520,cat__region_region_5,0.5,0.32963422195459746,2788,3018.2565211223973,False,0.7918610782935968,0.20813892170638768,0.20813892170639092
promotion,Random Forest,0,215,216,519,cat__region_region_23,0.5,0.33667027627529955,2685,2932.449007161476,False,0.7857706455575061,0.21422935444247818,0.21422935444248156
promotion,Random Forest,0,216,217,488,cat__region_region_15,0.5,0.3457753000734882,2565,2825.8727955539666,False,0.7776911053009425,0.22230889469904017,0.22230889469904402
promotion,Random Forest,0,217,218,465,cat__region_region_26,0.5,0.33738726961278953,2359,2568.6411198351266,False,0.7851427102235132,0.21485728977647117,0.2148572897764745
promotion,Random Forest,0,218,219,440,cat__department_Operations,0.5,0.3492139544889359,2153,2370.121281288236,False,0.774577899248162,0.22542210075182242,0.22542210075182592
promotion,Random Forest,0,219,220,439,cat__region_region_3,0.5,0.34098182380636066,1729,1885.0138484365407,False,0.7819735592157954,0.21802644078419392,0.21802644078419625
promotion,Random Forest,0,220,221,260,num__previous_year_rating,2.5,0.3374854453258579,1707,1857.4216854297542,False,0.7850566212826385,0.2149433787173511,0.21494337871735333
promotion,Random Forest,0,221,222,223,num__length_of_service,2.5,0.1305040851126147,542,501.9762546765146,False,0.9298231699707366,0.0701768300292637,0.07017683002926368
promotion,Random Forest,0,222,-1,-1,leaf,,0.0,98,82.52824591144794,True,1.0,0.0,0.0
promotion,Random Forest,0,223,224,237,cat__gender_m,0.5,0.15386209251252447,444,419.44800876506673,False,0.916015569112188,0.0839844308878121,0.0839844308878121
promotion,Random Forest,0,224,225,236,cat__department_HR,0.5,0.10525603558319585,114,105.34231455085909,False,0.9442656662498263,0.055734333750173684,0.055734333750173684
promotion,Random Forest,0,225,226,227,cat__department_Sales & Marketing,0.5,0.11065727002894454,106,99.87686780175657,False,0.9412157805264083,0.05878421947359166,0.05878421947359166
promotion,Random Forest,0,226,-1,-1,leaf,,0.0,59,53.56137814120462,True,1.0,0.0,0.0
promotion,Random Forest,0,227,228,235,num__age,31.5,0.22139129115891287,47,46.31548966055195,False,0.8732349855259333,0.1267650144740668,0.1267650144740668
promotion,Random Forest,0,228,229,230,cat__education_Bachelor's,0.5,0.35938567871357385,25,25.00024733905215,False,0.7651549747661035,0.23484502523389658,0.23484502523389658
promotion,Random Forest,0,229,-1,-1,leaf,,0.0,2,1.0930893498205025,True,1.0,0.0,0.0
promotion,Random Forest,0,230,231,232,cat__region_region_16,0.5,0.37054364550176033,23,23.90715798923165,False,0.7544173289088616,0.24558267109113843,0.24558267109113843
promotion,Random Forest,0,231,-1,-1,leaf,,0.0,18,15.303250897487034,True,1.0,0.0,0.0
promotion,Random Forest,0,232,233,234,num__age,29.5,0.4334708659252017,5,8.603907091744615,False,0.31761423565036917,0.6823857643496308,0.6823857643496308
promotion,Random Forest,0,233,-1,-1,leaf,,0.0,2,1.639634024730754,True,1.0,0.0,0.0
promotion,Random Forest,0,234,-1,-1,leaf,,0.26464259482182706,3,6.964273067013861,True,0.15695670449768812,0.8430432955023119,0.8430432955023119
promotion,Random Forest,0,235,-1,-1,leaf,,0.0,22,21.3152423214998,True,1.0,0.0,0.0
promotion,Random Forest,0,236,-1,-1,leaf,,0.0,8,5.4654467491025125,True,1.0,0.0,0.0
promotion,Random Forest,0,237,238,257,cat__department_Analytics,0.5,0.16944838804763251,330,314.1056942142077,False,0.9065412721682555,0.09345872783174447,0.09345872783174447
promotion,Random Forest,0,238,239,242,num__avg_training_score,64.5,0.08715960656417487,286,257.14092646908955,False,0.9543348948935273,0.0456651051064726,0.045665105106472606
promotion,Random Forest,0,239,240,241,cat__region_region_33,0.5,4.440892098500626e-16,191,159.59104507379337,False,1.0,0.0,0.0
promotion,Random Forest,0,240,-1,-1,leaf,,0.0,189,157.40486637415236,True,1.0,0.0,0.0
promotion,Random Forest,0,241,-1,-1,leaf,,0.0,2,2.186178699641005,True,1.0,0.0,0.0
promotion,Random Forest,0,242,243,244,num__age,25.5,0.2117666126453729,95,97.54988139529615,False,0.8796270455029694,0.1203729544970306,0.1203729544970306
promotion,Random Forest,0,243,-1,-1,leaf,,0.26464259482182684,3,6.964273067013861,True,0.15695670449768812,0.8430432955023119,0.8430432955023119
promotion,Random Forest,0,244,245,256,num__previous_year_rating,1.5,0.12122567778027105,92,90.5856083282823,False,0.9351863521640635,0.06481364783593642,0.06481364783593642
promotion,Random Forest,0,245,246,253,num__age,31.5,0.17518720812785882,59,60.525651208218484,False,0.9029967691385014,0.09700323086149859,0.09700323086149859
promotion,Random Forest,0,246,247,252,cat__department_R&D,0.5,0.3436373465319783,24,26.639881363782905,False,0.7796092393573768,0.22039076064262325,0.22039076064262325
promotion,Random Forest,0,247,248,251,cat__region_region_22,0.5,0.3648975905424052,22,24.4537026641419,False,0.7599061460004309,0.24009385399956906,0.24009385399956906
promotion,Random Forest,0,248,249,250,cat__department_Procurement,0.5,0.40078893098540136,18,21.174434614680393,False,0.7227229995022949,0.27727700049770504,0.27727700049770504
promotion,Random Forest,0,249,-1,-1,leaf,,0.4863224159403402,12,14.069353840847128,True,0.5826969892428372,0.41730301075716275,0.41730301075716275
promotion,Random Forest,0,250,-1,-1,leaf,,0.0,6,7.105080773833267,True,1.0,0.0,0.0
promotion,Random Forest,0,251,-1,-1,leaf,,0.0,4,3.279268049461508,True,1.0,0.0,0.0
promotion,Random Forest,0,252,-1,-1,leaf,,0.0,2,2.186178699641005,True,1.0,0.0,0.0
promotion,Random Forest,0,253,254,255,cat__region_region_29,0.5,4.440892098500626e-16,35,33.88576984443558,False,1.0,0.0,0.0
promotion,Random Forest,0,254,-1,-1,leaf,,0.0,33,32.79268049461508,True,1.0,0.0,0.0
promotion,Random Forest,0,255,-1,-1,leaf,,0.0,2,1.0930893498205025,True,1.0,0.0,0.0
promotion,Random Forest,0,256,-1,-1,leaf,,0.0,33,30.059957120063817,True,1.0,0.0,0.0
promotion,Random Forest,0,257,258,259,cat__region_region_16,0.5,0.4271913224259859,44,56.96476774511816,False,0.6907992106561421,0.309200789343858,0.309200789343858
promotion,Random Forest,0,258,-1,-1,leaf,,0.4408923098323093,41,53.68549969565665,True,0.6719123180107968,0.3280876819892034,0.32808768198920335
promotion,Random Forest,0,259,-1,-1,leaf,,0.0,3,3.279268049461508,True,1.0,0.0,0.0
promotion,Random Forest,0,260,261,424,cat__department_Procurement,0.5,0.39286761429982864,1165,1355.4454307532035,False,0.7314437142159753,0.26855628578401014,0.268556285784014
promotion,Random Forest,0,261,262,423,cat__region_region_18,0.5,0.4208868108115168,978,1169.9018566973473,False,0.6988883973343897,0.30111160266560183,0.3011116026656044
promotion,Random Forest,0,262,263,420,cat__department_HR,0.5,0.42189503058757927,974,1164.9829546231545,False,0.6976170152244309,0.30238298477556114,0.3023829847755636
promotion,Random Forest,0,263,264,399,num__previous_year_rating,3.5,0.4277874224744683,894,1079.5978637826981,False,0.6900165486550225,0.30998345134497357,0.3099834513449748
promotion,Random Forest,0,264,265,390,cat__region_region_4,0.5,0.43905565352047926,667,811.8410315337729,False,0.6745628060033447,0.3254371939966552,0.3254371939966552
promotion,Random Forest,0,265,266,371,cat__education_Master's & above,0.5,0.4452794682022071,627,772.0840779721439,False,0.6654093887870227,0.33459061121297756,0.3345906112129775
promotion,Random Forest,0,266,267,332,cat__department_Technology,0.5,0.42000675532630005,520,606.6719076382591,False,0.6999915556638577,0.3000084443361427,0.3000084443361426
promotion,Random Forest,0,267,268,331,cat__region_region_28,0.5,0.4092086439147129,404,470.61565589034143,False,0.7130626153097799,0.2869373846902203,0.28693738469022023
promotion,Random Forest,0,268,269,330,cat__region_region_10,0.5,0.42277825662807544,374,444.9280561695596,False,0.6964964928082997,0.30350350719170055,0.3035035071917005
promotion,Random Forest,0,269,270,329,cat__region_region_6,0.5,0.4295582034638288,364,432.35752864662385,False,0.6876723162005667,0.31232768379943354,0.3123276837994335
promotion,Random Forest,0,270,271,300,cat__region_region_22,0.5,0.4390955617204799,346,414.8680990494958,False,0.6745056421430549,0.3254943578569454,0.32549435785694536
promotion,Random Forest,0,271,272,299,num__age,32.5,0.30903965381125553,246,245.9117314048783,False,0.8089986619621063,0.19100133803789365,0.19100133803789365
promotion,Random Forest,0,272,273,274,num__avg_training_score,58.5,0.36212495035823156,190,197.8158000127762,False,0.7625595643294758,0.23744043567052422,0.23744043567052422
promotion,Random Forest,0,273,-1,-1,leaf,,-6.661338147750939e-16,134,108.76239030714,True,1.0,0.0,0.0
promotion,Random Forest,0,274,275,298,cat__department_Sales & Marketing,0.5,0.49849515341448514,56,89.05340970563623,False,0.47256966473486794,0.5274303352651319,0.527430335265132
promotion,Random Forest,0,275,276,297,cat__region_region_32,0.5,0.41598833630831333,52,59.69749111966942,False,0.7049532430722758,0.29504675692772414,0.29504675692772414
promotion,Random Forest,0,276,277,278,cat__department_Analytics,0.5,0.4546585644897586,39,50.40623164619515,False,0.6505679838316258,0.3494320161683741,0.3494320161683741
promotion,Random Forest,0,277,-1,-1,leaf,,0.0,11,10.384348823294774,True,1.0,0.0,0.0
promotion,Random Forest,0,278,279,296,num__age,29.5,0.4928235041745358,28,40.02188282290037,False,0.5599019858830414,0.4400980141169587,0.4400980141169587
promotion,Random Forest,0,279,280,293,cat__gender_f,0.5,0.49999374861243784,22,35.10298074870811,False,0.4982320368270065,0.5017679631729935,0.5017679631729935
promotion,Random Forest,0,280,281,292,cat__region_region_19,0.5,0.4984710044908853,17,24.859439632232746,False,0.5276495525200188,0.4723504474799812,0.4723504474799812
promotion,Random Forest,0,281,282,283,num__age,25.5,0.4999297966462749,15,23.766350282412244,False,0.5059246668144753,0.4940753331855246,0.4940753331855246
promotion,Random Forest,0,282,-1,-1,leaf,,0.0,3,3.825812724371759,True,1.0,0.0,0.0
promotion,Random Forest,0,283,284,289,cat__region_region_25,0.5,0.48420454778537736,12,19.940537558040486,False,0.4111308483932058,0.5888691516067942,0.5888691516067942
promotion,Random Forest,0,284,285,288,cat__region_region_29,0.5,0.49935954122161186,8,11.33663046629587,False,0.4821050457057274,0.5178949542942726,0.5178949542942726
promotion,Random Forest,0,285,286,287,num__avg_training_score,84.0,0.4598831646567927,6,9.150451766654866,False,0.3583722567022842,0.6416277432977158,0.6416277432977158
promotion,Random Forest,0,286,-1,-1,leaf,,0.0,3,1.639634024730754,True,1.0,0.0,0.0
promotion,Random Forest,0,287,-1,-1,leaf,,0.34129359726386677,3,7.510817741924113,True,0.218302997232724,0.7816970027672759,0.7816970027672759
promotion,Random Forest,0,288,-1,-1,leaf,,0.0,2,2.186178699641005,True,1.0,0.0,0.0
promotion,Random Forest,0,289,290,291,num__length_of_service,3.0,0.4334708659252017,4,8.603907091744615,False,0.31761423565036917,0.6823857643496308,0.6823857643496308
promotion,Random Forest,0,290,-1,-1,leaf,,0.0,2,2.186178699641005,True,1.0,0.0,0.0
promotion,Random Forest,0,291,-1,-1,leaf,,0.15581837355884443,2,6.4177283921036095,True,0.08516170232176253,0.9148382976782374,0.9148382976782374
promotion,Random Forest,0,292,-1,-1,leaf,,0.0,2,1.0930893498205025,True,1.0,0.0,0.0
promotion,Random Forest,0,293,294,295,num__age,28.5,0.489295351903807,5,10.243541116475368,False,0.42684042066758116,0.5731595793324189,0.5731595793324189
promotion,Random Forest,0,294,-1,-1,leaf,,0.0,3,3.825812724371759,True,1.0,0.0,0.0
promotion,Random Forest,0,295,-1,-1,leaf,,0.1558183735588441,2,6.4177283921036095,True,0.08516170232176253,0.9148382976782374,0.9148382976782374
promotion,Random Forest,0,296,-1,-1,leaf,,0.0,6,4.918902074192261,True,1.0,0.0,0.0
promotion,Random Forest,0,297,-1,-1,leaf,,0.0,13,9.291259473474272,True,1.0,0.0,0.0
promotion,Random Forest,0,298,-1,-1,leaf,,0.0,4,29.35591858596679,True,0.0,1.0,1.0
promotion,Random Forest,0,299,-1,-1,leaf,,0.0,56,48.09593139210211,True,1.0,0.0,0.0
promotion,Random Forest,0,300,301,328,cat__gender_f,0.5,0.49909725271798455,100,168.9563676446176,False,0.47875444420572594,0.521245555794274,0.521245555794274
promotion,Random Forest,0,301,302,311,cat__department_Analytics,0.5,0.4813759588257889,75,147.64112532311776,False,0.40350118867516743,0.5964988113248326,0.5964988113248326
promotion,Random Forest,0,302,303,304,num__age,28.5,0.48632241594033976,49,70.34676920423563,False,0.5826969892428373,0.4173030107571628,0.4173030107571628
promotion,Random Forest,0,303,-1,-1,leaf,,0.0,23,19.129063621858794,True,1.0,0.0,0.0
promotion,Random Forest,0,304,305,308,num__age,29.5,0.489295351903807,26,51.217705582376844,False,0.4268404206675811,0.5731595793324188,0.5731595793324189
promotion,Random Forest,0,305,306,307,num__length_of_service,2.0,0.18077167680352846,5,32.6351866354283,False,0.10048258911752571,0.8995174108824743,0.8995174108824743
promotion,Random Forest,0,306,-1,-1,leaf,,-8.881784197001252e-16,3,3.279268049461508,True,1.0,0.0,0.0
promotion,Random Forest,0,307,-1,-1,leaf,,0.0,2,29.35591858596679,True,0.0,1.0,1.0
promotion,Random Forest,0,308,309,310,cat__department_Sales & Marketing,0.5,3.3306690738754696e-16,21,18.582518946948543,False,1.0,0.0,0.0
promotion,Random Forest,0,309,-1,-1,leaf,,0.0,13,13.11707219784603,True,1.0,0.0,0.0
promotion,Random Forest,0,310,-1,-1,leaf,,0.0,8,5.4654467491025125,True,1.0,0.0,0.0
promotion,Random Forest,0,311,312,327,num__length_of_service,7.5,0.3652285193927476,26,77.29435611888212,False,0.24041236488687234,0.7595876351131277,0.7595876351131277
promotion,Random Forest,0,312,313,326,num__length_of_service,6.5,0.3536770905341179,24,76.20126676906163,False,0.2295162579138238,0.7704837420861761,0.7704837420861762
promotion,Random Forest,0,313,314,319,num__avg_training_score,82.5,0.38963985919203703,22,63.91235465976466,False,0.26509561433642503,0.734904385663575,0.734904385663575
promotion,Random Forest,0,314,315,316,num__age,25.5,0.15581837355884398,7,44.92409874472527,False,0.08516170232176253,0.9148382976782375,0.9148382976782375
promotion,Random Forest,0,315,-1,-1,leaf,,0.0,2,1.639634024730754,True,1.0,0.0,0.0
promotion,Random Forest,0,316,317,318,num__avg_training_score,81.5,0.09591251125736322,5,43.28446471999451,False,0.05050723657513865,0.9494927634248613,0.9494927634248613
promotion,Random Forest,0,317,-1,-1,leaf,,0.06922054883455675,3,30.449007935787293,True,0.03589901359432384,0.9641009864056762,0.9641009864056762
promotion,Random Forest,0,318,-1,-1,leaf,,0.15581837355884398,2,12.835456784207219,True,0.08516170232176253,0.9148382976782374,0.9148382976782374
promotion,Random Forest,0,319,320,323,num__avg_training_score,87.5,0.42719132242598634,15,18.98825591503939,False,0.690799210656142,0.3092007893438579,0.3092007893438579
promotion,Random Forest,0,320,321,322,num__age,25.5,3.3306690738754696e-16,10,9.837804148384523,False,1.0,0.0,0.0
promotion,Random Forest,0,321,-1,-1,leaf,,0.0,2,1.0930893498205025,True,1.0,0.0,0.0
promotion,Random Forest,0,322,-1,-1,leaf,,0.0,8,8.74471479856402,True,1.0,0.0,0.0
promotion,Random Forest,0,323,324,325,num__length_of_service,3.0,0.45988316465679246,5,9.150451766654866,False,0.35837225670228423,0.6416277432977158,0.6416277432977158
promotion,Random Forest,0,324,-1,-1,leaf,,0.0,3,2.186178699641005,True,1.0,0.0,0.0
promotion,Random Forest,0,325,-1,-1,leaf,,0.26464259482182684,2,6.964273067013861,True,0.15695670449768812,0.8430432955023119,0.8430432955023119
promotion,Random Forest,0,326,-1,-1,leaf,,0.08499325318400885,2,12.288912109296968,True,0.04447461826151171,0.9555253817384883,0.9555253817384883
promotion,Random Forest,0,327,-1,-1,leaf,,0.0,2,1.0930893498205025,True,1.0,0.0,0.0
promotion,Random Forest,0,328,-1,-1,leaf,,0.0,25,21.3152423214998,True,1.0,0.0,0.0
promotion,Random Forest,0,329,-1,-1,leaf,,0.0,18,17.48942959712804,True,1.0,0.0,0.0
promotion,Random Forest,0,330,-1,-1,leaf,,0.0,10,12.570527522935778,True,1.0,0.0,0.0
promotion,Random Forest,0,331,-1,-1,leaf,,0.0,30,25.687599720781808,True,1.0,0.0,0.0
promotion,Random Forest,0,332,333,340,cat__gender_m,0.5,0.45208689707614735,116,136.05625174791783,False,0.6547790407707914,0.34522095922920853,0.34522095922920853
promotion,Random Forest,0,333,334,339,cat__region_region_27,0.5,0.21917969625917855,50,46.8620343354622,False,0.8747134263279216,0.12528657367207852,0.12528657367207852
promotion,Random Forest,0,334,335,338,cat__region_region_22,0.5,0.23313143624389532,45,43.58276628600069,False,0.8652865750038623,0.13471342499613784,0.1347134249961378
promotion,Random Forest,0,335,336,337,cat__region_region_10,0.5,0.25462932915691183,38,39.21040888671868,False,0.8502646648201101,0.14973533517988996,0.14973533517988996
promotion,Random Forest,0,336,-1,-1,leaf,,-4.440892098500626e-16,36,32.79268049461508,True,1.0,0.0,0.0
promotion,Random Forest,0,337,-1,-1,leaf,,0.15581837355884487,2,6.4177283921036095,True,0.08516170232176253,0.9148382976782374,0.9148382976782374
promotion,Random Forest,0,338,-1,-1,leaf,,0.0,7,4.37235739928201,True,1.0,0.0,0.0
promotion,Random Forest,0,339,-1,-1,leaf,,0.0,5,3.2792680494615074,True,1.0,0.0,0.0
promotion,Random Forest,0,340,341,368,cat__region_region_6,0.5,0.496922482972719,66,89.19421741245561,False,0.5392270125505435,0.4607729874494566,0.4607729874494566
promotion,Random Forest,0,341,342,361,cat__region_region_22,0.5,0.4794833201306693,60,73.62603725369713,False,0.6012834632833282,0.39871653671667195,0.39871653671667195
promotion,Random Forest,0,342,343,360,cat__region_region_16,0.5,0.364897590542405,49,48.9074053282838,False,0.7599061460004309,0.24009385399956906,0.24009385399956906
promotion,Random Forest,0,343,344,359,cat__region_region_17,0.5,0.3913676914105214,43,43.98850325409154,False,0.7330582637340698,0.2669417362659302,0.2669417362659302
promotion,Random Forest,0,344,345,358,cat__region_region_19,0.5,0.4039923605235509,39,41.802324554450536,False,0.7190977401486025,0.28090225985139744,0.28090225985139744
promotion,Random Forest,0,345,346,357,cat__region_region_12,0.5,0.4170969950580604,36,39.61614585480953,False,0.703596420575043,0.296403579424957,0.296403579424957
promotion,Random Forest,0,346,347,356,cat__region_region_13,0.5,0.42719132242598623,34,37.97651183007878,False,0.690799210656142,0.3092007893438579,0.3092007893438579
promotion,Random Forest,0,347,348,351,num__age,31.0,0.4614583729927263,26,32.511065080976266,False,0.6388193556520017,0.36118064434799835,0.36118064434799835
promotion,Random Forest,0,348,349,350,cat__region_region_32,0.5,5.551115123125783e-16,17,14.756706222576783,False,1.0,0.0,0.0
promotion,Random Forest,0,349,-1,-1,leaf,,0.0,15,13.66361687275628,True,1.0,0.0,0.0
promotion,Random Forest,0,350,-1,-1,leaf,,0.0,2,1.0930893498205025,True,1.0,0.0,0.0
promotion,Random Forest,0,351,352,355,num__avg_training_score,82.0,0.44791337032217104,9,17.75435885839948,False,0.33862058731388806,0.6613794126861119,0.6613794126861119
promotion,Random Forest,0,352,353,354,cat__region_region_14,0.5,8.881784197001252e-16,5,4.37235739928201,False,1.0,0.0,0.0
promotion,Random Forest,0,353,-1,-1,leaf,,0.0,3,3.279268049461508,True,1.0,0.0,0.0
promotion,Random Forest,0,354,-1,-1,leaf,,0.0,2,1.0930893498205025,True,1.0,0.0,0.0
promotion,Random Forest,0,355,-1,-1,leaf,,0.2150257334649185,4,13.38200145911747,True,0.12252532102465383,0.8774746789753463,0.8774746789753463
promotion,Random Forest,0,356,-1,-1,leaf,,0.0,8,5.4654467491025125,True,1.0,0.0,0.0
promotion,Random Forest,0,357,-1,-1,leaf,,0.0,2,1.639634024730754,True,1.0,0.0,0.0
promotion,Random Forest,0,358,-1,-1,leaf,,0.0,3,2.186178699641005,True,1.0,0.0,0.0
promotion,Random Forest,0,359,-1,-1,leaf,,0.0,4,2.186178699641005,True,1.0,0.0,0.0
promotion,Random Forest,0,360,-1,-1,leaf,,0.0,6,4.918902074192261,True,1.0,0.0,0.0
promotion,Random Forest,0,361,362,367,num__age,29.5,0.40963502106792826,11,24.71863192541334,False,0.28743826904629377,0.7125617309537063,0.7125617309537063
promotion,Random Forest,0,362,363,364,num__length_of_service,1.5,0.2932086897501166,8,21.439363875951834,False,0.1784480522140448,0.8215519477859552,0.8215519477859552
promotion,Random Forest,0,363,-1,-1,leaf,,0.0,3,2.186178699641005,True,1.0,0.0,0.0
promotion,Random Forest,0,364,365,366,num__age,28.5,0.1558183735588441,5,19.25318517631083,False,0.08516170232176254,0.9148382976782375,0.9148382976782375
promotion,Random Forest,0,365,-1,-1,leaf,,0.0,2,1.0930893498205025,True,1.0,0.0,0.0
promotion,Random Forest,0,366,-1,-1,leaf,,0.05838029916382992,3,18.160095826490327,True,0.03009591359716289,0.9699040864028371,0.9699040864028371
promotion,Random Forest,0,367,-1,-1,leaf,,-4.440892098500626e-16,3,3.279268049461508,True,1.0,0.0,0.0
promotion,Random Forest,0,368,369,370,num__age,31.5,0.37070946224445944,6,15.568180158758475,False,0.24574566104435797,0.7542543389556421,0.7542543389556421
promotion,Random Forest,0,369,-1,-1,leaf,,0.0,3,2.186178699641005,True,1.0,0.0,0.0
promotion,Random Forest,0,370,-1,-1,leaf,,0.21502573346491882,3,13.38200145911747,True,0.12252532102465383,0.8774746789753463,0.8774746789753463
promotion,Random Forest,0,371,372,385,cat__region_region_28,0.5,0.49702401116186823,107,165.41217033388463,False,0.5385745307044167,0.4614254692955832,0.4614254692955832
promotion,Random Forest,0,372,373,374,num__avg_training_score,59.5,0.446801593812414,94,121.9868979070707,False,0.6630926212119758,0.3369073787880243,0.3369073787880243
promotion,Random Forest,0,373,-1,-1,leaf,,0.0,46,42.6304846429996,True,1.0,0.0,0.0
promotion,Random Forest,0,374,375,380,cat__gender_f,0.5,0.49935954122161186,48,79.3564132640711,False,0.48210504570572743,0.5178949542942727,0.5178949542942727
promotion,Random Forest,0,375,376,379,cat__region_region_27,0.5,0.4963483857089118,36,51.358513289196246,False,0.5427294646063349,0.45727053539366513,0.45727053539366513
promotion,Random Forest,0,376,377,378,cat__department_Sales & Marketing,0.5,0.49972494103348286,33,45.893066540093734,False,0.48827270349745805,0.5117272965025419,0.5117272965025419
promotion,Random Forest,0,377,-1,-1,leaf,,-4.440892098500626e-16,29,22.4083316713203,True,1.0,0.0,0.0
promotion,Random Forest,0,378,-1,-1,leaf,,6.661338147750939e-16,4,23.484734868773433,True,0.0,1.0,1.0
promotion,Random Forest,0,379,-1,-1,leaf,,0.0,3,5.465446749102513,True,1.0,0.0,0.0
promotion,Random Forest,0,380,381,384,cat__department_R&D,0.5,0.4666650468851773,12,27.997899974874848,False,0.37089741847115776,0.6291025815288424,0.6291025815288424
promotion,Random Forest,0,381,382,383,cat__department_Analytics,0.5,0.443393068207407,10,26.358265950144094,False,0.331763660595291,0.6682363394047091,0.6682363394047091
promotion,Random Forest,0,382,-1,-1,leaf,,0.40963502106792826,8,24.71863192541334,True,0.28743826904629377,0.7125617309537063,0.7125617309537063
promotion,Random Forest,0,383,-1,-1,leaf,,0.0,2,1.639634024730754,True,1.0,0.0,0.0
promotion,Random Forest,0,384,-1,-1,leaf,,0.0,2,1.639634024730754,True,1.0,0.0,0.0
promotion,Random Forest,0,385,386,387,num__avg_training_score,57.5,0.3062941761706056,13,43.42527242681392,False,0.18878799522721298,0.8112120047727871,0.8112120047727871
promotion,Random Forest,0,386,-1,-1,leaf,,-4.440892098500626e-16,7,6.558536098923016,True,1.0,0.0,0.0
promotion,Random Forest,0,387,388,389,num__avg_training_score,80.5,0.08499325318400897,6,36.866736327890905,False,0.04447461826151171,0.9555253817384883,0.9555253817384883
promotion,Random Forest,0,388,-1,-1,leaf,,0.0,3,35.22710230316015,True,0.0,1.0,1.0
promotion,Random Forest,0,389,-1,-1,leaf,,-4.440892098500626e-16,3,1.639634024730754,True,1.0,0.0,0.0
promotion,Random Forest,0,390,391,398,num__length_of_service,5.5,0.2517368686023159,40,39.75695356162893,False,0.852323098446359,0.14767690155364113,0.1476769015536411
promotion,Random Forest,0,391,392,397,cat__department_Analytics,0.5,0.34875771292124524,26,26.093336688872654,False,0.7749929881640208,0.22500701183597915,0.22500701183597915
promotion,Random Forest,0,392,393,394,cat__education_Master's & above,0.5,0.3763247919296989,23,23.360613314321398,False,0.748671679197995,0.251328320802005,0.251328320802005
promotion,Random Forest,0,393,-1,-1,leaf,,0.0,17,14.756706222576783,True,1.0,0.0,0.0
promotion,Random Forest,0,394,395,396,num__length_of_service,4.5,0.4334708659252017,6,8.603907091744615,False,0.3176142356503691,0.6823857643496308,0.6823857643496308
promotion,Random Forest,0,395,-1,-1,leaf,,0.0,3,1.639634024730754,True,1.0,0.0,0.0
promotion,Random Forest,0,396,-1,-1,leaf,,0.26464259482182706,3,6.964273067013861,True,0.15695670449768812,0.8430432955023119,0.8430432955023119
promotion,Random Forest,0,397,-1,-1,leaf,,0.0,3,2.7327233745512567,True,1.0,0.0,0.0
promotion,Random Forest,0,398,-1,-1,leaf,,0.0,14,13.66361687275628,True,1.0,0.0,0.0
promotion,Random Forest,0,399,400,401,num__avg_training_score,60.5,0.38778290376142754,227,267.756832248921,False,0.7368724300531673,0.2631275699468327,0.2631275699468327
promotion,Random Forest,0,400,-1,-1,leaf,,0.0,127,119.14673913043477,True,1.0,0.0,0.0
promotion,Random Forest,0,401,402,405,num__avg_training_score,69.5,0.4986570966036311,100,148.61009311848622,False,0.5259123850346595,0.4740876149653406,0.4740876149653406
promotion,Random Forest,0,402,403,404,cat__department_Sales & Marketing,0.5,0.04445161392177521,5,48.06255908736737,False,0.022743053440693863,0.9772569465593062,0.9772569465593062
promotion,Random Forest,0,403,-1,-1,leaf,,0.0,2,1.0930893498205025,True,1.0,0.0,0.0
promotion,Random Forest,0,404,-1,-1,leaf,,0.0,3,46.969469737546866,True,0.0,1.0,1.0
promotion,Random Forest,0,405,406,419,num__age,35.5,0.35802849218103516,95,100.54753403111886,False,0.7664315182358918,0.2335684817641082,0.2335684817641082
promotion,Random Forest,0,406,407,410,cat__region_region_22,0.5,0.3913676914105214,77,87.97700650818308,False,0.7330582637340698,0.2669417362659302,0.2669417362659302
promotion,Random Forest,0,407,408,409,num__avg_training_score,89.5,0.20292532792337725,52,51.234391734744214,False,0.8854054177594176,0.11459458224058235,0.11459458224058235
promotion,Random Forest,0,408,-1,-1,leaf,,0.0,50,44.8166633426406,True,1.0,0.0,0.0
promotion,Random Forest,0,409,-1,-1,leaf,,0.15581837355884487,2,6.4177283921036095,True,0.08516170232176253,0.9148382976782374,0.9148382976782374
promotion,Random Forest,0,410,411,412,cat__department_Analytics,0.5,0.49914935390244464,25,36.742614773438866,False,0.5206233617234869,0.4793766382765133,0.47937663827651317
promotion,Random Forest,0,411,-1,-1,leaf,,0.0,8,6.558536098923015,True,1.0,0.0,0.0
promotion,Random Forest,0,412,413,418,num__age,32.5,0.4860428687670262,17,30.184078674515852,False,0.4164621904974347,0.5835378095025653,0.5835378095025653
promotion,Random Forest,0,413,414,417,num__length_of_service,6.0,0.4666650468851772,14,27.997899974874848,False,0.37089741847115776,0.6291025815288424,0.6291025815288424
promotion,Random Forest,0,414,415,416,cat__gender_m,0.5,0.4222658373666536,12,25.265176600323592,False,0.30285264060436123,0.6971473593956389,0.6971473593956389
promotion,Random Forest,0,415,-1,-1,leaf,,0.4334708659252019,4,8.603907091744615,True,0.31761423565036917,0.6823857643496308,0.6823857643496308
promotion,Random Forest,0,416,-1,-1,leaf,,0.41613827185449503,8,16.66126950857898,True,0.29522972854256346,0.7047702714574365,0.7047702714574365
promotion,Random Forest,0,417,-1,-1,leaf,,0.0,2,2.7327233745512567,True,1.0,0.0,0.0
promotion,Random Forest,0,418,-1,-1,leaf,,0.0,3,2.186178699641005,True,1.0,0.0,0.0
promotion,Random Forest,0,419,-1,-1,leaf,,0.0,18,12.570527522935778,True,1.0,0.0,0.0
promotion,Random Forest,0,420,421,422,num__avg_training_score,56.0,0.3274614521785286,80,85.38509084045123,False,0.7937163153636227,0.2062836846363774,0.20628368463637733
promotion,Random Forest,0,421,-1,-1,leaf,,-4.440892098500626e-16,78,67.2249950139609,True,1.0,0.0,0.0
promotion,Random Forest,0,422,-1,-1,leaf,,0.058380299163830696,2,18.160095826490327,True,0.03009591359716289,0.9699040864028371,0.9699040864028371
promotion,Random Forest,0,423,-1,-1,leaf,,1.3877787807814457e-13,4,4.918902074192261,True,1.0,0.0,0.0
promotion,Random Forest,0,424,425,438,num__length_of_service,8.5,0.11856229923166484,187,185.5435740558466,False,0.9367136938364011,0.06328630616359902,0.06328630616359901
promotion,Random Forest,0,425,426,437,cat__region_region_17,0.5,0.06654337681863187,174,170.38113086517896,False,0.9655408806868458,0.0344591193131543,0.03445911931315429
promotion,Random Forest,0,426,427,436,cat__region_region_16,0.5,0.07567040844761674,151,149.0658885436792,False,0.9606134993421181,0.039386500657881816,0.039386500657881816
promotion,Random Forest,0,427,428,431,num__length_of_service,4.5,0.08560042121885425,134,131.0299142716409,False,0.9551920357284086,0.04480796427159131,0.04480796427159132
promotion,Random Forest,0,428,429,430,cat__region_region_4,0.5,4.440892098500626e-16,71,67.77153968887116,False,1.0,0.0,0.0
promotion,Random Forest,0,429,-1,-1,leaf,,0.0,64,61.75954826485839,True,1.0,0.0,0.0
promotion,Random Forest,0,430,-1,-1,leaf,,0.0,7,6.011991424012764,True,1.0,0.0,0.0
promotion,Random Forest,0,431,432,435,cat__region_region_12,0.5,0.16839708717448398,63,63.25837458276973,False,0.9071872498160498,0.0928127501839503,0.0928127501839503
promotion,Random Forest,0,432,433,434,num__avg_training_score,73.5,0.17661050956030921,59,59.979106533308226,False,0.9021128513487792,0.09788714865122092,0.09788714865122092
promotion,Random Forest,0,433,-1,-1,leaf,,-2.220446049250313e-16,56,52.46828879138412,True,1.0,0.0,0.0
promotion,Random Forest,0,434,-1,-1,leaf,,0.3412935972638671,3,7.510817741924112,True,0.21830299723272403,0.781697002767276,0.781697002767276
promotion,Random Forest,0,435,-1,-1,leaf,,0.0,4,3.279268049461508,True,1.0,0.0,0.0
promotion,Random Forest,0,436,-1,-1,leaf,,0.0,17,18.035974272038292,True,1.0,0.0,0.0
promotion,Random Forest,0,437,-1,-1,leaf,,0.0,23,21.3152423214998,True,1.0,0.0,0.0
promotion,Random Forest,0,438,-1,-1,leaf,,0.47456082148503653,13,15.162443190667629,True,0.6127811564822859,0.3872188435177141,0.3872188435177141
promotion,Random Forest,0,439,-1,-1,leaf,,0.48892003322566324,22,27.592163006784002,True,0.5744310646650045,0.4255689353349955,0.4255689353349955
promotion,Random Forest,0,440,441,448,num__previous_year_rating,2.5,0.379125293379426,424,485.10743285164676,False,0.7458400970352357,0.2541599029647645,0.25415990296476443
promotion,Random Forest,0,441,442,447,num__age,30.5,0.14875470515295797,83,72.54963405624402,False,0.9190735584876729,0.080926441512327,0.08092644151232702
promotion,Random Forest,0,442,443,444,num__avg_training_score,61.5,0.3069537383416333,33,31.012238763064914,False,0.8106817194963092,0.18931828050369087,0.18931828050369087
promotion,Random Forest,0,443,-1,-1,leaf,,0.0,27,21.3152423214998,True,1.0,0.0,0.0
promotion,Random Forest,0,444,445,446,num__length_of_service,4.5,0.4777546257315769,6,9.696996441565117,False,0.39453584905660377,0.6054641509433962,0.6054641509433962
promotion,Random Forest,0,445,-1,-1,leaf,,0.26464259482182684,3,6.964273067013861,True,0.15695670449768812,0.8430432955023119,0.8430432955023119
promotion,Random Forest,0,446,-1,-1,leaf,,0.0,3,2.7327233745512567,True,1.0,0.0,0.0
promotion,Random Forest,0,447,-1,-1,leaf,,0.0,50,41.537395293179095,True,1.0,0.0,0.0
promotion,Random Forest,0,448,449,460,cat__education_Master's & above,0.5,0.4072259885119398,341,412.5577987954028,False,0.7153764280139077,0.2846235719860925,0.28462357198609245
promotion,Random Forest,0,449,450,453,cat__gender_m,0.5,0.3440592051643169,282,319.1320316904846,False,0.7792317987225693,0.22076820127743071,0.22076820127743071
promotion,Random Forest,0,450,451,452,num__avg_training_score,65.5,0.2306880406628451,125,132.38793288273283,False,0.8669550104148701,0.13304498958512997,0.13304498958512997
promotion,Random Forest,0,451,-1,-1,leaf,,-2.220446049250313e-16,121,114.2278370562425,True,1.0,0.0,0.0
promotion,Random Forest,0,452,-1,-1,leaf,,0.058380299163830696,4,18.160095826490327,True,0.03009591359716289,0.9699040864028371,0.9699040864028371
promotion,Random Forest,0,453,454,455,num__avg_training_score,65.5,0.4057851534182063,157,186.74409880775178,False,0.7170424458277619,0.28295755417223817,0.28295755417223817
promotion,Random Forest,0,454,-1,-1,leaf,,-4.440892098500626e-16,146,127.89145392899879,True,1.0,0.0,0.0
promotion,Random Forest,0,455,456,459,num__age,33.5,0.1834359940494099,11,58.85264487875299,False,0.1021532921145438,0.8978467078854562,0.8978467078854562
promotion,Random Forest,0,456,457,458,num__avg_training_score,68.5,0.2821793500986416,8,35.36791000997955,False,0.16998435650612084,0.8300156434938792,0.8300156434938792
promotion,Random Forest,0,457,-1,-1,leaf,,0.0,5,6.0119914240127645,True,1.0,0.0,0.0
promotion,Random Forest,0,458,-1,-1,leaf,,0.0,3,29.35591858596679,True,0.0,1.0,1.0
promotion,Random Forest,0,459,-1,-1,leaf,,0.0,3,23.484734868773433,True,0.0,1.0,1.0
promotion,Random Forest,0,460,461,462,num__avg_training_score,65.5,0.4999849143790839,59,93.42576710491822,False,0.49725358224996313,0.5027464177500368,0.5027464177500368
promotion,Random Forest,0,461,-1,-1,leaf,,-6.661338147750939e-16,53,45.909752692461105,True,1.0,0.0,0.0
promotion,Random Forest,0,462,463,464,num__age,36.5,0.0227400444551904,6,47.51601441245712,False,0.011502325724671164,0.9884976742753289,0.9884976742753289
promotion,Random Forest,0,463,-1,-1,leaf,,0.0,3,23.484734868773433,True,0.0,1.0,1.0
promotion,Random Forest,0,464,-1,-1,leaf,,0.04445161392177521,3,24.031279543683684,True,0.022743053440693863,0.9772569465593062,0.9772569465593062
promotion,Random Forest,0,465,466,487,cat__department_Sales & Marketing,0.5,0.1617047417049018,206,198.51983854687322,False,0.9112756121478446,0.08872438785215553,0.08872438785215553
promotion,Random Forest,0,466,467,486,cat__department_Technology,0.5,0.2074177267468872,154,149.87736247986086,False,0.8824802434460588,0.11751975655394137,0.11751975655394134
promotion,Random Forest,0,467,468,485,cat__department_HR,0.5,0.24077065202599846,124,125.82939678380981,False,0.860020379960636,0.13997962003936407,0.13997962003936407
promotion,Random Forest,0,468,469,484,num__length_of_service,5.5,0.26369932770584303,109,112.71232458596378,False,0.8437300338158982,0.15626996618410188,0.15626996618410188
promotion,Random Forest,0,469,470,471,num__age,27.5,0.2988603805342288,90,96.31598433865625,False,0.8171274345320593,0.1828725654679408,0.1828725654679408
promotion,Random Forest,0,470,-1,-1,leaf,,0.0,25,21.86178699641005,True,1.0,0.0,0.0
promotion,Random Forest,0,471,472,483,cat__department_Procurement,0.5,0.36120816185616667,65,74.4541973422462,False,0.76343105183694,0.23656894816305993,0.23656894816305993
promotion,Random Forest,0,472,473,474,num__length_of_service,3.5,0.326687409139897,53,57.10557545193757,False,0.7943744136810322,0.2056255863189678,0.2056255863189678
promotion,Random Forest,0,473,-1,-1,leaf,,0.0,26,26.23414439569206,True,1.0,0.0,0.0
promotion,Random Forest,0,474,475,482,cat__department_R&D,0.5,0.4713742446891207,27,30.87143105624551,False,0.6196364394966669,0.38036356050333314,0.38036356050333314
promotion,Random Forest,0,475,476,481,num__age,30.5,0.3763247919296989,24,23.360613314321398,False,0.748671679197995,0.251328320802005,0.251328320802005
promotion,Random Forest,0,476,477,478,num__length_of_service,4.5,0.49935954122161175,10,11.33663046629587,False,0.4821050457057274,0.5178949542942726,0.5178949542942726
promotion,Random Forest,0,477,-1,-1,leaf,,0.0,5,3.279268049461508,True,1.0,0.0,0.0
promotion,Random Forest,0,478,479,480,num__avg_training_score,79.0,0.3954171736469341,5,8.057362416834364,False,0.2713268420287749,0.7286731579712251,0.7286731579712251
promotion,Random Forest,0,479,-1,-1,leaf,,0.1558183735588441,2,6.4177283921036095,True,0.08516170232176253,0.9148382976782374,0.9148382976782374
promotion,Random Forest,0,480,-1,-1,leaf,,6.661338147750939e-16,3,1.639634024730754,True,1.0,0.0,0.0
promotion,Random Forest,0,481,-1,-1,leaf,,-2.220446049250313e-16,14,12.023982848025527,True,1.0,0.0,0.0
promotion,Random Forest,0,482,-1,-1,leaf,,0.34129359726386643,3,7.510817741924113,True,0.218302997232724,0.7816970027672759,0.7816970027672759
promotion,Random Forest,0,483,-1,-1,leaf,,0.4477861578444994,12,17.348621890308635,True,0.6615763629920861,0.3384236370079139,0.3384236370079139
promotion,Random Forest,0,484,-1,-1,leaf,,0.0,19,16.39634024730754,True,1.0,0.0,0.0
promotion,Random Forest,0,485,-1,-1,leaf,,0.0,15,13.11707219784603,True,1.0,0.0,0.0
promotion,Random Forest,0,486,-1,-1,leaf,,0.0,30,24.047965696051055,True,1.0,0.0,0.0
promotion,Random Forest,0,487,-1,-1,leaf,,0.0,52,48.64247606701236,True,1.0,0.0,0.0
promotion,Random Forest,0,488,489,512,cat__education_Master's & above,0.5,0.417353236177781,206,257.2316757188068,False,0.7032815336204984,0.2967184663795017,0.2967184663795017
promotion,Random Forest,0,489,490,501,num__length_of_service,3.5,0.38491404913536853,163,203.14043905505932,False,0.7398811693991748,0.26011883060082525,0.26011883060082525
promotion,Random Forest,0,490,491,500,cat__gender_f,0.5,0.1621075752924861,60,65.991097957321,False,0.9110306708188052,0.08896932918119471,0.08896932918119473
promotion,Random Forest,0,491,492,499,cat__department_HR,0.5,0.22829369853685344,41,44.67585563582119,False,0.8685826240228552,0.1314173759771448,0.1314173759771448
promotion,Random Forest,0,492,493,494,cat__department_Operations,0.5,0.2356253298119475,39,43.03622161109044,False,0.8635757625227873,0.13642423747721277,0.13642423747721277
promotion,Random Forest,0,493,-1,-1,leaf,,-4.440892098500626e-16,31,31.15304646988432,True,1.0,0.0,0.0
promotion,Random Forest,0,494,495,498,num__previous_year_rating,3.5,0.49992979664627524,8,11.883175141206122,False,0.5059246668144755,0.4940753331855246,0.4940753331855246
promotion,Random Forest,0,495,496,497,num__avg_training_score,61.5,0.3954171736469344,4,8.057362416834364,False,0.2713268420287749,0.7286731579712251,0.7286731579712251
promotion,Random Forest,0,496,-1,-1,leaf,,0.0,2,1.639634024730754,True,1.0,0.0,0.0
promotion,Random Forest,0,497,-1,-1,leaf,,0.15581837355884443,2,6.4177283921036095,True,0.08516170232176253,0.9148382976782374,0.9148382976782374
promotion,Random Forest,0,498,-1,-1,leaf,,-6.661338147750939e-16,4,3.825812724371759,True,1.0,0.0,0.0
promotion,Random Forest,0,499,-1,-1,leaf,,0.0,2,1.639634024730754,True,1.0,0.0,0.0
promotion,Random Forest,0,500,-1,-1,leaf,,0.0,19,21.3152423214998,True,1.0,0.0,0.0
promotion,Random Forest,0,501,502,503,num__avg_training_score,80.5,0.45036829906594866,103,137.14934109773833,False,0.657530474724815,0.34246952527518504,0.34246952527518504
promotion,Random Forest,0,502,-1,-1,leaf,,-4.440892098500626e-16,77,71.05080773833267,True,1.0,0.0,0.0
promotion,Random Forest,0,503,504,509,cat__department_Analytics,0.5,0.41129716705431074,26,66.09853335940566,False,0.2894022401048748,0.7105977598951252,0.7105977598951252
promotion,Random Forest,0,504,505,506,num__previous_year_rating,1.5,0.20719715930308535,9,46.56373276945602,False,0.11737561454024217,0.8826243854597579,0.8826243854597579
promotion,Random Forest,0,505,-1,-1,leaf,,0.0,3,4.37235739928201,True,1.0,0.0,0.0
promotion,Random Forest,0,506,507,508,num__length_of_service,4.5,0.050473335180281076,6,42.191375370174015,False,0.025907886155169778,0.9740921138448302,0.9740921138448302
promotion,Random Forest,0,507,-1,-1,leaf,,0.05838029916382992,2,18.160095826490327,True,0.03009591359716289,0.9699040864028371,0.9699040864028371
promotion,Random Forest,0,508,-1,-1,leaf,,0.04445161392177499,4,24.031279543683684,True,0.022743053440693863,0.9772569465593062,0.9772569465593062
promotion,Random Forest,0,509,510,511,num__avg_training_score,90.5,0.4204393704912993,17,19.53480058994964,False,0.6994500307203548,0.30054996927964517,0.30054996927964517
promotion,Random Forest,0,510,-1,-1,leaf,,2.220446049250313e-16,15,12.570527522935778,True,1.0,0.0,0.0
promotion,Random Forest,0,511,-1,-1,leaf,,0.2646425948218267,2,6.964273067013861,True,0.15695670449768812,0.8430432955023119,0.8430432955023119
promotion,Random Forest,0,512,513,516,num__avg_training_score,73.5,0.49133254299669527,43,54.0912366637475,False,0.5658310603108628,0.43416893968913717,0.43416893968913717
promotion,Random Forest,0,513,514,515,cat__department_Operations,0.5,3.3306690738754696e-16,34,25.687599720781808,False,1.0,0.0,0.0
promotion,Random Forest,0,514,-1,-1,leaf,,0.0,26,19.675608296769045,True,1.0,0.0,0.0
promotion,Random Forest,0,515,-1,-1,leaf,,0.0,8,6.011991424012764,True,1.0,0.0,0.0
promotion,Random Forest,0,516,517,518,num__avg_training_score,75.5,0.28637554470496984,9,28.403636942965697,False,0.17317859977119768,0.8268214002288022,0.8268214002288024
promotion,Random Forest,0,517,-1,-1,leaf,,0.08499325318400885,2,12.288912109296968,True,0.04447461826151171,0.9555253817384883,0.9555253817384883
promotion,Random Forest,0,518,-1,-1,leaf,,0.3954171736469346,7,16.114724833668728,True,0.2713268420287749,0.7286731579712251,0.7286731579712251
promotion,Random Forest,0,519,-1,-1,leaf,,0.0,120,106.57621160749899,True,1.0,0.0,0.0
promotion,Random Forest,0,520,-1,-1,leaf,,0.0,103,85.80751396090945,True,1.0,0.0,0.0
promotion,Random Forest,0,521,522,553,cat__department_Procurement,0.5,0.14477526033541044,321,298.94325102354003,False,0.9214408260150884,0.07855917398491176,0.07855917398491175
promotion,Random Forest,0,522,523,550,cat__region_region_28,0.5,0.16425541404204513,278,260.13857910491225,False,0.90972221440749,0.09027778559250986,0.09027778559250987
promotion,Random Forest,0,523,524,545,cat__department_HR,0.5,0.1337343963088492,265,244.42959123933431,False,0.9279401848922062,0.07205981510779393,0.07205981510779391
promotion,Random Forest,0,524,525,544,cat__education_Master's & above,0.5,0.09675118330213539,253,230.36023739848721,False,0.9490260664470741,0.05097393355292587,0.05097393355292587
promotion,Random Forest,0,525,526,543,num__length_of_service,10.5,0.15241880051267065,152,141.27345538811628,False,0.9168819973849491,0.08311800261505084,0.08311800261505084
promotion,Random Forest,0,526,527,536,cat__region_region_15,0.5,0.20198731650579083,108,103.01532814439868,False,0.8860133958130268,0.11398660418697304,0.11398660418697305
promotion,Random Forest,0,527,528,529,cat__region_region_14,0.5,0.1292034221902486,92,84.57361690426954,False,0.9305790158668623,0.06942098413313766,0.06942098413313766
promotion,Random Forest,0,528,-1,-1,leaf,,0.0,81,71.05080773833267,True,1.0,0.0,0.0
promotion,Random Forest,0,529,530,531,cat__department_Sales & Marketing,0.5,0.49133254299669527,11,13.522809165936875,False,0.5658310603108628,0.43416893968913717,0.43416893968913717
promotion,Random Forest,0,530,-1,-1,leaf,,0.0,5,4.918902074192261,True,1.0,0.0,0.0
promotion,Random Forest,0,531,532,533,cat__recruitment_channel_other,0.5,0.4334708659252017,6,8.603907091744615,False,0.3176142356503691,0.6823857643496308,0.6823857643496308
promotion,Random Forest,0,532,-1,-1,leaf,,0.0,2,1.0930893498205025,True,1.0,0.0,0.0
promotion,Random Forest,0,533,534,535,num__avg_training_score,50.0,0.34129359726386665,4,7.510817741924112,False,0.21830299723272403,0.781697002767276,0.781697002767276
promotion,Random Forest,0,534,-1,-1,leaf,,0.0,2,1.0930893498205025,True,1.0,0.0,0.0
promotion,Random Forest,0,535,-1,-1,leaf,,0.1558183735588441,2,6.4177283921036095,True,0.08516170232176253,0.9148382976782374,0.9148382976782374
promotion,Random Forest,0,536,537,538,num__previous_year_rating,2.5,0.43401699332762045,16,18.441711240129138,False,0.6816356334428623,0.3183643665571376,0.3183643665571377
promotion,Random Forest,0,537,-1,-1,leaf,,0.0,5,3.825812724371759,True,1.0,0.0,0.0
promotion,Random Forest,0,538,539,542,num__previous_year_rating,3.5,0.4806736088687469,11,14.615898515757378,False,0.5983015542381029,0.40169844576189717,0.40169844576189717
promotion,Random Forest,0,539,540,541,num__age,35.5,0.49935954122161175,8,11.33663046629587,False,0.4821050457057274,0.5178949542942726,0.5178949542942726
promotion,Random Forest,0,540,-1,-1,leaf,,0.26464259482182684,3,6.964273067013861,True,0.15695670449768812,0.8430432955023119,0.8430432955023119
promotion,Random Forest,0,541,-1,-1,leaf,,0.0,5,4.37235739928201,True,1.0,0.0,0.0
promotion,Random Forest,0,542,-1,-1,leaf,,0.0,3,3.279268049461508,True,1.0,0.0,0.0
promotion,Random Forest,0,543,-1,-1,leaf,,0.0,44,38.25812724371759,True,1.0,0.0,0.0
promotion,Random Forest,0,544,-1,-1,leaf,,0.0,101,89.08678201037095,True,1.0,0.0,0.0
promotion,Random Forest,0,545,546,547,cat__recruitment_channel_sourcing,0.5,0.4863224159403404,12,14.069353840847127,False,0.5826969892428373,0.4173030107571628,0.4173030107571628
promotion,Random Forest,0,546,-1,-1,leaf,,-2.220446049250313e-16,8,6.011991424012764,True,1.0,0.0,0.0
promotion,Random Forest,0,547,548,549,cat__region_region_22,0.5,0.3954171736469341,4,8.057362416834364,False,0.2713268420287749,0.7286731579712251,0.7286731579712251
promotion,Random Forest,0,548,-1,-1,leaf,,0.0,2,1.639634024730754,True,1.0,0.0,0.0
promotion,Random Forest,0,549,-1,-1,leaf,,0.15581837355884443,2,6.4177283921036095,True,0.08516170232176253,0.9148382976782374,0.9148382976782374
promotion,Random Forest,0,550,551,552,cat__department_Technology,0.5,0.46812025162388626,13,15.70898786557788,False,0.6262532145652417,0.3737467854347583,0.3737467854347583
promotion,Random Forest,0,551,-1,-1,leaf,,-4.440892098500626e-16,10,8.19817012365377,True,1.0,0.0,0.0
promotion,Random Forest,0,552,-1,-1,leaf,,0.34129359726386677,3,7.510817741924112,True,0.21830299723272403,0.781697002767276,0.781697002767276
promotion,Random Forest,0,553,-1,-1,leaf,,0.0,43,38.80467191862784,True,1.0,0.0,0.0
promotion,Random Forest,0,554,555,568,num__previous_year_rating,3.5,0.48632241594030723,43,56.277415363388506,False,0.5826969892428373,0.4173030107571628,0.4173030107571628
promotion,Random Forest,0,555,556,563,cat__department_Technology,0.5,0.49015119821565656,40,54.63778133865775,False,0.5701740756417332,0.4298259243582669,0.4298259243582669
promotion,Random Forest,0,556,557,558,cat__gender_f,0.5,0.3243844663093477,27,28.82606006342391,False,0.7963237534274399,0.2036762465725602,0.2036762465725602
promotion,Random Forest,0,557,-1,-1,leaf,,0.0,19,17.48942959712804,True,1.0,0.0,0.0
promotion,Random Forest,0,558,559,562,num__length_of_service,1.5,0.49935954122161164,8,11.33663046629587,False,0.4821050457057274,0.5178949542942726,0.5178949542942726
promotion,Random Forest,0,559,560,561,num__avg_training_score,58.5,0.4598831646567927,5,9.150451766654866,False,0.35837225670228423,0.6416277432977158,0.6416277432977158
promotion,Random Forest,0,560,-1,-1,leaf,,0.0,3,2.186178699641005,True,1.0,0.0,0.0
promotion,Random Forest,0,561,-1,-1,leaf,,0.26464259482182684,2,6.964273067013861,True,0.15695670449768812,0.8430432955023119,0.8430432955023119
promotion,Random Forest,0,562,-1,-1,leaf,,0.0,3,2.186178699641005,True,1.0,0.0,0.0
promotion,Random Forest,0,563,564,567,cat__region_region_16,0.5,0.4334708659252018,13,25.811721275233843,False,0.31761423565036917,0.6823857643496309,0.6823857643496309
promotion,Random Forest,0,564,565,566,cat__gender_m,0.5,0.3954171736469342,10,24.17208725050309,False,0.2713268420287749,0.7286731579712251,0.7286731579712251
promotion,Random Forest,0,565,-1,-1,leaf,,0.4598831646567927,4,9.150451766654866,True,0.35837225670228423,0.6416277432977158,0.6416277432977158
promotion,Random Forest,0,566,-1,-1,leaf,,0.34129359726386643,6,15.021635483848224,True,0.218302997232724,0.781697002767276,0.781697002767276
promotion,Random Forest,0,567,-1,-1,leaf,,0.0,3,1.639634024730754,True,1.0,0.0,0.0
promotion,Random Forest,0,568,-1,-1,leaf,,0.0,3,1.639634024730754,True,1.0,0.0,0.0
promotion,Random Forest,0,569,570,591,cat__department_Procurement,0.5,0.47201737890114814,123,153.8106106063173,False,0.6182848703318119,0.38171512966818805,0.38171512966818805
promotion,Random Forest,0,570,571,572,num__avg_training_score,58.0,0.47827578805264326,116,148.3451638572148,False,0.6042214276129357,0.3957785723870642,0.3957785723870642
promotion,Random Forest,0,571,-1,-1,leaf,,-2.220446049250313e-16,64,54.65446749102512,True,1.0,0.0,0.0
promotion,Random Forest,0,572,573,578,num__length_of_service,5.5,0.46791651451752336,52,93.69069636618967,False,0.3733439984002399,0.6266560015997601,0.6266560015997601
promotion,Random Forest,0,573,574,577,num__avg_training_score,63.0,0.3290192166691147,29,28.27951538851366,False,0.7923873999772264,0.20761260002277365,0.20761260002277365
promotion,Random Forest,0,574,575,576,num__length_of_service,3.5,0.4598831646567927,5,9.150451766654866,False,0.35837225670228423,0.6416277432977158,0.6416277432977158
promotion,Random Forest,0,575,-1,-1,leaf,,0.34129359726386665,3,7.510817741924112,True,0.21830299723272403,0.781697002767276,0.781697002767276
promotion,Random Forest,0,576,-1,-1,leaf,,0.0,2,1.639634024730754,True,1.0,0.0,0.0
promotion,Random Forest,0,577,-1,-1,leaf,,-4.440892098500626e-16,24,19.129063621858794,True,1.0,0.0,0.0
promotion,Random Forest,0,578,579,588,cat__gender_f,0.5,0.31049005774188676,23,65.41118097767601,False,0.19217704580545544,0.8078229541945446,0.8078229541945446
promotion,Random Forest,0,579,580,585,cat__department_Analytics,0.5,0.33029587967577334,18,44.51836177663443,False,0.20870623047838233,0.7912937695216176,0.7912937695216177
promotion,Random Forest,0,580,581,584,cat__recruitment_channel_sourcing,0.5,0.26464259482182706,10,34.8213653350693,False,0.15695670449768812,0.8430432955023119,0.8430432955023119
promotion,Random Forest,0,581,582,583,cat__education_Bachelor's,0.5,0.4777546257315771,5,9.696996441565117,False,0.3945358490566037,0.6054641509433962,0.6054641509433962
promotion,Random Forest,0,582,-1,-1,leaf,,4.440892098500626e-16,3,1.639634024730754,True,1.0,0.0,0.0
promotion,Random Forest,0,583,-1,-1,leaf,,0.3954171736469344,2,8.057362416834364,True,0.2713268420287749,0.7286731579712251,0.7286731579712251
promotion,Random Forest,0,584,-1,-1,leaf,,0.12200349063157212,5,25.124368893504187,True,0.06526070492280804,0.934739295077192,0.934739295077192
promotion,Random Forest,0,585,586,587,cat__education_Bachelor's,0.5,0.47775462573157745,8,9.696996441565117,False,0.3945358490566037,0.6054641509433962,0.6054641509433962
promotion,Random Forest,0,586,-1,-1,leaf,,0.34129359726386654,4,7.510817741924112,True,0.21830299723272403,0.781697002767276,0.781697002767276
promotion,Random Forest,0,587,-1,-1,leaf,,7.771561172376096e-16,4,2.186178699641005,True,1.0,0.0,0.0
promotion,Random Forest,0,588,589,590,num__age,35.5,0.26464259482182695,5,20.892819201041583,False,0.1569567044976881,0.8430432955023119,0.8430432955023119
promotion,Random Forest,0,589,-1,-1,leaf,,-2.220446049250313e-16,3,2.7327233745512567,True,1.0,0.0,0.0
promotion,Random Forest,0,590,-1,-1,leaf,,0.05838029916382992,2,18.160095826490327,True,0.03009591359716289,0.9699040864028371,0.9699040864028371
promotion,Random Forest,0,591,-1,-1,leaf,,0.0,7,5.4654467491025125,True,1.0,0.0,0.0
promotion,Random Forest,0,592,593,598,num__age,30.5,0.061766369771567464,192,184.04474773793524,False,0.9680991509436965,0.03190084905630367,0.031900849056303665
promotion,Random Forest,0,593,594,595,num__avg_training_score,72.5,0.1374179462257591,83,79.10817015516702,False,0.9257828400571358,0.07421715994286435,0.07421715994286433
promotion,Random Forest,0,594,-1,-1,leaf,,-4.440892098500626e-16,60,52.46828879138412,True,1.0,0.0,0.0
promotion,Random Forest,0,595,596,597,num__avg_training_score,76.0,0.34363734653197864,23,26.639881363782905,False,0.7796092393573768,0.22039076064262325,0.22039076064262325
promotion,Random Forest,0,596,-1,-1,leaf,,0.26464259482182684,2,6.964273067013861,True,0.15695670449768812,0.8430432955023119,0.8430432955023119
promotion,Random Forest,0,597,-1,-1,leaf,,0.0,21,19.675608296769045,True,1.0,0.0,0.0
promotion,Random Forest,0,598,-1,-1,leaf,,-2.220446049250313e-16,109,104.93657758276824,True,1.0,0.0,0.0
promotion,Random Forest,0,599,600,607,cat__gender_f,0.5,0.0493036614956226,264,232.14067913003734,False,0.974708509774349,0.025291490225651147,0.02529149022565114
promotion,Random Forest,0,600,601,602,num__length_of_service,8.5,0.06416161097088124,202,176.93966696410197,False,0.9668181600093975,0.033181839990602674,0.03318183999060267
promotion,Random Forest,0,601,-1,-1,leaf,,-4.440892098500626e-16,176,148.1136069006781,True,1.0,0.0,0.0
promotion,Random Forest,0,602,603,606,cat__department_Operations,0.5,0.3243844663093478,26,28.82606006342391,False,0.7963237534274399,0.2036762465725602,0.2036762465725602
promotion,Random Forest,0,603,604,605,num__avg_training_score,82.5,0.35400638027753206,23,25.546792013962403,False,0.7701792180409772,0.2298207819590228,0.2298207819590228
promotion,Random Forest,0,604,-1,-1,leaf,,0.0,20,18.035974272038292,True,1.0,0.0,0.0
promotion,Random Forest,0,605,-1,-1,leaf,,0.34129359726386643,3,7.510817741924113,True,0.218302997232724,0.7816970027672759,0.7816970027672759
promotion,Random Forest,0,606,-1,-1,leaf,,0.0,3,3.279268049461508,True,1.0,0.0,0.0
promotion,Random Forest,0,607,-1,-1,leaf,,0.0,62,55.201012165935374,True,1.0,0.0,0.0
promotion,Random Forest,0,608,609,616,num__age,26.5,0.09631868109156161,129,115.72666337415384,False,0.9492668020833598,0.05073319791664033,0.05073319791664033
promotion,Random Forest,0,609,610,611,cat__recruitment_channel_other,0.5,0.4863224159403402,13,14.069353840847128,False,0.5826969892428372,0.41730301075716275,0.41730301075716275
promotion,Random Forest,0,610,-1,-1,leaf,,0.0,6,4.918902074192261,True,1.0,0.0,0.0
promotion,Random Forest,0,611,612,615,cat__gender_f,0.5,0.4598831646567929,7,9.150451766654866,False,0.3583722567022842,0.6416277432977158,0.6416277432977158
promotion,Random Forest,0,612,613,614,num__avg_training_score,52.0,0.3954171736469344,5,8.057362416834364,False,0.2713268420287749,0.7286731579712251,0.7286731579712251
promotion,Random Forest,0,613,-1,-1,leaf,,6.661338147750939e-16,3,1.639634024730754,True,1.0,0.0,0.0
promotion,Random Forest,0,614,-1,-1,leaf,,0.1558183735588441,2,6.4177283921036095,True,0.08516170232176253,0.9148382976782374,0.9148382976782374
promotion,Random Forest,0,615,-1,-1,leaf,,0.0,2,1.0930893498205025,True,1.0,0.0,0.0
promotion,Random Forest,0,616,-1,-1,leaf,,-4.440892098500626e-16,116,101.65730953330673,True,1.0,0.0,0.0
promotion,Random Forest,0,617,618,653,cat__region_region_32,0.5,0.16116501925098115,67,309.1440521707937,False,0.08839644027961116,0.9116035597203891,0.9116035597203889
promotion,Random Forest,0,618,619,652,cat__region_region_28,0.5,0.15299699253900545,64,294.6689613618558,False,0.08346488295643413,0.9165351170435658,0.9165351170435658
promotion,Random Forest,0,619,620,621,num__previous_year_rating,1.5,0.14989394902088937,61,281.2869599027384,False,0.08160661395099063,0.9183933860490093,0.9183933860490093
promotion,Random Forest,0,620,-1,-1,leaf,,0.0,5,4.37235739928201,True,1.0,0.0,0.0
promotion,Random Forest,0,621,622,637,cat__recruitment_channel_other,0.5,0.1252048668747483,56,276.9146025034563,False,0.06710559421190727,0.9328944057880929,0.9328944057880927
promotion,Random Forest,0,622,623,624,num__age,26.5,0.05124458522287667,29,186.92559730718642,False,0.026314759161147547,0.9736852408388524,0.9736852408388524
promotion,Random Forest,0,623,-1,-1,leaf,,0.1558183735588441,2,12.835456784207219,True,0.08516170232176253,0.9148382976782374,0.9148382976782374
promotion,Random Forest,0,624,625,636,cat__region_region_22,0.5,0.0429861964769519,27,174.0901405229792,False,0.021976044782770262,0.9780239552172297,0.9780239552172297
promotion,Random Forest,0,625,626,627,num__avg_training_score,56.0,0.053583846126176504,22,138.86303821981903,False,0.027550979536509413,0.9724490204634906,0.9724490204634906
promotion,Random Forest,0,626,-1,-1,leaf,,0.0,2,1.0930893498205025,True,1.0,0.0,0.0
promotion,Random Forest,0,627,628,629,num__avg_training_score,71.0,0.038883932365533114,20,137.76994886999853,False,0.019835409659111427,0.9801645903408885,0.9801645903408885
promotion,Random Forest,0,628,-1,-1,leaf,,0.0,7,64.58302088912694,True,0.0,1.0,1.0
promotion,Random Forest,0,629,630,635,cat__region_region_23,0.5,0.0718895139708563,13,73.18692798087156,False,0.037338954509273735,0.9626610454907263,0.9626610454907263
promotion,Random Forest,0,630,631,634,num__age,34.5,0.10391786597797448,11,49.70219311209812,False,0.05498194754480719,0.9450180524551928,0.9450180524551928
promotion,Random Forest,0,631,632,633,cat__department_Sales & Marketing,0.5,0.19644638876922693,6,19.79972985122108,False,0.11041457212135548,0.8895854278786446,0.8895854278786446
promotion,Random Forest,0,632,-1,-1,leaf,,0.3954171736469343,4,8.057362416834364,True,0.2713268420287749,0.7286731579712251,0.7286731579712251
promotion,Random Forest,0,633,-1,-1,leaf,,0.0,2,11.742367434386717,True,0.0,1.0,1.0
promotion,Random Forest,0,634,-1,-1,leaf,,0.03588702081288264,5,29.90246326087704,True,0.018277580349887905,0.9817224196501121,0.9817224196501121
promotion,Random Forest,0,635,-1,-1,leaf,,0.0,2,23.484734868773433,True,0.0,1.0,1.0
promotion,Random Forest,0,636,-1,-1,leaf,,0.0,5,35.22710230316015,True,0.0,1.0,1.0
promotion,Random Forest,0,637,638,651,cat__region_region_20,0.5,0.25756437442615476,27,89.98900519626994,False,0.15183651428255415,0.8481634857174458,0.8481634857174458
promotion,Random Forest,0,638,639,640,num__avg_training_score,56.5,0.2191599917847974,24,87.25628182171869,False,0.1252734275400244,0.8747265724599756,0.8747265724599756
promotion,Random Forest,0,639,-1,-1,leaf,,0.0,10,7.651625448743517,True,1.0,0.0,0.0
promotion,Random Forest,0,640,641,648,num__length_of_service,5.0,0.07899488876364025,14,79.60465637297519,False,0.0411944250358548,0.9588055749641452,0.9588055749641452
promotion,Random Forest,0,641,642,647,cat__gender_f,0.5,0.0482927678381474,10,66.2226549138577,False,0.024759412422585395,0.9752405875774146,0.9752405875774146
promotion,Random Forest,0,642,643,646,cat__region_region_30,0.5,0.10020140816777467,6,30.995552610697544,False,0.05289900926511839,0.9471009907348816,0.9471009907348816
promotion,Random Forest,0,643,644,645,num__length_of_service,2.5,0.11003756798143471,4,18.706640501400578,False,0.058433225877124344,0.9415667741228757,0.9415667741228757
promotion,Random Forest,0,644,-1,-1,leaf,,0.0,2,1.0930893498205025,True,1.0,0.0,0.0
promotion,Random Forest,0,645,-1,-1,leaf,,0.0,2,17.613551151580076,True,0.0,1.0,1.0
promotion,Random Forest,0,646,-1,-1,leaf,,0.08499325318400885,2,12.288912109296968,True,0.04447461826151171,0.9555253817384883,0.9555253817384883
promotion,Random Forest,0,647,-1,-1,leaf,,0.0,4,35.22710230316015,True,0.0,1.0,1.0
promotion,Random Forest,0,648,649,650,num__avg_training_score,88.0,0.2150257334649186,4,13.38200145911747,False,0.12252532102465383,0.8774746789753463,0.8774746789753463
promotion,Random Forest,0,649,-1,-1,leaf,,0.0,2,1.639634024730754,True,1.0,0.0,0.0
promotion,Random Forest,0,650,-1,-1,leaf,,0.0,2,11.742367434386717,True,0.0,1.0,1.0
promotion,Random Forest,0,651,-1,-1,leaf,,0.0,3,2.7327233745512562,True,1.0,0.0,0.0
promotion,Random Forest,0,652,-1,-1,leaf,,0.2150257334649186,3,13.38200145911747,True,0.12252532102465383,0.8774746789753463,0.8774746789753463
promotion,Random Forest,0,653,-1,-1,leaf,,0.3062941761706054,3,14.475090808937972,True,0.188787995227213,0.8112120047727871,0.8112120047727871
promotion,Random Forest,0,654,655,714,cat__department_Procurement,0.5,0.4533738021027337,635,811.4186084133144,False,0.6526862762287907,0.3473137237712097,0.34731372377120956
promotion,Random Forest,0,655,656,657,num__previous_year_rating,1.5,0.4609875969317482,545,700.6275332657203,False,0.6396646037266625,0.36033539627333777,0.3603353962733377
promotion,Random Forest,0,656,-1,-1,leaf,,0.0,98,87.99369266055045,True,1.0,0.0,0.0
promotion,Random Forest,0,657,658,707,cat__education_Master's & above,0.5,0.48454401993249807,447,612.6338406051697,False,0.587908987218321,0.41209101278167964,0.41209101278167937
promotion,Random Forest,0,658,659,678,num__avg_training_score,64.5,0.49318020491472936,336,478.62295985007376,False,0.5583943280005431,0.44160567199945705,0.44160567199945694
promotion,Random Forest,0,659,660,677,cat__department_HR,0.5,0.19391240807492371,229,215.86846043718185,False,0.8912081235896546,0.10879187641034545,0.10879187641034545
promotion,Random Forest,0,660,661,662,num__avg_training_score,58.5,0.22251342131442542,189,184.16886929238728,False,0.8724826027384196,0.12751739726158046,0.12751739726158046
promotion,Random Forest,0,661,-1,-1,leaf,,-4.440892098500626e-16,125,103.84348823294773,True,1.0,0.0,0.0
promotion,Random Forest,0,662,663,664,cat__recruitment_channel_other,0.5,0.4137795993733373,64,80.32538105943956,False,0.7076299600571445,0.2923700399428555,0.2923700399428555
promotion,Random Forest,0,663,-1,-1,leaf,,0.0,26,25.687599720781808,True,1.0,0.0,0.0
promotion,Random Forest,0,664,665,672,cat__gender_m,0.5,0.4901511982156568,38,54.63778133865776,False,0.5701740756417331,0.42982592435826683,0.4298259243582669
promotion,Random Forest,0,665,666,667,cat__education_Bachelor's,0.5,0.42719132242598623,17,18.98825591503939,False,0.690799210656142,0.3092007893438579,0.3092007893438579
promotion,Random Forest,0,666,-1,-1,leaf,,0.0,3,1.639634024730754,True,1.0,0.0,0.0
promotion,Random Forest,0,667,668,669,num__length_of_service,2.5,0.4477861578444994,14,17.348621890308635,False,0.6615763629920861,0.3384236370079139,0.3384236370079139
promotion,Random Forest,0,668,-1,-1,leaf,,0.34129359726386654,3,7.510817741924112,True,0.21830299723272403,0.781697002767276,0.781697002767276
promotion,Random Forest,0,669,670,671,num__length_of_service,3.5,3.3306690738754696e-16,11,9.837804148384523,False,1.0,0.0,0.0
promotion,Random Forest,0,670,-1,-1,leaf,,0.0,3,3.825812724371759,True,1.0,0.0,0.0
promotion,Random Forest,0,671,-1,-1,leaf,,0.0,8,6.011991424012764,True,1.0,0.0,0.0
promotion,Random Forest,0,672,673,674,num__length_of_service,6.5,0.4999297966462751,21,35.649525423618364,False,0.5059246668144755,0.49407533318552466,0.49407533318552466
promotion,Random Forest,0,673,-1,-1,leaf,,0.4137795993733371,15,20.08134526485989,True,0.7076299600571445,0.2923700399428555,0.2923700399428555
promotion,Random Forest,0,674,675,676,num__length_of_service,7.5,0.3707094622444588,6,15.568180158758476,False,0.24574566104435794,0.754254338955642,0.7542543389556421
promotion,Random Forest,0,675,-1,-1,leaf,,0.21502573346491882,3,13.38200145911747,True,0.12252532102465383,0.8774746789753463,0.8774746789753463
promotion,Random Forest,0,676,-1,-1,leaf,,1.3322676295501878e-15,3,2.186178699641005,True,1.0,0.0,0.0
promotion,Random Forest,0,677,-1,-1,leaf,,0.0,40,31.69959114479457,True,1.0,0.0,0.0
promotion,Random Forest,0,678,679,706,num__previous_year_rating,3.5,0.4075224657549589,107,262.7544994128919,False,0.28496798581950616,0.715032014180494,0.7150320141804939
promotion,Random Forest,0,679,680,691,cat__gender_m,0.5,0.3547945047884301,84,244.1719804659434,False,0.23055102968134242,0.7694489703186576,0.7694489703186576
promotion,Random Forest,0,680,681,682,cat__department_Technology,0.5,0.477754625731577,30,58.1819786493907,False,0.39453584905660377,0.6054641509433963,0.6054641509433963
promotion,Random Forest,0,681,-1,-1,leaf,,0.21502573346491882,5,26.76400291823494,True,0.12252532102465383,0.8774746789753463,0.8774746789753463
promotion,Random Forest,0,682,683,690,cat__recruitment_channel_other,0.5,0.46812025162388593,25,31.41797573115576,False,0.6262532145652417,0.3737467854347583,0.3737467854347583
promotion,Random Forest,0,683,684,685,num__length_of_service,3.5,0.493210050363478,13,21.033626907860988,False,0.4417335875631515,0.5582664124368485,0.5582664124368485
promotion,Random Forest,0,684,-1,-1,leaf,,0.0,5,3.825812724371759,True,1.0,0.0,0.0
promotion,Random Forest,0,685,686,687,num__age,31.5,0.4334708659252019,8,17.20781418348923,False,0.3176142356503691,0.6823857643496308,0.6823857643496308
promotion,Random Forest,0,686,-1,-1,leaf,,0.1558183735588441,2,12.835456784207219,True,0.08516170232176253,0.9148382976782374,0.9148382976782374
promotion,Random Forest,0,687,688,689,num__age,33.5,3.3306690738754696e-16,6,4.37235739928201,False,1.0,0.0,0.0
promotion,Random Forest,0,688,-1,-1,leaf,,0.0,2,1.639634024730754,True,1.0,0.0,0.0
promotion,Random Forest,0,689,-1,-1,leaf,,0.0,4,2.7327233745512562,True,1.0,0.0,0.0
promotion,Random Forest,0,690,-1,-1,leaf,,0.0,12,10.384348823294774,True,1.0,0.0,0.0
promotion,Random Forest,0,691,692,699,num__previous_year_rating,2.5,0.2942424437367587,54,185.99000181655268,False,0.17925278156838115,0.8207472184316189,0.8207472184316189
promotion,Random Forest,0,692,693,698,num__age,32.5,0.44791337032217116,10,17.75435885839948,False,0.33862058731388806,0.6613794126861119,0.6613794126861119
promotion,Random Forest,0,693,694,695,num__age,27.5,0.3707094622444591,7,15.568180158758476,False,0.2457456610443579,0.754254338955642,0.7542543389556421
promotion,Random Forest,0,694,-1,-1,leaf,,0.0,2,1.0930893498205025,True,1.0,0.0,0.0
promotion,Random Forest,0,695,696,697,num__avg_training_score,86.0,0.3062941761706056,5,14.475090808937972,False,0.188787995227213,0.8112120047727871,0.8112120047727871
promotion,Random Forest,0,696,-1,-1,leaf,,-1.3322676295501878e-15,3,2.7327233745512562,True,1.0,0.0,0.0
promotion,Random Forest,0,697,-1,-1,leaf,,4.440892098500626e-16,2,11.742367434386717,True,0.0,1.0,1.0
promotion,Random Forest,0,698,-1,-1,leaf,,0.0,3,2.186178699641005,True,1.0,0.0,0.0
promotion,Random Forest,0,699,700,701,cat__department_Analytics,0.5,0.2720987550053606,44,168.23564295815316,False,0.16243426936769828,0.8375657306323018,0.8375657306323018
promotion,Random Forest,0,700,-1,-1,leaf,,0.20400992346183577,30,132.72692524135422,True,0.11529876752331292,0.8847012324766871,0.8847012324766871
promotion,Random Forest,0,701,702,703,cat__recruitment_channel_sourcing,0.5,0.4479133703221716,14,35.50871771679896,False,0.33862058731388806,0.6613794126861119,0.6613794126861119
promotion,Random Forest,0,702,-1,-1,leaf,,0.0,6,7.651625448743517,True,1.0,0.0,0.0
promotion,Random Forest,0,703,704,705,num__length_of_service,9.0,0.26464259482182706,8,27.857092268055442,False,0.15695670449768812,0.8430432955023119,0.8430432955023119
promotion,Random Forest,0,704,-1,-1,leaf,,-4.440892098500626e-16,6,3.8258127243717586,True,1.0,0.0,0.0
promotion,Random Forest,0,705,-1,-1,leaf,,0.04445161392177521,2,24.031279543683684,True,0.022743053440693863,0.9772569465593062,0.9772569465593062
promotion,Random Forest,0,706,-1,-1,leaf,,0.0,23,18.582518946948543,True,1.0,0.0,0.0
promotion,Random Forest,0,707,708,713,num__length_of_service,5.5,0.42525376911618307,111,134.01088075509622,False,0.6933212751921219,0.306678724807878,0.306678724807878
promotion,Random Forest,0,708,709,710,num__previous_year_rating,2.5,0.49735513445720614,46,76.62368988951984,False,0.46363473124811366,0.5363652687518864,0.5363652687518864
promotion,Random Forest,0,709,-1,-1,leaf,,0.1558183735588441,2,12.835456784207219,True,0.08516170232176253,0.9148382976782374,0.9148382976782374
promotion,Random Forest,0,710,711,712,cat__department_Technology,0.5,0.4968333516818516,44,63.78823310531262,False,0.5397910060073152,0.4602089939926848,0.4602089939926848
promotion,Random Forest,0,711,-1,-1,leaf,,0.4998688864221419,35,57.77624168129986,True,0.49190328530025734,0.5080967146997426,0.5080967146997426
promotion,Random Forest,0,712,-1,-1,leaf,,0.0,9,6.011991424012764,True,1.0,0.0,0.0
promotion,Random Forest,0,713,-1,-1,leaf,,2.220446049250313e-16,65,57.38719086557638,True,1.0,0.0,0.0
promotion,Random Forest,0,714,715,718,cat__recruitment_channel_sourcing,0.5,0.38951846679418733,90,110.79107514759423,False,0.7350335435696488,0.2649664564303512,0.2649664564303512
promotion,Random Forest,0,715,716,717,num__length_of_service,1.5,0.20676409816576247,49,50.14130238492371,False,0.8829072353940554,0.11709276460594455,0.11709276460594456
promotion,Random Forest,0,716,-1,-1,leaf,,0.3954171736469344,4,8.057362416834364,True,0.2713268420287749,0.7286731579712251,0.7286731579712251
promotion,Random Forest,0,717,-1,-1,leaf,,0.0,45,42.08393996808935,True,1.0,0.0,0.0
promotion,Random Forest,0,718,719,720,num__avg_training_score,79.5,0.47456082148503653,41,60.649772762670516,False,0.6127811564822859,0.3872188435177141,0.3872188435177141
promotion,Random Forest,0,719,-1,-1,leaf,,0.0,39,37.165037893897086,True,1.0,0.0,0.0
promotion,Random Forest,0,720,-1,-1,leaf,,-2.220446049250313e-16,2,23.484734868773433,True,0.0,1.0,1.0
promotion,Random Forest,0,721,722,727,cat__recruitment_channel_sourcing,0.5,0.07842785222422899,153,143.60044179457668,False,0.9591144453051739,0.04088555469482611,0.04088555469482611
promotion,Random Forest,0,722,723,724,num__avg_training_score,79.0,0.13156349447628823,84,82.93398287953879,False,0.9292065385823658,0.07079346141763412,0.07079346141763414
promotion,Random Forest,0,723,-1,-1,leaf,,0.0,61,56.84064619066613,True,1.0,0.0,0.0
promotion,Random Forest,0,724,725,726,num__age,25.5,0.3487577129212456,23,26.093336688872654,False,0.7749929881640208,0.22500701183597915,0.22500701183597915
promotion,Random Forest,0,725,-1,-1,leaf,,0.1558183735588441,2,6.4177283921036095,True,0.08516170232176253,0.9148382976782374,0.9148382976782374
promotion,Random Forest,0,726,-1,-1,leaf,,0.0,21,19.675608296769045,True,1.0,0.0,0.0
promotion,Random Forest,0,727,-1,-1,leaf,,0.0,69,60.666458915037886,True,1.0,0.0,0.0
promotion,Random Forest,0,728,-1,-1,leaf,,0.0,83,68.31808436378141,True,1.0,0.0,0.0
promotion,Random Forest,0,729,730,749,cat__region_region_25,0.5,0.4699500222275991,293,388.89888391507515,False,0.6225764613871031,0.37742353861289724,0.37742353861289707
promotion,Random Forest,0,730,731,748,cat__region_region_10,0.5,0.4608715094989607,290,374.9703377810474,False,0.6398722461767148,0.36012775382328555,0.3601277538232854
promotion,Random Forest,0,731,732,741,num__age,28.5,0.4626289560192127,286,371.69106973158597,False,0.6366949962156385,0.36330500378436165,0.3633050037843616
promotion,Random Forest,0,732,733,738,cat__region_region_28,0.5,0.34746569048142417,98,104.91989143040087,False,0.7761650860613771,0.22383491393862287,0.22383491393862287
promotion,Random Forest,0,733,734,735,cat__education_Bachelor's,0.5,0.3001820592235501,92,95.769439663746,False,0.8160838027932227,0.18391619720677738,0.18391619720677738
promotion,Random Forest,0,734,-1,-1,leaf,,0.4999297966462749,8,11.883175141206122,True,0.5059246668144753,0.4940753331855246,0.4940753331855246
promotion,Random Forest,0,735,736,737,num__previous_year_rating,2.5,0.24077065202599857,84,83.88626452253988,False,0.8600203799606361,0.13997962003936407,0.13997962003936404
promotion,Random Forest,0,736,-1,-1,leaf,,0.0,19,19.129063621858794,True,1.0,0.0,0.0
promotion,Random Forest,0,737,-1,-1,leaf,,0.2968977637348378,65,64.75720090068108,True,0.8186708617564226,0.1813291382435774,0.1813291382435774
promotion,Random Forest,0,738,739,740,cat__gender_f,0.5,0.459883164656793,6,9.150451766654866,False,0.3583722567022842,0.6416277432977158,0.6416277432977158
promotion,Random Forest,0,739,-1,-1,leaf,,0.1558183735588441,2,6.4177283921036095,True,0.08516170232176253,0.9148382976782374,0.9148382976782374
promotion,Random Forest,0,740,-1,-1,leaf,,3.3306690738754696e-16,4,2.7327233745512562,True,1.0,0.0,0.0
promotion,Random Forest,0,741,742,745,num__avg_training_score,68.5,0.48660375965373914,188,266.7711783011852,False,0.581842044042963,0.41815795595703686,0.4181579559570369
promotion,Random Forest,0,742,743,744,cat__education_Bachelor's,0.5,3.3306690738754696e-16,177,155.21868767451136,False,1.0,0.0,0.0
promotion,Random Forest,0,743,-1,-1,leaf,,0.0,54,44.8166633426406,True,1.0,0.0,0.0
promotion,Random Forest,0,744,-1,-1,leaf,,0.0,123,110.40202433187075,True,1.0,0.0,0.0
promotion,Random Forest,0,745,746,747,cat__gender_f,0.5,3.3306690738754696e-16,11,111.55249062667383,False,0.0,1.0,1.0
promotion,Random Forest,0,746,-1,-1,leaf,,0.0,9,88.06775575790039,True,0.0,1.0,1.0
promotion,Random Forest,0,747,-1,-1,leaf,,0.0,2,23.484734868773433,True,0.0,1.0,1.0
promotion,Random Forest,0,748,-1,-1,leaf,,0.0,4,3.279268049461508,True,1.0,0.0,0.0
promotion,Random Forest,0,749,-1,-1,leaf,,0.26464259482182684,3,13.928546134027721,True,0.15695670449768812,0.8430432955023119,0.8430432955023119
promotion,Random Forest,0,750,-1,-1,leaf,,0.0,126,105.48312225767849,True,1.0,0.0,0.0
promotion,Random Forest,0,751,752,765,num__avg_training_score,90.0,0.4831605305391288,73,100.6716555855709,False,0.5917591125198097,0.4082408874801902,0.4082408874801902
promotion,Random Forest,0,752,753,764,cat__department_Operations,0.5,0.40560545922883107,71,83.05810443399082,False,0.717249327698809,0.28275067230119094,0.28275067230119094
promotion,Random Forest,0,753,754,763,cat__department_Legal,0.5,0.4477861578444994,56,69.39448756123454,False,0.6615763629920861,0.3384236370079139,0.3384236370079139
promotion,Random Forest,0,754,755,762,cat__region_region_7,0.5,0.40292114991462147,54,62.97675916913092,False,0.7203166472209698,0.27968335277903034,0.27968335277903034
promotion,Random Forest,0,755,756,761,num__avg_training_score,62.5,0.4294594161226629,47,56.418223070207915,False,0.6878038656116228,0.31219613438837723,0.31219613438837723
promotion,Random Forest,0,756,757,760,num__length_of_service,2.5,0.4892953519038069,14,30.730623349426104,False,0.42684042066758116,0.5731595793324189,0.5731595793324189
promotion,Random Forest,0,757,758,759,num__length_of_service,1.5,0.2932086897501166,6,21.439363875951834,False,0.1784480522140448,0.8215519477859552,0.8215519477859552
promotion,Random Forest,0,758,-1,-1,leaf,,0.0,3,2.186178699641005,True,1.0,0.0,0.0
promotion,Random Forest,0,759,-1,-1,leaf,,0.1558183735588441,3,19.25318517631083,True,0.08516170232176254,0.9148382976782375,0.9148382976782375
promotion,Random Forest,0,760,-1,-1,leaf,,0.0,8,9.291259473474272,True,1.0,0.0,0.0
promotion,Random Forest,0,761,-1,-1,leaf,,0.0,33,25.687599720781808,True,1.0,0.0,0.0
promotion,Random Forest,0,762,-1,-1,leaf,,0.0,7,6.558536098923016,True,1.0,0.0,0.0
promotion,Random Forest,0,763,-1,-1,leaf,,0.1558183735588451,2,6.4177283921036095,True,0.08516170232176253,0.9148382976782374,0.9148382976782374
promotion,Random Forest,0,764,-1,-1,leaf,,0.0,15,13.66361687275628,True,1.0,0.0,0.0
promotion,Random Forest,0,765,-1,-1,leaf,,1.3322676295501878e-15,2,17.613551151580076,True,0.0,1.0,1.0
promotion,Random Forest,0,766,767,790,cat__education_Master's & above,0.5,0.17332427868578082,379,367.52626464859287,False,0.904150789503868,0.09584921049613215,0.09584921049613215
promotion,Random Forest,0,767,768,781,num__previous_year_rating,3.5,0.19952694299196005,315,313.418341832478,False,0.887603571325162,0.11239642867483814,0.11239642867483811
promotion,Random Forest,0,768,769,780,cat__department_Operations,0.5,0.09160848356282325,266,244.0238542712435,False,0.9518802476526145,0.04811975234738546,0.04811975234738547
promotion,Random Forest,0,769,770,779,num__age,32.5,0.1057724107800615,227,209.59153975189767,False,0.9439749932259353,0.056025006774064696,0.056025006774064696
promotion,Random Forest,0,770,771,778,num__awards_won?,0.5,0.14723726822279548,151,146.7389021372188,False,0.9199778159481786,0.08002218405182131,0.08002218405182132
promotion,Random Forest,0,771,772,773,cat__gender_m,0.5,0.08139341421396351,148,138.13499504547417,False,0.957496768177676,0.04250323182232395,0.04250323182232395
promotion,Random Forest,0,772,-1,-1,leaf,,0.0,52,45.909752692461105,True,1.0,0.0,0.0
promotion,Random Forest,0,773,774,777,num__age,27.5,0.11921717042450475,96,92.22524235301306,False,0.9363386469105707,0.06366135308942934,0.06366135308942934
promotion,Random Forest,0,774,775,776,num__avg_training_score,83.0,0.22829369853685322,41,44.6758556358212,False,0.8685826240228551,0.1314173759771448,0.1314173759771448
promotion,Random Forest,0,775,-1,-1,leaf,,0.0,38,37.71158256880734,True,1.0,0.0,0.0
promotion,Random Forest,0,776,-1,-1,leaf,,0.2646425948218275,3,6.964273067013861,True,0.15695670449768812,0.8430432955023119,0.8430432955023119
promotion,Random Forest,0,777,-1,-1,leaf,,0.0,55,47.54938671719186,True,1.0,0.0,0.0
promotion,Random Forest,0,778,-1,-1,leaf,,0.43347086592520223,3,8.603907091744615,True,0.31761423565036917,0.6823857643496308,0.6823857643496308
promotion,Random Forest,0,779,-1,-1,leaf,,0.0,76,62.85263761467889,True,1.0,0.0,0.0
promotion,Random Forest,0,780,-1,-1,leaf,,0.0,39,34.43231451934583,True,1.0,0.0,0.0
promotion,Random Forest,0,781,782,789,cat__recruitment_channel_sourcing,0.5,0.44778615784449904,49,69.39448756123454,False,0.6615763629920861,0.3384236370079139,0.3384236370079139
promotion,Random Forest,0,782,783,788,cat__department_Operations,0.5,0.3028577452042388,24,31.558783437975165,False,0.813960391447521,0.18603960855247903,0.18603960855247903
promotion,Random Forest,0,783,784,787,num__age,28.5,0.3822412382546546,18,22.814068639411147,False,0.7426507384548267,0.25734926154517346,0.25734926154517346
promotion,Random Forest,0,784,785,786,cat__gender_m,0.5,0.49935954122161175,6,11.33663046629587,False,0.4821050457057275,0.5178949542942726,0.5178949542942726
promotion,Random Forest,0,785,-1,-1,leaf,,0.0,3,3.279268049461508,True,1.0,0.0,0.0
promotion,Random Forest,0,786,-1,-1,leaf,,0.39541717364693396,3,8.057362416834364,True,0.2713268420287749,0.7286731579712251,0.7286731579712251
promotion,Random Forest,0,787,-1,-1,leaf,,0.0,12,11.477438173115276,True,1.0,0.0,0.0
promotion,Random Forest,0,788,-1,-1,leaf,,0.0,6,8.74471479856402,True,1.0,0.0,0.0
promotion,Random Forest,0,789,-1,-1,leaf,,0.49762325850197264,25,37.83570412325937,True,0.5344727537196221,0.46552724628037795,0.46552724628037795
promotion,Random Forest,0,790,-1,-1,leaf,,0.0,64,54.10792281611487,True,1.0,0.0,0.0
promotion,Random Forest,0,791,792,881,num__age,29.5,0.41973782469115695,1439,1684.9117528099089,False,0.7003274510747468,0.29967254892523354,0.2996725489252394
promotion,Random Forest,0,792,793,806,num__age,23.5,0.2713573647253441,468,471.47718828362514,False,0.8381143558580852,0.16188564414191514,0.16188564414191506
promotion,Random Forest,0,793,794,795,cat__recruitment_channel_sourcing,0.5,0.10525603558319574,112,105.34231455085907,False,0.9442656662498264,0.0557343337501737,0.055734333750173684
promotion,Random Forest,0,794,-1,-1,leaf,,0.0,56,45.909752692461105,True,1.0,0.0,0.0
promotion,Random Forest,0,795,796,805,cat__department_HR,0.5,0.17805677649767848,56,59.43256185839798,False,0.9012126764587088,0.09878732354129109,0.0987873235412911
promotion,Random Forest,0,796,797,798,cat__gender_m,0.5,0.20482713725703416,47,50.687847059833956,False,0.8841697949754549,0.1158302050245452,0.1158302050245452
promotion,Random Forest,0,797,-1,-1,leaf,,0.0,15,18.582518946948543,True,1.0,0.0,0.0
promotion,Random Forest,0,798,799,800,cat__education_Bachelor's,0.5,0.29886038053422903,32,32.10532811288542,False,0.8171274345320593,0.18287256546794078,0.18287256546794078
promotion,Random Forest,0,799,-1,-1,leaf,,0.0,16,13.11707219784603,True,1.0,0.0,0.0
promotion,Random Forest,0,800,801,802,cat__department_Sales & Marketing,0.5,0.42719132242598623,16,18.98825591503939,False,0.690799210656142,0.3092007893438579,0.3092007893438579
promotion,Random Forest,0,801,-1,-1,leaf,,0.0,5,5.4654467491025125,True,1.0,0.0,0.0
promotion,Random Forest,0,802,803,804,num__avg_training_score,52.5,0.49133254299669527,11,13.522809165936875,False,0.5658310603108629,0.43416893968913717,0.43416893968913717
promotion,Random Forest,0,803,-1,-1,leaf,,-2.220446049250313e-16,8,6.011991424012764,True,1.0,0.0,0.0
promotion,Random Forest,0,804,-1,-1,leaf,,0.34129359726386665,3,7.510817741924112,True,0.21830299723272403,0.781697002767276,0.781697002767276
promotion,Random Forest,0,805,-1,-1,leaf,,0.0,9,8.74471479856402,True,1.0,0.0,0.0
promotion,Random Forest,0,806,807,880,cat__department_R&D,0.5,0.3107975960440794,356,366.1348737327661,False,0.8075730839621053,0.1924269160378951,0.19242691603789502
promotion,Random Forest,0,807,808,823,num__age,24.5,0.31509103140454797,350,359.5763376338431,False,0.8040632899541245,0.19593671004587596,0.19593671004587587
promotion,Random Forest,0,808,809,822,cat__department_HR,0.5,0.4495080564613392,58,68.84794288632429,False,0.6588898101494568,0.3411101898505432,0.3411101898505432
promotion,Random Forest,0,809,810,821,cat__recruitment_channel_referred,0.5,0.46812025162388604,51,62.83595146231152,False,0.6262532145652417,0.3737467854347583,0.3737467854347583
promotion,Random Forest,0,810,811,812,cat__gender_f,0.5,0.3763247919296989,45,46.7212266286428,False,0.7486716791979949,0.251328320802005,0.251328320802005
promotion,Random Forest,0,811,-1,-1,leaf,,0.0,26,19.129063621858794,True,1.0,0.0,0.0
promotion,Random Forest,0,812,813,820,cat__education_Bachelor's,0.5,0.488920033225668,19,27.592163006784002,False,0.5744310646650045,0.4255689353349955,0.4255689353349955
promotion,Random Forest,0,813,814,819,cat__department_Technology,0.5,0.489295351903807,10,20.487082232950737,False,0.42684042066758116,0.5731595793324189,0.5731595793324189
promotion,Random Forest,0,814,815,816,cat__department_Operations,0.5,0.49847100449088555,7,12.429719816116375,False,0.5276495525200188,0.4723504474799811,0.4723504474799812
promotion,Random Forest,0,815,-1,-1,leaf,,0.0,2,1.639634024730754,True,1.0,0.0,0.0
promotion,Random Forest,0,816,817,818,num__length_of_service,1.5,0.4961055060456646,5,10.79008579138562,False,0.45587237852356277,0.5441276214764372,0.5441276214764372
promotion,Random Forest,0,817,-1,-1,leaf,,0.3954171736469344,3,8.057362416834364,True,0.2713268420287749,0.7286731579712251,0.7286731579712251
promotion,Random Forest,0,818,-1,-1,leaf,,-2.220446049250313e-16,2,2.7327233745512562,True,1.0,0.0,0.0
promotion,Random Forest,0,819,-1,-1,leaf,,0.3954171736469341,3,8.057362416834364,True,0.2713268420287749,0.7286731579712251,0.7286731579712251
promotion,Random Forest,0,820,-1,-1,leaf,,0.0,9,7.105080773833267,True,1.0,0.0,0.0
promotion,Random Forest,0,821,-1,-1,leaf,,0.3954171736469341,6,16.114724833668728,True,0.27132684202877494,0.7286731579712251,0.7286731579712251
promotion,Random Forest,0,822,-1,-1,leaf,,0.0,7,6.011991424012764,True,1.0,0.0,0.0
promotion,Random Forest,0,823,824,879,cat__education_Below Secondary,0.5,0.2709138936751474,292,290.7283947475189,False,0.8384420972078177,0.16155790279218235,0.16155790279218235
promotion,Random Forest,0,824,825,870,cat__department_HR,0.5,0.2851512227004799,269,272.6924204754806,False,0.8277565997043539,0.1722434002956462,0.1722434002956462
promotion,Random Forest,0,825,826,847,num__age,27.5,0.2719750660771654,249,253.15761988553098,False,0.8376573217944745,0.16234267820552556,0.16234267820552556
promotion,Random Forest,0,826,827,842,cat__department_Legal,0.5,0.23068804066284498,134,132.38793288273283,False,0.8669550104148701,0.13304498958512997,0.13304498958512997
promotion,Random Forest,0,827,828,837,cat__department_Technology,0.5,0.1780567764976787,126,118.86512371679595,False,0.901212676458709,0.0987873235412911,0.0987873235412911
promotion,Random Forest,0,828,829,830,cat__recruitment_channel_other,0.5,0.11791454611426777,101,93.31833170283355,False,0.9370843476296836,0.06291565237031647,0.06291565237031647
promotion,Random Forest,0,829,-1,-1,leaf,,0.0,46,40.44430594335859,True,1.0,0.0,0.0
promotion,Random Forest,0,830,831,832,num__length_of_service,2.5,0.19742176388460475,55,52.87402575947496,False,0.8889590184809931,0.11104098151900699,0.11104098151900699
promotion,Random Forest,0,831,-1,-1,leaf,,-4.440892098500626e-16,35,30.059957120063817,True,1.0,0.0,0.0
promotion,Random Forest,0,832,833,836,num__length_of_service,3.5,0.38224123825465484,20,22.814068639411147,False,0.7426507384548267,0.25734926154517346,0.25734926154517346
promotion,Random Forest,0,833,834,835,cat__department_Finance,0.5,0.48067360886874655,10,14.615898515757378,False,0.5983015542381029,0.40169844576189717,0.40169844576189717
promotion,Random Forest,0,834,-1,-1,leaf,,0.0,5,5.465446749102513,True,1.0,0.0,0.0
promotion,Random Forest,0,835,-1,-1,leaf,,0.45988316465679246,5,9.150451766654866,True,0.3583722567022842,0.6416277432977158,0.6416277432977158
promotion,Random Forest,0,836,-1,-1,leaf,,0.0,10,8.19817012365377,True,1.0,0.0,0.0
promotion,Random Forest,0,837,838,841,num__age,25.5,0.3540063802775324,25,25.546792013962403,False,0.7701792180409772,0.2298207819590228,0.2298207819590228
promotion,Random Forest,0,838,839,840,cat__gender_m,0.5,0.49847100449088555,7,12.429719816116373,False,0.5276495525200188,0.4723504474799812,0.4723504474799812
promotion,Random Forest,0,839,-1,-1,leaf,,0.0,3,2.7327233745512562,True,1.0,0.0,0.0
promotion,Random Forest,0,840,-1,-1,leaf,,0.4777546257315771,4,9.696996441565117,True,0.39453584905660377,0.6054641509433962,0.6054641509433962
promotion,Random Forest,0,841,-1,-1,leaf,,-2.220446049250313e-16,18,13.11707219784603,True,1.0,0.0,0.0
promotion,Random Forest,0,842,843,846,cat__recruitment_channel_other,0.5,0.49133254299669527,8,13.522809165936875,False,0.5658310603108629,0.43416893968913717,0.43416893968913717
promotion,Random Forest,0,843,844,845,num__avg_training_score,59.5,0.489295351903807,5,10.243541116475368,False,0.42684042066758116,0.5731595793324189,0.5731595793324189
promotion,Random Forest,0,844,-1,-1,leaf,,0.0,2,2.186178699641005,True,1.0,0.0,0.0
promotion,Random Forest,0,845,-1,-1,leaf,,0.3954171736469344,3,8.057362416834364,True,0.2713268420287749,0.7286731579712251,0.7286731579712251
promotion,Random Forest,0,846,-1,-1,leaf,,0.0,3,3.279268049461508,True,1.0,0.0,0.0
promotion,Random Forest,0,847,848,861,cat__department_Sales & Marketing,0.5,0.3132892155570852,115,120.76968700279815,False,0.8055411465276936,0.1944588534723064,0.1944588534723064
promotion,Random Forest,0,848,849,860,num__awards_won?,0.5,0.24613664295425552,83,81.70008582289887,False,0.856274723384739,0.14372527661526116,0.14372527661526113
promotion,Random Forest,0,849,850,859,num__length_of_service,1.5,0.14477526033543986,81,74.73581275588502,False,0.9214408260150883,0.07855917398491175,0.07855917398491175
promotion,Random Forest,0,850,851,858,cat__department_Procurement,0.5,0.37054364550176033,23,23.90715798923165,False,0.7544173289088616,0.24558267109113843,0.24558267109113843
promotion,Random Forest,0,851,852,855,cat__department_Operations,0.5,0.40722598851194014,20,20.627889939770142,False,0.7153764280139076,0.2846235719860924,0.2846235719860924
promotion,Random Forest,0,852,853,854,cat__department_Technology,0.5,3.3306690738754696e-16,13,9.837804148384523,False,1.0,0.0,0.0
promotion,Random Forest,0,853,-1,-1,leaf,,0.0,8,6.011991424012764,True,1.0,0.0,0.0
promotion,Random Forest,0,854,-1,-1,leaf,,0.0,5,3.825812724371759,True,1.0,0.0,0.0
promotion,Random Forest,0,855,856,857,cat__gender_f,0.5,0.4961055060456645,7,10.79008579138562,False,0.45587237852356277,0.5441276214764372,0.5441276214764372
promotion,Random Forest,0,856,-1,-1,leaf,,0.0,2,1.639634024730754,True,1.0,0.0,0.0
promotion,Random Forest,0,857,-1,-1,leaf,,0.4598831646567927,5,9.150451766654866,True,0.35837225670228423,0.6416277432977158,0.6416277432977158
promotion,Random Forest,0,858,-1,-1,leaf,,0.0,3,3.279268049461508,True,1.0,0.0,0.0
promotion,Random Forest,0,859,-1,-1,leaf,,0.0,58,50.828654766653365,True,1.0,0.0,0.0
promotion,Random Forest,0,860,-1,-1,leaf,,0.2646425948218275,2,6.964273067013861,True,0.15695670449768812,0.8430432955023119,0.8430432955023119
promotion,Random Forest,0,861,862,865,num__age,28.5,0.4204393704912993,32,39.06960117989928,False,0.6994500307203548,0.30054996927964517,0.30054996927964517
promotion,Random Forest,0,862,863,864,cat__recruitment_channel_other,0.5,0.4477861578444994,12,17.348621890308635,False,0.6615763629920861,0.3384236370079139,0.3384236370079139
promotion,Random Forest,0,863,-1,-1,leaf,,2.220446049250313e-16,7,7.651625448743518,True,1.0,0.0,0.0
promotion,Random Forest,0,864,-1,-1,leaf,,0.4777546257315769,5,9.696996441565117,True,0.39453584905660377,0.6054641509433962,0.6054641509433962
promotion,Random Forest,0,865,866,869,cat__recruitment_channel_other,0.5,0.3944759475439985,20,21.720979289590645,False,0.7296998611841129,0.27030013881588705,0.27030013881588705
promotion,Random Forest,0,866,867,868,num__previous_year_rating,2.5,0.4863224159403402,10,14.069353840847128,False,0.5826969892428372,0.41730301075716275,0.41730301075716275
promotion,Random Forest,0,867,-1,-1,leaf,,0.0,4,3.279268049461508,True,1.0,0.0,0.0
promotion,Random Forest,0,868,-1,-1,leaf,,0.4961055060456647,6,10.79008579138562,True,0.45587237852356277,0.5441276214764372,0.5441276214764372
promotion,Random Forest,0,869,-1,-1,leaf,,0.0,10,7.651625448743518,True,1.0,0.0,0.0
promotion,Random Forest,0,870,871,878,cat__recruitment_channel_referred,0.5,0.4204393704912992,20,19.53480058994964,False,0.6994500307203548,0.30054996927964517,0.30054996927964517
promotion,Random Forest,0,871,872,873,cat__recruitment_channel_other,0.5,0.44089230983230954,18,17.895166565218886,False,0.6719123180107966,0.32808768198920335,0.32808768198920335
promotion,Random Forest,0,872,-1,-1,leaf,,0.0,8,4.37235739928201,True,1.0,0.0,0.0
promotion,Random Forest,0,873,874,875,num__age,27.5,0.49133254299669527,10,13.522809165936875,False,0.5658310603108629,0.43416893968913717,0.43416893968913717
promotion,Random Forest,0,874,-1,-1,leaf,,0.0,3,2.186178699641005,True,1.0,0.0,0.0
promotion,Random Forest,0,875,876,877,cat__gender_m,0.5,0.49935954122161175,7,11.33663046629587,False,0.4821050457057274,0.5178949542942726,0.5178949542942726
promotion,Random Forest,0,876,-1,-1,leaf,,0.4598831646567927,4,9.150451766654866,True,0.35837225670228423,0.6416277432977158,0.6416277432977158
promotion,Random Forest,0,877,-1,-1,leaf,,0.0,3,2.186178699641005,True,1.0,0.0,0.0
promotion,Random Forest,0,878,-1,-1,leaf,,0.0,2,1.639634024730754,True,1.0,0.0,0.0
promotion,Random Forest,0,879,-1,-1,leaf,,0.0,23,18.035974272038292,True,1.0,0.0,0.0
promotion,Random Forest,0,880,-1,-1,leaf,,0.0,6,6.558536098923016,True,1.0,0.0,0.0
promotion,Random Forest,0,881,882,931,num__length_of_service,3.5,0.4569049992825813,971,1213.4345645262492,False,0.6467906685001497,0.35320933149983924,0.3532093314998432
promotion,Random Forest,0,882,883,900,cat__education_Bachelor's,0.5,0.49952843590659,212,314.974545095372,False,0.5153551960816204,0.48464480391837955,0.48464480391837955
promotion,Random Forest,0,883,884,899,cat__department_Finance,0.5,0.4495080564613392,54,68.84794288632429,False,0.6588898101494568,0.3411101898505432,0.3411101898505432
promotion,Random Forest,0,884,885,888,cat__gender_f,0.5,0.4614583729927263,49,65.02213016195253,False,0.6388193556520017,0.36118064434799835,0.36118064434799835
promotion,Random Forest,0,885,886,887,cat__department_Operations,0.5,4.440892098500626e-16,26,24.047965696051055,False,1.0,0.0,0.0
promotion,Random Forest,0,886,-1,-1,leaf,,0.0,22,19.129063621858794,True,1.0,0.0,0.0
promotion,Random Forest,0,887,-1,-1,leaf,,0.0,4,4.918902074192261,True,1.0,0.0,0.0
promotion,Random Forest,0,888,889,896,cat__department_Sales & Marketing,0.5,0.489295351903807,23,40.974164465901474,False,0.42684042066758116,0.5731595793324189,0.5731595793324189
promotion,Random Forest,0,889,890,893,num__age,33.5,0.420439370491299,19,19.53480058994964,False,0.6994500307203548,0.30054996927964517,0.30054996927964517
promotion,Random Forest,0,890,891,892,num__length_of_service,2.5,0.489295351903807,7,10.243541116475368,False,0.42684042066758116,0.5731595793324189,0.5731595793324189
promotion,Random Forest,0,891,-1,-1,leaf,,0.3954171736469344,3,8.057362416834364,True,0.2713268420287749,0.7286731579712251,0.7286731579712251
promotion,Random Forest,0,892,-1,-1,leaf,,-4.440892098500626e-16,4,2.186178699641005,True,1.0,0.0,0.0
promotion,Random Forest,0,893,894,895,cat__department_Operations,0.5,4.440892098500626e-16,12,9.291259473474272,False,1.0,0.0,0.0
promotion,Random Forest,0,894,-1,-1,leaf,,0.0,7,4.918902074192261,True,1.0,0.0,0.0
promotion,Random Forest,0,895,-1,-1,leaf,,0.0,5,4.37235739928201,True,1.0,0.0,0.0
promotion,Random Forest,0,896,897,898,num__avg_training_score,52.5,0.2932086897501166,4,21.439363875951834,False,0.1784480522140448,0.8215519477859552,0.8215519477859552
promotion,Random Forest,0,897,-1,-1,leaf,,0.0,2,3.279268049461508,True,1.0,0.0,0.0
promotion,Random Forest,0,898,-1,-1,leaf,,0.05838029916382992,2,18.160095826490327,True,0.03009591359716289,0.9699040864028371,0.9699040864028371
promotion,Random Forest,0,899,-1,-1,leaf,,0.0,5,3.825812724371759,True,1.0,0.0,0.0
promotion,Random Forest,0,900,901,902,num__avg_training_score,61.5,0.49877040322762567,158,246.1266022090477,False,0.4752048717247284,0.5247951282752715,0.5247951282752715
promotion,Random Forest,0,901,-1,-1,leaf,,-2.220446049250313e-16,80,61.21300358994814,True,1.0,0.0,0.0
promotion,Random Forest,0,902,903,926,cat__department_Operations,0.5,0.42117878235809714,78,184.91359861909956,False,0.30147894615192194,0.6985210538480779,0.698521053848078
promotion,Random Forest,0,903,904,923,num__avg_training_score,88.5,0.462703660030523,68,138.3498658496435,False,0.36344169748880667,0.6365583025111934,0.6365583025111934
promotion,Random Forest,0,904,905,906,num__length_of_service,1.5,0.49969221568624356,64,103.12276354648334,False,0.48759467223818226,0.5124053277618178,0.5124053277618178
promotion,Random Forest,0,905,-1,-1,leaf,,0.44791337032217116,7,17.75435885839948,True,0.3386205873138881,0.6613794126861119,0.6613794126861119
promotion,Random Forest,0,906,907,910,num__avg_training_score,64.0,0.49930976623100576,57,85.36840468808387,False,0.518577321779445,0.48142267822055484,0.4814226782205549
promotion,Random Forest,0,907,908,909,num__age,31.5,0.1558183735588441,4,19.25318517631083,False,0.08516170232176254,0.9148382976782375,0.9148382976782375
promotion,Random Forest,0,908,-1,-1,leaf,,0.0,2,1.639634024730754,True,1.0,0.0,0.0
promotion,Random Forest,0,909,-1,-1,leaf,,0.0,2,17.613551151580076,True,0.0,1.0,1.0
promotion,Random Forest,0,910,911,922,cat__recruitment_channel_other,0.5,0.45807125406104887,53,66.11521951177303,False,0.6447907903475758,0.3552092096524242,0.3552092096524242
promotion,Random Forest,0,911,912,913,num__age,31.5,0.49972494103348286,29,45.893066540093734,False,0.48827270349745805,0.5117272965025419,0.5117272965025419
promotion,Random Forest,0,912,-1,-1,leaf,,0.0,10,8.74471479856402,True,1.0,0.0,0.0
promotion,Random Forest,0,913,914,919,num__avg_training_score,82.5,0.46505276952980446,19,37.148351741529716,False,0.367812197101632,0.632187802898368,0.632187802898368
promotion,Random Forest,0,914,915,918,cat__department_Sales & Marketing,0.5,0.49993491023520675,15,23.219805607501993,False,0.49429518778602854,0.5057048122139715,0.5057048122139715
promotion,Random Forest,0,915,916,917,cat__department_Procurement,0.5,4.440892098500626e-16,13,11.477438173115276,False,1.0,0.0,0.0
promotion,Random Forest,0,916,-1,-1,leaf,,0.0,7,5.4654467491025125,True,1.0,0.0,0.0
promotion,Random Forest,0,917,-1,-1,leaf,,0.0,6,6.0119914240127645,True,1.0,0.0,0.0
promotion,Random Forest,0,918,-1,-1,leaf,,-2.220446049250313e-16,2,11.742367434386717,True,0.0,1.0,1.0
promotion,Random Forest,0,919,920,921,num__avg_training_score,84.5,0.2646425948218267,4,13.928546134027721,False,0.15695670449768812,0.8430432955023119,0.8430432955023119
promotion,Random Forest,0,920,-1,-1,leaf,,0.1558183735588441,2,12.835456784207219,True,0.08516170232176253,0.9148382976782374,0.9148382976782374
promotion,Random Forest,0,921,-1,-1,leaf,,-4.440892098500626e-16,2,1.0930893498205025,True,1.0,0.0,0.0
promotion,Random Forest,0,922,-1,-1,leaf,,0.0,24,20.222152971679296,True,1.0,0.0,0.0
promotion,Random Forest,0,923,924,925,cat__department_Technology,0.5,5.551115123125783e-16,4,35.22710230316015,False,0.0,1.0,1.0
promotion,Random Forest,0,924,-1,-1,leaf,,0.0,2,17.613551151580076,True,0.0,1.0,1.0
promotion,Random Forest,0,925,-1,-1,leaf,,0.0,2,17.613551151580076,True,0.0,1.0,1.0
promotion,Random Forest,0,926,927,928,num__age,30.5,0.20719715930308524,10,46.56373276945602,False,0.11737561454024217,0.8826243854597579,0.8826243854597579
promotion,Random Forest,0,927,-1,-1,leaf,,0.0,2,2.186178699641005,True,1.0,0.0,0.0
promotion,Random Forest,0,928,929,930,cat__gender_f,0.5,0.13686862362038088,8,44.37755406981501,False,0.07389474517461113,0.9261052548253889,0.9261052548253889
promotion,Random Forest,0,929,-1,-1,leaf,,0.12901202587558036,5,31.542097285607795,True,0.06930987118090359,0.9306901288190964,0.9306901288190964
promotion,Random Forest,0,930,-1,-1,leaf,,0.15581837355884398,3,12.835456784207219,True,0.08516170232176253,0.9148382976782374,0.9148382976782374
promotion,Random Forest,0,931,932,947,num__previous_year_rating,2.5,0.4256037077411685,759,898.4600194308638,False,0.6928682092243933,0.30713179077560704,0.3071317907756069
promotion,Random Forest,0,932,933,934,num__age,31.5,0.1710498495514602,261,248.66114093179695,False,0.9055552677802002,0.09444473221979968,0.0944447322197997
promotion,Random Forest,0,933,-1,-1,leaf,,0.42719132242598623,35,37.97651183007878,True,0.690799210656142,0.3092007893438579,0.3092007893438579
promotion,Random Forest,0,934,935,936,cat__recruitment_channel_sourcing,0.5,0.10525603558319585,226,210.68462910171814,False,0.9442656662498264,0.0557343337501737,0.055734333750173684
promotion,Random Forest,0,935,-1,-1,leaf,,-4.440892098500626e-16,127,114.77438173115276,True,1.0,0.0,0.0
promotion,Random Forest,0,936,937,938,num__avg_training_score,61.5,0.21488298457517396,99,95.91024737056541,False,0.8775692091688795,0.12243079083112048,0.12243079083112048
promotion,Random Forest,0,937,-1,-1,leaf,,0.0,56,45.909752692461105,True,1.0,0.0,0.0
promotion,Random Forest,0,938,939,946,num__length_of_service,7.5,0.3593856787135744,43,50.0004946781043,False,0.7651549747661035,0.23484502523389658,0.23484502523389658
promotion,Random Forest,0,939,940,943,num__previous_year_rating,1.5,0.4614583729927261,24,32.511065080976266,False,0.6388193556520017,0.36118064434799835,0.36118064434799835
promotion,Random Forest,0,940,941,942,cat__education_Master's & above,0.5,0.4007889309854016,16,21.174434614680393,False,0.7227229995022949,0.27727700049770504,0.27727700049770504
promotion,Random Forest,0,941,-1,-1,leaf,,0.4745608214850363,9,15.16244319066763,True,0.6127811564822859,0.3872188435177141,0.3872188435177141
promotion,Random Forest,0,942,-1,-1,leaf,,0.0,7,6.011991424012764,True,1.0,0.0,0.0
promotion,Random Forest,0,943,944,945,num__length_of_service,6.5,0.49935954122161164,8,11.33663046629587,False,0.4821050457057274,0.5178949542942726,0.5178949542942726
promotion,Random Forest,0,944,-1,-1,leaf,,0.0,4,3.279268049461508,True,1.0,0.0,0.0
promotion,Random Forest,0,945,-1,-1,leaf,,0.3954171736469341,4,8.057362416834364,True,0.2713268420287749,0.7286731579712251,0.7286731579712251
promotion,Random Forest,0,946,-1,-1,leaf,,0.0,19,17.48942959712804,True,1.0,0.0,0.0
promotion,Random Forest,0,947,948,1001,cat__recruitment_channel_other,0.5,0.47514513258909585,498,649.798878499067,False,0.6114784001744367,0.3885215998255635,0.3885215998255634
promotion,Random Forest,0,948,949,1000,cat__department_Technology,0.5,0.4891125391724245,254,358.15157441328176,False,0.5737816400860519,0.4262183599139482,0.4262183599139482
promotion,Random Forest,0,949,950,963,num__length_of_service,6.5,0.49838153233489435,216,323.719259893936,False,0.5284470355670461,0.47155296443295386,0.47155296443295386
promotion,Random Forest,0,950,951,958,cat__department_Procurement,0.5,0.3353813847401843,80,82.65236746589997,False,0.7868959874761371,0.21310401252386302,0.21310401252386302
promotion,Random Forest,0,951,952,953,num__avg_training_score,67.0,0.17378633955326517,68,61.072195883128735,False,0.9038648662899105,0.0961351337100895,0.0961351337100895
promotion,Random Forest,0,952,-1,-1,leaf,,0.0,59,49.73556541683286,True,1.0,0.0,0.0
promotion,Random Forest,0,953,954,955,cat__gender_m,0.5,0.49935954122161197,9,11.33663046629587,False,0.4821050457057274,0.5178949542942726,0.5178949542942726
promotion,Random Forest,0,954,-1,-1,leaf,,0.0,2,1.0930893498205025,True,1.0,0.0,0.0
promotion,Random Forest,0,955,956,957,num__avg_training_score,82.5,0.489295351903807,7,10.243541116475368,False,0.42684042066758116,0.5731595793324189,0.5731595793324189
promotion,Random Forest,0,956,-1,-1,leaf,,0.1558183735588441,2,6.4177283921036095,True,0.08516170232176253,0.9148382976782374,0.9148382976782374
promotion,Random Forest,0,957,-1,-1,leaf,,0.0,5,3.825812724371759,True,1.0,0.0,0.0
promotion,Random Forest,0,958,959,960,num__age,34.5,0.49610550604566483,12,21.58017158277124,False,0.45587237852356277,0.5441276214764372,0.5441276214764372
promotion,Random Forest,0,959,-1,-1,leaf,,0.0,6,4.918902074192261,True,1.0,0.0,0.0
promotion,Random Forest,0,960,961,962,cat__education_Bachelor's,0.5,0.4161382718544955,6,16.66126950857898,False,0.29522972854256346,0.7047702714574365,0.7047702714574365
promotion,Random Forest,0,961,-1,-1,leaf,,0.0,2,2.7327233745512562,True,1.0,0.0,0.0
promotion,Random Forest,0,962,-1,-1,leaf,,0.26464259482182706,4,13.928546134027721,True,0.15695670449768812,0.8430432955023119,0.8430432955023119
promotion,Random Forest,0,963,964,965,cat__recruitment_channel_sourcing,0.5,0.49276035583411226,136,241.066892428036,False,0.43983504273296686,0.5601649572670331,0.5601649572670331
promotion,Random Forest,0,964,-1,-1,leaf,,0.0,15,12.023982848025527,True,1.0,0.0,0.0
promotion,Random Forest,0,965,966,999,num__awards_won?,0.5,0.4839538087269232,121,229.04290958001047,False,0.41042826541515204,0.589571734584848,0.589571734584848
promotion,Random Forest,0,966,967,974,num__length_of_service,7.5,0.49012655000902716,118,216.20745279580322,False,0.42973816828827754,0.5702618317117226,0.5702618317117225
promotion,Random Forest,0,967,968,973,cat__department_Procurement,0.5,0.38692882849834775,35,87.53789723535749,False,0.26222787011336657,0.7377721298866335,0.7377721298866335
promotion,Random Forest,0,968,969,970,cat__education_Master's & above,0.5,0.46338596135592214,29,55.449255274839444,False,0.3646965657418895,0.6353034342581105,0.6353034342581105
promotion,Random Forest,0,969,-1,-1,leaf,,0.49861098140794036,23,33.46334672397736,True,0.4736464557216716,0.5263535442783285,0.5263535442783285
promotion,Random Forest,0,970,971,972,cat__gender_f,0.5,0.31864252908598467,6,21.985908550862085,False,0.19887089902002555,0.8011291009799745,0.8011291009799745
promotion,Random Forest,0,971,-1,-1,leaf,,0.23254274366399408,3,20.34627452613133,True,0.13431074917629457,0.8656892508237055,0.8656892508237055
promotion,Random Forest,0,972,-1,-1,leaf,,0.0,3,1.639634024730754,True,1.0,0.0,0.0
promotion,Random Forest,0,973,-1,-1,leaf,,0.15581837355884454,6,32.088641960518046,True,0.08516170232176253,0.9148382976782374,0.9148382976782374
promotion,Random Forest,0,974,975,998,cat__department_Analytics,0.5,0.4961805099180301,83,128.66955556044573,False,0.5437006297550144,0.4562993702449857,0.4562993702449857
promotion,Random Forest,0,975,976,977,num__length_of_service,8.5,0.4994198700990642,73,121.56447478661248,False,0.5170312932705621,0.4829687067294378,0.48296870672943787
promotion,Random Forest,0,976,-1,-1,leaf,,0.0,21,19.675608296769045,True,1.0,0.0,0.0
promotion,Random Forest,0,977,978,979,cat__education_Bachelor's,0.5,0.4883767303088432,52,101.88886648984342,False,0.4237659207074785,0.5762340792925216,0.5762340792925216
promotion,Random Forest,0,978,-1,-1,leaf,,0.0,15,13.66361687275628,True,1.0,0.0,0.0
promotion,Random Forest,0,979,980,997,num__previous_year_rating,3.5,0.4452350045402197,37,88.22524961708716,False,0.33452342241304933,0.6654765775869506,0.6654765775869507
promotion,Random Forest,0,980,981,982,num__age,33.5,0.3707094622444591,25,77.84090079379237,False,0.24574566104435797,0.7542543389556421,0.7542543389556421
promotion,Random Forest,0,981,-1,-1,leaf,,0.0,3,3.279268049461508,True,1.0,0.0,0.0
promotion,Random Forest,0,982,983,994,cat__department_Operations,0.5,0.3347715259234154,22,74.56163274433086,False,0.2125730753073187,0.7874269246926813,0.7874269246926813
promotion,Random Forest,0,983,984,991,num__length_of_service,10.5,0.41985861753169107,18,41.92644610890257,False,0.2998233499277341,0.700176650072266,0.700176650072266
promotion,Random Forest,0,984,985,990,cat__department_Sales & Marketing,0.5,0.489295351903807,12,20.487082232950737,False,0.42684042066758116,0.5731595793324189,0.5731595793324189
promotion,Random Forest,0,985,986,987,cat__gender_m,0.5,0.4334708659252019,8,17.20781418348923,False,0.3176142356503691,0.6823857643496308,0.6823857643496308
promotion,Random Forest,0,986,-1,-1,leaf,,0.21502573346491882,3,13.38200145911747,True,0.12252532102465383,0.8774746789753463,0.8774746789753463
promotion,Random Forest,0,987,988,989,num__avg_training_score,59.5,7.771561172376096e-16,5,3.825812724371759,False,1.0,0.0,0.0
promotion,Random Forest,0,988,-1,-1,leaf,,0.0,2,1.639634024730754,True,1.0,0.0,0.0
promotion,Random Forest,0,989,-1,-1,leaf,,0.0,3,2.186178699641005,True,1.0,0.0,0.0
promotion,Random Forest,0,990,-1,-1,leaf,,0.0,4,3.279268049461508,True,1.0,0.0,0.0
promotion,Random Forest,0,991,992,993,cat__gender_m,0.5,0.2932086897501166,6,21.439363875951834,False,0.1784480522140448,0.8215519477859552,0.8215519477859552
promotion,Random Forest,0,992,-1,-1,leaf,,0.05838029916382992,2,18.160095826490327,True,0.03009591359716289,0.9699040864028371,0.9699040864028371
promotion,Random Forest,0,993,-1,-1,leaf,,-4.440892098500626e-16,4,3.2792680494615074,True,1.0,0.0,0.0
promotion,Random Forest,0,994,995,996,num__avg_training_score,63.5,0.18077167680352846,4,32.6351866354283,False,0.10048258911752571,0.8995174108824743,0.8995174108824743
promotion,Random Forest,0,995,-1,-1,leaf,,0.0,2,1.639634024730754,True,1.0,0.0,0.0
promotion,Random Forest,0,996,-1,-1,leaf,,0.10020140816777467,2,30.995552610697544,True,0.05289900926511839,0.9471009907348816,0.9471009907348816
promotion,Random Forest,0,997,-1,-1,leaf,,0.0,12,10.384348823294774,True,1.0,0.0,0.0
promotion,Random Forest,0,998,-1,-1,leaf,,0.0,10,7.105080773833266,True,1.0,0.0,0.0
promotion,Random Forest,0,999,-1,-1,leaf,,0.15581837355884398,3,12.835456784207219,True,0.08516170232176253,0.9148382976782374,0.9148382976782374
promotion,Random Forest,0,1000,-1,-1,leaf,,0.0,38,34.43231451934583,True,1.0,0.0,0.0
promotion,Random Forest,0,1001,1002,1037,num__length_of_service,8.5,0.45021653215427926,244,291.64730408578527,False,0.6577711441387818,0.3422288558612183,0.3422288558612183
promotion,Random Forest,0,1002,1003,1008,cat__gender_f,0.5,0.3829069518329805,183,204.78007307979007,False,0.7419638900404557,0.2580361099595443,0.2580361099595443
promotion,Random Forest,0,1003,1004,1005,num__age,34.5,0.12998071074945028,94,84.02707222935928,False,0.9301274748551581,0.06987252514484196,0.06987252514484196
promotion,Random Forest,0,1004,-1,-1,leaf,,-6.661338147750939e-16,54,46.456297367371356,True,1.0,0.0,0.0
promotion,Random Forest,0,1005,1006,1007,cat__education_Bachelor's,0.5,0.26369932770584326,40,37.57077486198793,False,0.8437300338158982,0.15626996618410188,0.15626996618410188
promotion,Random Forest,0,1006,-1,-1,leaf,,0.4614583729927263,14,16.255532540488133,True,0.6388193556520017,0.36118064434799835,0.36118064434799835
promotion,Random Forest,0,1007,-1,-1,leaf,,0.0,26,21.3152423214998,True,1.0,0.0,0.0
promotion,Random Forest,0,1008,1009,1024,cat__education_Bachelor's,0.5,0.4753453218200425,89,120.7530008504308,False,0.6110285507875285,0.3889714492124715,0.3889714492124715
promotion,Random Forest,0,1009,1010,1023,cat__department_Operations,0.5,0.4999297966462751,31,47.532700564824495,False,0.5059246668144753,0.49407533318552455,0.4940753331855246
promotion,Random Forest,0,1010,1011,1022,cat__department_Analytics,0.5,0.48690773414498967,23,40.42761979099122,False,0.4190918240997531,0.5809081759002469,0.5809081759002469
promotion,Random Forest,0,1011,1012,1021,num__age,36.5,0.4777546257315771,21,38.78798576626047,False,0.3945358490566037,0.6054641509433962,0.6054641509433962
promotion,Random Forest,0,1012,1013,1014,num__avg_training_score,62.0,0.3954171736469344,14,32.229449667337455,False,0.2713268420287749,0.7286731579712251,0.7286731579712251
promotion,Random Forest,0,1013,-1,-1,leaf,,0.0,4,2.7327233745512567,True,1.0,0.0,0.0
promotion,Random Forest,0,1014,1015,1020,cat__department_Technology,0.5,0.3245535568861512,10,29.496726292786196,False,0.20381893788271255,0.7961810621172875,0.7961810621172875
promotion,Random Forest,0,1015,1016,1017,cat__department_Procurement,0.5,0.28637554470497006,8,28.403636942965694,False,0.1731785997711977,0.8268214002288024,0.8268214002288024
promotion,Random Forest,0,1016,-1,-1,leaf,,0.08499325318400885,2,12.288912109296968,True,0.04447461826151171,0.9555253817384883,0.9555253817384883
promotion,Random Forest,0,1017,1018,1019,num__age,33.5,0.3954171736469341,6,16.114724833668728,False,0.2713268420287749,0.7286731579712251,0.7286731579712251
promotion,Random Forest,0,1018,-1,-1,leaf,,0.1558183735588441,2,6.4177283921036095,True,0.08516170232176253,0.9148382976782374,0.9148382976782374
promotion,Random Forest,0,1019,-1,-1,leaf,,0.47775462573157723,4,9.696996441565117,True,0.39453584905660377,0.6054641509433962,0.6054641509433962
promotion,Random Forest,0,1020,-1,-1,leaf,,0.0,2,1.0930893498205025,True,1.0,0.0,0.0
promotion,Random Forest,0,1021,-1,-1,leaf,,0.0,7,6.558536098923016,True,1.0,0.0,0.0
promotion,Random Forest,0,1022,-1,-1,leaf,,0.0,2,1.639634024730754,True,1.0,0.0,0.0
promotion,Random Forest,0,1023,-1,-1,leaf,,0.0,8,7.105080773833267,True,1.0,0.0,0.0
promotion,Random Forest,0,1024,1025,1036,cat__department_HR,0.5,0.4357322508043272,58,73.2203002856063,False,0.6792592385285521,0.3207407614714478,0.32074076147144787
promotion,Random Forest,0,1025,1026,1035,num__length_of_service,5.5,0.4477861578444994,54,69.39448756123454,False,0.6615763629920861,0.3384236370079139,0.3384236370079139
promotion,Random Forest,0,1026,1027,1034,cat__department_Procurement,0.5,0.4598831646567927,19,36.601807066619465,False,0.3583722567022842,0.6416277432977158,0.6416277432977158
promotion,Random Forest,0,1027,1028,1029,num__length_of_service,4.5,0.42519488457856547,16,33.86908369206821,False,0.30660259125128564,0.6933974087487143,0.6933974087487144
promotion,Random Forest,0,1028,-1,-1,leaf,,0.0,6,3.8258127243717586,True,1.0,0.0,0.0
promotion,Random Forest,0,1029,1030,1031,num__age,32.5,0.34129359726386665,10,30.04327096769645,False,0.21830299723272398,0.7816970027672759,0.781697002767276
promotion,Random Forest,0,1030,-1,-1,leaf,,0.21502573346491882,5,26.76400291823494,True,0.12252532102465383,0.8774746789753463,0.8774746789753463
promotion,Random Forest,0,1031,1032,1033,cat__department_Sales & Marketing,0.5,2.1094237467877974e-15,5,3.2792680494615074,False,1.0,0.0,0.0
promotion,Random Forest,0,1032,-1,-1,leaf,,0.0,3,2.186178699641005,True,1.0,0.0,0.0
promotion,Random Forest,0,1033,-1,-1,leaf,,0.0,2,1.0930893498205025,True,1.0,0.0,0.0
promotion,Random Forest,0,1034,-1,-1,leaf,,0.0,3,2.7327233745512567,True,1.0,0.0,0.0
promotion,Random Forest,0,1035,-1,-1,leaf,,0.0,35,32.79268049461508,True,1.0,0.0,0.0
promotion,Random Forest,0,1036,-1,-1,leaf,,0.0,4,3.825812724371759,True,1.0,0.0,0.0
promotion,Random Forest,0,1037,1038,1049,cat__department_Analytics,0.5,0.4966863491558028,61,86.86723100599522,False,0.45929587954397627,0.5407041204560236,0.5407041204560237
promotion,Random Forest,0,1038,1039,1046,cat__department_Technology,0.5,0.49402385290075035,57,84.6810523063542,False,0.4453367257692613,0.5546632742307387,0.5546632742307387
promotion,Random Forest,0,1039,1040,1045,num__awards_won?,0.5,0.49271661321196325,49,73.34442184005835,False,0.4396535552495559,0.560346444750444,0.560346444750444
promotion,Random Forest,0,1040,1041,1042,cat__gender_m,0.5,0.498899371929175,47,61.60205440567161,False,0.5234587731011772,0.47654122689882294,0.47654122689882294
promotion,Random Forest,0,1041,-1,-1,leaf,,0.4942813745844309,22,31.823712699246606,True,0.4465274583754944,0.5534725416245057,0.5534725416245057
promotion,Random Forest,0,1042,1043,1044,cat__education_Bachelor's,0.5,0.47766591297409655,25,29.778341706425007,False,0.6056742329659959,0.3943257670340041,0.3943257670340041
promotion,Random Forest,0,1043,-1,-1,leaf,,0.44791337032217116,7,17.75435885839948,True,0.3386205873138881,0.6613794126861119,0.6613794126861119
promotion,Random Forest,0,1044,-1,-1,leaf,,-4.440892098500626e-16,18,12.023982848025527,True,1.0,0.0,0.0
promotion,Random Forest,0,1045,-1,-1,leaf,,6.661338147750939e-16,2,11.742367434386717,True,0.0,1.0,1.0
promotion,Random Forest,0,1046,1047,1048,cat__gender_f,0.5,0.49935954122161164,8,11.33663046629587,False,0.4821050457057274,0.5178949542942726,0.5178949542942726
promotion,Random Forest,0,1047,-1,-1,leaf,,0.4598831646567927,4,9.150451766654866,True,0.35837225670228423,0.6416277432977158,0.6416277432977158
promotion,Random Forest,0,1048,-1,-1,leaf,,0.0,4,2.186178699641005,True,1.0,0.0,0.0
promotion,Random Forest,0,1049,-1,-1,leaf,,0.0,4,2.186178699641005,True,1.0,0.0,0.0
promotion,Random Forest,0,1050,1051,1260,num__awards_won?,0.5,0.2602270229052007,2749,2749.3659087310184,False,0.8462462830809382,0.15375371691905212,0.15375371691905362
promotion,Random Forest,0,1051,1052,1255,cat__region_region_17,0.5,0.23256624521350766,2719,2666.2003688949385,False,0.8656731838585486,0.13432681614144182,0.1343268161414431
promotion,Random Forest,0,1052,1053,1254,cat__region_region_23,0.5,0.2255471328603217,2694,2628.364664771673,False,0.8704408637958841,0.1295591362041068,0.12955913620410797
promotion,Random Forest,0,1053,1054,1249,num__no_of_trainings,3.5,0.23010565843712505,2628,2567.1516611817215,False,0.8673515629222749,0.1326484370777148,0.13264843707771615
promotion,Random Forest,0,1054,1055,1246,cat__region_region_27,0.5,0.24086285221779669,2430,2389.665449542686,False,0.8599563499802482,0.14004365001974034,0.14004365001974195
promotion,Random Forest,0,1055,1056,1227,cat__region_region_26,0.5,0.2478304381014823,2337,2309.3233823308715,False,0.8550841885373934,0.1449158114625944,0.1449158114625962
promotion,Random Forest,0,1056,1057,1224,cat__region_region_34,0.5,0.232148100295692,2242,2190.069207798345,False,0.8659589455829084,0.13404105441707942,0.13404105441708106
promotion,Random Forest,0,1057,1058,1205,num__length_of_service,5.5,0.22623779109492193,2229,2167.395946865748,False,0.8699744645952493,0.13002553540473952,0.130025535404741
promotion,Random Forest,0,1058,1059,1162,cat__region_region_22,0.5,0.2804156316395775,1477,1496.943124609993,False,0.8313490367878155,0.16865096321217252,0.16865096321217454
promotion,Random Forest,0,1059,1060,1073,num__age,24.5,0.20258324867246946,1178,1129.3427968640233,False,0.8856272496385209,0.11437275036147058,0.11437275036147156
promotion,Random Forest,0,1060,1061,1062,cat__recruitment_channel_other,0.5,0.4312792786260986,82,93.30164555046619,False,0.6853654786818482,0.3146345213181517,0.3146345213181518
promotion,Random Forest,0,1061,-1,-1,leaf,,0.0,35,25.687599720781808,True,1.0,0.0,0.0
promotion,Random Forest,0,1062,1063,1068,cat__education_Below Secondary,0.5,0.49133254299669527,47,67.61404582968437,False,0.5658310603108629,0.43416893968913717,0.43416893968913717
promotion,Random Forest,0,1063,1064,1067,num__length_of_service,1.5,0.47868014338523424,33,44.39424022218238,False,0.6032469288036346,0.39675307119636544,0.39675307119636544
promotion,Random Forest,0,1064,1065,1066,cat__region_region_2,0.5,0.4892953519038069,17,30.730623349426104,False,0.42684042066758116,0.5731595793324189,0.5731595793324189
promotion,Random Forest,0,1065,-1,-1,leaf,,0.0,6,5.4654467491025125,True,1.0,0.0,0.0
promotion,Random Forest,0,1066,-1,-1,leaf,,0.4222658373666536,11,25.265176600323592,True,0.3028526406043612,0.6971473593956389,0.6971473593956389
promotion,Random Forest,0,1067,-1,-1,leaf,,0.0,16,13.66361687275628,True,1.0,0.0,0.0
promotion,Random Forest,0,1068,1069,1072,cat__region_region_7,0.5,0.49993491023520664,14,23.219805607501993,False,0.49429518778602854,0.5057048122139715,0.5057048122139715
promotion,Random Forest,0,1069,1070,1071,cat__gender_f,0.5,0.4961055060456645,12,21.58017158277124,False,0.45587237852356277,0.5441276214764372,0.5441276214764372
promotion,Random Forest,0,1070,-1,-1,leaf,,0.3954171736469343,7,16.114724833668728,True,0.2713268420287749,0.7286731579712251,0.7286731579712251
promotion,Random Forest,0,1071,-1,-1,leaf,,0.0,5,5.4654467491025125,True,1.0,0.0,0.0
promotion,Random Forest,0,1072,-1,-1,leaf,,0.0,2,1.639634024730754,True,1.0,0.0,0.0
promotion,Random Forest,0,1073,1074,1147,cat__region_region_28,0.5,0.17411396510706345,1096,1036.0411513135487,False,0.9036620089214181,0.09633799107858068,0.09633799107858079
promotion,Random Forest,0,1074,1075,1146,num__previous_year_rating,3.5,0.15318864232358342,1055,983.4487409677114,False,0.9164200749702258,0.08357992502977407,0.08357992502977409
promotion,Random Forest,0,1075,1076,1143,cat__recruitment_channel_referred,0.5,0.17289738609413663,913,859.9296444379946,False,0.9044147709381196,0.09558522906188033,0.09558522906188033
promotion,Random Forest,0,1076,1077,1142,cat__region_region_15,0.5,0.16323353651451689,909,851.3257373462498,False,0.9103452591936962,0.08965474080630402,0.089654740806304
promotion,Random Forest,0,1077,1078,1141,cat__department_R&D,0.5,0.17136125243036526,858,806.5090740036093,False,0.9053632615134445,0.09463673848655557,0.09463673848655557
promotion,Random Forest,0,1078,1079,1140,cat__region_region_16,0.5,0.1757319482444193,832,784.1007423322891,False,0.9026586965133006,0.09734130348669945,0.09734130348669945
promotion,Random Forest,0,1079,1080,1121,cat__department_Analytics,0.5,0.18277479577169797,795,750.2149724878535,False,0.8982619767366087,0.10173802326339125,0.10173802326339126
promotion,Random Forest,0,1080,1081,1104,num__previous_year_rating,2.5,0.1345320422723124,702,647.6220674639129,False,0.9274739510939163,0.07252604890608383,0.07252604890608383
promotion,Random Forest,0,1081,1082,1103,cat__region_region_11,0.5,0.22139129115891265,245,231.57744830275973,False,0.8732349855259333,0.1267650144740668,0.1267650144740668
promotion,Random Forest,0,1082,1083,1096,cat__education_Master's & above,0.5,0.2264126047637498,239,225.565456878747,False,0.8698563202354733,0.13014367976452662,0.13014367976452662
promotion,Random Forest,0,1083,1084,1089,cat__department_Procurement,0.5,0.18253894872409826,195,173.37878350100166,False,0.8984099969101565,0.10159000308984356,0.10159000308984356
promotion,Random Forest,0,1084,1085,1088,cat__region_region_9,0.5,0.14008832089628576,178,154.93707226087255,False,0.9242120219322608,0.0757879780677391,0.07578797806773911
promotion,Random Forest,0,1085,1086,1087,cat__region_region_25,0.5,0.14673825037376698,168,147.28544681212904,False,0.9202747610945922,0.07972523890540777,0.07972523890540778
promotion,Random Forest,0,1086,-1,-1,leaf,,0.0,166,134.99653470283207,True,1.0,0.0,0.0
promotion,Random Forest,0,1087,-1,-1,leaf,,0.08499325318400974,2,12.288912109296968,True,0.04447461826151171,0.9555253817384883,0.9555253817384883
promotion,Random Forest,0,1088,-1,-1,leaf,,0.0,10,7.651625448743517,True,1.0,0.0,0.0
promotion,Random Forest,0,1089,1090,1093,num__age,29.5,0.43401699332762045,17,18.441711240129138,False,0.6816356334428623,0.3183643665571376,0.3183643665571377
promotion,Random Forest,0,1090,1091,1092,num__length_of_service,2.5,0.489295351903807,7,10.243541116475368,False,0.42684042066758116,0.5731595793324189,0.5731595793324189
promotion,Random Forest,0,1091,-1,-1,leaf,,0.0,4,2.7327233745512562,True,1.0,0.0,0.0
promotion,Random Forest,0,1092,-1,-1,leaf,,0.34129359726386665,3,7.510817741924112,True,0.21830299723272403,0.781697002767276,0.781697002767276
promotion,Random Forest,0,1093,1094,1095,cat__gender_m,0.5,4.440892098500626e-16,10,8.19817012365377,False,1.0,0.0,0.0
promotion,Random Forest,0,1094,-1,-1,leaf,,0.0,3,3.279268049461508,True,1.0,0.0,0.0
promotion,Random Forest,0,1095,-1,-1,leaf,,0.0,7,4.918902074192261,True,1.0,0.0,0.0
promotion,Random Forest,0,1096,1097,1102,cat__department_Procurement,0.5,0.3487577129212457,44,52.18667337774531,False,0.7749929881640208,0.22500701183597915,0.22500701183597915
promotion,Random Forest,0,1097,1098,1099,cat__region_region_7,0.5,0.36212495035823156,41,49.45395000319405,False,0.7625595643294758,0.2374404356705242,0.2374404356705242
promotion,Random Forest,0,1098,-1,-1,leaf,,0.0,30,25.687599720781808,True,1.0,0.0,0.0
promotion,Random Forest,0,1099,1100,1101,num__avg_training_score,57.5,0.4999297966462749,11,23.766350282412244,False,0.5059246668144753,0.4940753331855246,0.4940753331855246
promotion,Random Forest,0,1100,-1,-1,leaf,,0.0,9,9.837804148384523,True,1.0,0.0,0.0
promotion,Random Forest,0,1101,-1,-1,leaf,,0.26464259482182684,2,13.928546134027721,True,0.15695670449768812,0.8430432955023119,0.8430432955023119
promotion,Random Forest,0,1102,-1,-1,leaf,,0.0,3,2.7327233745512567,True,1.0,0.0,0.0
promotion,Random Forest,0,1103,-1,-1,leaf,,0.0,6,6.0119914240127645,True,1.0,0.0,0.0
promotion,Random Forest,0,1104,1105,1118,num__avg_training_score,81.5,0.08108682527252364,457,416.04461916115315,False,0.9576642736370604,0.042335726362939786,0.04233572636293978
promotion,Random Forest,0,1105,1106,1107,num__avg_training_score,64.5,0.029648475661628093,438,390.09209017909996,False,0.9849492366930646,0.015050763306935465,0.015050763306935465
promotion,Random Forest,0,1106,-1,-1,leaf,,0.0,298,265.07416733147187,True,1.0,0.0,0.0
promotion,Random Forest,0,1107,1108,1109,cat__recruitment_channel_other,0.5,0.08951447501759502,140,125.01792284762811,False,0.9530372639101583,0.046962736089841764,0.046962736089841764
promotion,Random Forest,0,1108,-1,-1,leaf,,0.0,61,53.56137814120462,True,1.0,0.0,0.0
promotion,Random Forest,0,1109,1110,1117,cat__region_region_24,0.5,0.15082681327989045,79,71.45654470642351,False,0.9178356056633455,0.08216439433665443,0.08216439433665443
promotion,Random Forest,0,1110,1111,1114,num__avg_training_score,65.5,0.1562660280100424,76,68.72382133187226,False,0.9145684334280394,0.08543156657196042,0.08543156657196044
promotion,Random Forest,0,1111,1112,1113,num__no_of_trainings,2.5,0.49847100449088555,8,12.429719816116373,False,0.5276495525200188,0.4723504474799812,0.4723504474799812
promotion,Random Forest,0,1112,-1,-1,leaf,,0.26464259482182684,2,6.964273067013861,True,0.15695670449768812,0.8430432955023119,0.8430432955023119
promotion,Random Forest,0,1113,-1,-1,leaf,,0.0,6,5.4654467491025125,True,1.0,0.0,0.0
promotion,Random Forest,0,1114,1115,1116,cat__region_region_1,0.5,3.3306690738754696e-16,68,56.29410151575588,False,1.0,0.0,0.0
promotion,Random Forest,0,1115,-1,-1,leaf,,0.0,65,53.01483346629437,True,1.0,0.0,0.0
promotion,Random Forest,0,1116,-1,-1,leaf,,0.0,3,3.279268049461508,True,1.0,0.0,0.0
promotion,Random Forest,0,1117,-1,-1,leaf,,0.0,3,2.7327233745512567,True,1.0,0.0,0.0
promotion,Random Forest,0,1118,1119,1120,cat__region_region_31,0.5,0.4954790627121358,19,25.95252898205325,False,0.5475443860401109,0.45245561395988904,0.45245561395988904
promotion,Random Forest,0,1119,-1,-1,leaf,,0.49811657853991664,15,22.12671625768149,True,0.4693126943176556,0.5306873056823443,0.5306873056823443
promotion,Random Forest,0,1120,-1,-1,leaf,,0.0,4,3.825812724371759,True,1.0,0.0,0.0
promotion,Random Forest,0,1121,1122,1139,cat__region_region_4,0.5,0.40852767357919717,93,102.59290502394046,False,0.7138601487196754,0.2861398512803246,0.2861398512803246
promotion,Random Forest,0,1122,1123,1138,cat__region_region_31,0.5,0.37054364550176033,90,95.6286319569266,False,0.7544173289088616,0.24558267109113843,0.24558267109113843
promotion,Random Forest,0,1123,1124,1137,cat__region_region_32,0.5,0.40078893098540136,77,84.69773845872157,False,0.7227229995022949,0.27727700049770504,0.27727700049770504
promotion,Random Forest,0,1124,1125,1136,cat__region_region_24,0.5,0.4254956158403945,68,76.4995683350678,False,0.6930082694596342,0.30699173054036577,0.30699173054036577
promotion,Random Forest,0,1125,1126,1135,cat__education_Master's & above,0.5,0.4305963009779583,65,74.85993431033705,False,0.6862843243835102,0.3137156756164898,0.3137156756164898
promotion,Random Forest,0,1126,1127,1130,cat__region_region_29,0.5,0.4512279451691237,57,68.30139821141404,False,0.6561602619600716,0.34383973803992834,0.34383973803992834
promotion,Random Forest,0,1127,1128,1129,num__length_of_service,1.5,0.21917969625917888,50,46.8620343354622,False,0.8747134263279216,0.12528657367207852,0.12528657367207852
promotion,Random Forest,0,1128,-1,-1,leaf,,0.49935954122161175,8,11.33663046629587,True,0.4821050457057275,0.5178949542942726,0.5178949542942726
promotion,Random Forest,0,1129,-1,-1,leaf,,-4.440892098500626e-16,42,35.52540386916633,True,1.0,0.0,0.0
promotion,Random Forest,0,1130,1131,1134,num__length_of_service,2.5,0.2932086897501166,7,21.439363875951834,False,0.1784480522140448,0.8215519477859552,0.8215519477859552
promotion,Random Forest,0,1131,1132,1133,num__age,27.5,0.11003756798143471,4,18.706640501400578,False,0.058433225877124344,0.9415667741228757,0.9415667741228757
promotion,Random Forest,0,1132,-1,-1,leaf,,0.1558183735588441,2,6.4177283921036095,True,0.08516170232176253,0.9148382976782374,0.9148382976782374
promotion,Random Forest,0,1133,-1,-1,leaf,,0.08499325318400885,2,12.288912109296968,True,0.04447461826151171,0.9555253817384883,0.9555253817384883
promotion,Random Forest,0,1134,-1,-1,leaf,,-2.220446049250313e-16,3,2.7327233745512562,True,1.0,0.0,0.0
promotion,Random Forest,0,1135,-1,-1,leaf,,0.0,8,6.558536098923015,True,1.0,0.0,0.0
promotion,Random Forest,0,1136,-1,-1,leaf,,0.0,3,1.639634024730754,True,1.0,0.0,0.0
promotion,Random Forest,0,1137,-1,-1,leaf,,0.0,9,8.19817012365377,True,1.0,0.0,0.0
promotion,Random Forest,0,1138,-1,-1,leaf,,0.0,13,10.930893498205025,True,1.0,0.0,0.0
promotion,Random Forest,0,1139,-1,-1,leaf,,0.2646425948218277,3,6.964273067013861,True,0.15695670449768812,0.8430432955023119,0.8430432955023119
promotion,Random Forest,0,1140,-1,-1,leaf,,0.0,37,33.88576984443558,True,1.0,0.0,0.0
promotion,Random Forest,0,1141,-1,-1,leaf,,0.0,26,22.4083316713203,True,1.0,0.0,0.0
promotion,Random Forest,0,1142,-1,-1,leaf,,0.0,51,44.8166633426406,True,1.0,0.0,0.0
promotion,Random Forest,0,1143,1144,1145,cat__department_Sales & Marketing,0.5,0.43347086592520545,4,8.603907091744615,False,0.3176142356503691,0.6823857643496308,0.6823857643496308
promotion,Random Forest,0,1144,-1,-1,leaf,,0.0,2,2.186178699641005,True,1.0,0.0,0.0
promotion,Random Forest,0,1145,-1,-1,leaf,,0.15581837355884443,2,6.4177283921036095,True,0.08516170232176253,0.9148382976782374,0.9148382976782374
promotion,Random Forest,0,1146,-1,-1,leaf,,0.0,142,123.51909652971678,True,1.0,0.0,0.0
promotion,Random Forest,0,1147,1148,1161,num__no_of_trainings,2.5,0.44548841159183517,41,52.59241034583615,False,0.6650932893975153,0.33490671060248484,0.3349067106024848
promotion,Random Forest,0,1148,1149,1154,num__age,27.5,0.47244458706615156,34,46.033874246913136,False,0.6173784753135095,0.3826215246864905,0.3826215246864905
promotion,Random Forest,0,1149,1150,1153,cat__recruitment_channel_sourcing,0.5,0.44791337032217116,8,17.75435885839948,False,0.3386205873138881,0.6613794126861119,0.6613794126861119
promotion,Random Forest,0,1150,1151,1152,num__length_of_service,2.5,0.34129359726386665,6,15.021635483848225,False,0.218302997232724,0.7816970027672759,0.7816970027672759
promotion,Random Forest,0,1151,-1,-1,leaf,,6.661338147750939e-16,4,2.7327233745512567,True,1.0,0.0,0.0
promotion,Random Forest,0,1152,-1,-1,leaf,,0.08499325318400885,2,12.288912109296968,True,0.04447461826151171,0.9555253817384883,0.9555253817384883
promotion,Random Forest,0,1153,-1,-1,leaf,,0.0,2,2.7327233745512567,True,1.0,0.0,0.0
promotion,Random Forest,0,1154,1155,1156,num__previous_year_rating,2.5,0.32901921666911493,26,28.27951538851366,False,0.7923873999772264,0.20761260002277365,0.20761260002277365
promotion,Random Forest,0,1155,-1,-1,leaf,,0.0,5,5.4654467491025125,True,1.0,0.0,0.0
promotion,Random Forest,0,1156,1157,1158,num__avg_training_score,63.0,0.3822412382546546,21,22.814068639411147,False,0.7426507384548267,0.25734926154517346,0.25734926154517346
promotion,Random Forest,0,1157,-1,-1,leaf,,0.0,14,13.11707219784603,True,1.0,0.0,0.0
promotion,Random Forest,0,1158,1159,1160,cat__department_Analytics,0.5,0.4777546257315769,7,9.696996441565117,False,0.39453584905660377,0.6054641509433962,0.6054641509433962
promotion,Random Forest,0,1159,-1,-1,leaf,,0.34129359726386665,3,7.510817741924113,True,0.218302997232724,0.7816970027672759,0.7816970027672759
promotion,Random Forest,0,1160,-1,-1,leaf,,-4.440892098500626e-16,4,2.186178699641005,True,1.0,0.0,0.0
promotion,Random Forest,0,1161,-1,-1,leaf,,0.0,7,6.558536098923016,True,1.0,0.0,0.0
promotion,Random Forest,0,1162,1163,1198,cat__department_Operations,0.5,0.44581673935596566,299,367.60032774594276,False,0.6645953532819686,0.33540464671803155,0.3354046467180315
promotion,Random Forest,0,1163,1164,1195,cat__department_R&D,0.5,0.4085276735791965,268,307.7787150718214,False,0.7138601487196753,0.28613985128032465,0.28613985128032465
promotion,Random Forest,0,1164,1165,1180,cat__recruitment_channel_sourcing,0.5,0.3753518669039384,258,281.4204491216773,False,0.7496478851262932,0.2503521148737068,0.2503521148737068
promotion,Random Forest,0,1165,1166,1177,num__avg_training_score,67.5,0.2298845461046074,144,132.9344775576431,False,0.8675020094471542,0.1324979905528457,0.13249799055284572
promotion,Random Forest,0,1166,1167,1170,num__age,25.5,0.3648975905424052,71,73.3611079924257,False,0.7599061460004309,0.24009385399956906,0.24009385399956906
promotion,Random Forest,0,1167,1168,1169,num__avg_training_score,58.0,0.49811657853991664,15,22.12671625768149,False,0.4693126943176556,0.5306873056823443,0.5306873056823443
promotion,Random Forest,0,1168,-1,-1,leaf,,0.0,12,8.74471479856402,True,1.0,0.0,0.0
promotion,Random Forest,0,1169,-1,-1,leaf,,0.21502573346491882,3,13.38200145911747,True,0.12252532102465383,0.8774746789753463,0.8774746789753463
promotion,Random Forest,0,1170,1171,1172,cat__department_Finance,0.5,0.20292532792337736,56,51.23439173474421,False,0.8854054177594177,0.11459458224058236,0.11459458224058236
promotion,Random Forest,0,1171,-1,-1,leaf,,-4.440892098500626e-16,46,37.71158256880734,True,1.0,0.0,0.0
promotion,Random Forest,0,1172,1173,1174,cat__education_Bachelor's,0.5,0.49133254299669527,10,13.522809165936875,False,0.5658310603108629,0.43416893968913717,0.43416893968913717
promotion,Random Forest,0,1173,-1,-1,leaf,,0.0,3,2.186178699641005,True,1.0,0.0,0.0
promotion,Random Forest,0,1174,1175,1176,num__avg_training_score,62.0,0.49935954122161175,7,11.33663046629587,False,0.4821050457057274,0.5178949542942726,0.5178949542942726
promotion,Random Forest,0,1175,-1,-1,leaf,,0.0,5,4.918902074192261,True,1.0,0.0,0.0
promotion,Random Forest,0,1176,-1,-1,leaf,,0.1558183735588441,2,6.4177283921036095,True,0.08516170232176253,0.9148382976782374,0.9148382976782374
promotion,Random Forest,0,1177,1178,1179,cat__recruitment_channel_referred,0.5,7.771561172376096e-16,73,59.573369565217384,False,1.0,0.0,0.0
promotion,Random Forest,0,1178,-1,-1,leaf,,0.0,67,54.10792281611487,True,1.0,0.0,0.0
promotion,Random Forest,0,1179,-1,-1,leaf,,0.0,6,5.465446749102513,True,1.0,0.0,0.0
promotion,Random Forest,0,1180,1181,1192,cat__department_Analytics,0.5,0.45844901223945345,114,148.4859715640342,False,0.6441370662954996,0.35586293370450034,0.35586293370450034
promotion,Random Forest,0,1181,1182,1187,num__no_of_trainings,2.5,0.351365856279515,90,103.28025740567011,False,0.7726115769006197,0.22738842309938043,0.22738842309938043
promotion,Random Forest,0,1182,1183,1186,cat__department_Technology,0.5,0.38626038893045045,60,67.34911656841294,False,0.7384739095473019,0.2615260904526982,0.2615260904526982
promotion,Random Forest,0,1183,1184,1185,num__age,27.5,0.43173493501581006,46,55.87167839529766,False,0.6847499187877899,0.3152500812122102,0.3152500812122102
promotion,Random Forest,0,1184,-1,-1,leaf,,0.4913325429966948,27,40.568427497810625,True,0.5658310603108629,0.43416893968913717,0.43416893968913717
promotion,Random Forest,0,1185,-1,-1,leaf,,0.0,19,15.303250897487034,True,1.0,0.0,0.0
promotion,Random Forest,0,1186,-1,-1,leaf,,0.0,14,11.477438173115276,True,1.0,0.0,0.0
promotion,Random Forest,0,1187,1188,1191,cat__education_Master's & above,0.5,0.27340220291249895,30,35.931140837257175,False,0.8365990174432342,0.16340098255676588,0.16340098255676588
promotion,Random Forest,0,1188,1189,1190,num__length_of_service,4.5,0.3028577452042388,26,31.558783437975165,False,0.813960391447521,0.18603960855247903,0.18603960855247903
promotion,Random Forest,0,1189,-1,-1,leaf,,0.0,24,24.047965696051055,True,1.0,0.0,0.0
promotion,Random Forest,0,1190,-1,-1,leaf,,0.34129359726386643,2,7.510817741924113,True,0.218302997232724,0.7816970027672759,0.7816970027672759
promotion,Random Forest,0,1191,-1,-1,leaf,,0.0,4,4.37235739928201,True,1.0,0.0,0.0
promotion,Random Forest,0,1192,1193,1194,num__length_of_service,2.5,0.4553681655988624,24,45.205714158364074,False,0.3506148695466349,0.6493851304533652,0.6493851304533652
promotion,Random Forest,0,1193,-1,-1,leaf,,0.22565919718173966,9,33.7282759852488,True,0.12963477294820164,0.8703652270517984,0.8703652270517984
promotion,Random Forest,0,1194,-1,-1,leaf,,0.0,15,11.477438173115276,True,1.0,0.0,0.0
promotion,Random Forest,0,1195,1196,1197,num__age,31.5,0.44339306820740576,10,26.358265950144094,False,0.331763660595291,0.6682363394047091,0.6682363394047091
promotion,Random Forest,0,1196,-1,-1,leaf,,-4.440892098500626e-16,8,7.651625448743517,True,1.0,0.0,0.0
promotion,Random Forest,0,1197,-1,-1,leaf,,0.11003756798143471,2,18.706640501400578,True,0.058433225877124344,0.9415667741228757,0.9415667741228757
promotion,Random Forest,0,1198,1199,1202,cat__gender_f,0.5,0.48420454778537625,31,59.821612674121454,False,0.4111308483932058,0.5888691516067943,0.5888691516067943
promotion,Random Forest,0,1199,1200,1201,num__avg_training_score,65.5,0.4913893500728702,22,41.520709140811725,False,0.43438502485282193,0.5656149751471781,0.5656149751471781
promotion,Random Forest,0,1200,-1,-1,leaf,,0.0,20,18.035974272038292,True,1.0,0.0,0.0
promotion,Random Forest,0,1201,-1,-1,leaf,,0.0,2,23.484734868773433,True,0.0,1.0,1.0
promotion,Random Forest,0,1202,1203,1204,cat__recruitment_channel_other,0.5,0.4598831646567926,9,18.300903533309732,False,0.3583722567022842,0.6416277432977158,0.6416277432977158
promotion,Random Forest,0,1203,-1,-1,leaf,,0.34129359726386654,4,15.021635483848224,True,0.21830299723272403,0.781697002767276,0.781697002767276
promotion,Random Forest,0,1204,-1,-1,leaf,,1.1102230246251565e-15,5,3.279268049461508,True,1.0,0.0,0.0
promotion,Random Forest,0,1205,1206,1223,cat__region_region_19,0.5,0.08373613340636721,752,670.4528222556914,False,0.9562147885555903,0.04378521144440986,0.043785211444409854
promotion,Random Forest,0,1206,1207,1220,cat__department_Finance,0.5,0.06989430193735624,734,647.6387536162803,False,0.9637379098492185,0.03626209015078167,0.03626209015078166
promotion,Random Forest,0,1207,1208,1209,cat__education_Bachelor's,0.5,0.055833127960511875,701,612.8007021288437,False,0.9712572928027149,0.028742707197285097,0.028742707197285097
promotion,Random Forest,0,1208,-1,-1,leaf,,0.0,234,203.8611637415237,True,1.0,0.0,0.0
promotion,Random Forest,0,1209,1210,1211,cat__department_Technology,0.5,0.08243229768136284,467,408.93953838731994,False,0.9569287156212866,0.043071284378713486,0.043071284378713486
promotion,Random Forest,0,1210,-1,-1,leaf,,0.0,401,337.218064419625,True,1.0,0.0,0.0
promotion,Random Forest,0,1211,1212,1213,cat__recruitment_channel_sourcing,0.5,0.37054364550176,66,71.72147396769495,False,0.7544173289088616,0.24558267109113843,0.24558267109113843
promotion,Random Forest,0,1212,-1,-1,leaf,,0.0,39,32.246135819704826,True,1.0,0.0,0.0
promotion,Random Forest,0,1213,1214,1215,cat__gender_m,0.5,0.494209240549897,27,39.47533814799012,False,0.5538087327954437,0.4461912672045563,0.4461912672045563
promotion,Random Forest,0,1214,-1,-1,leaf,,0.0,9,9.291259473474272,True,1.0,0.0,0.0
promotion,Random Forest,0,1215,1216,1217,num__age,34.5,0.4860428687670262,18,30.184078674515852,False,0.4164621904974347,0.5835378095025653,0.5835378095025653
promotion,Random Forest,0,1216,-1,-1,leaf,,-4.440892098500626e-16,11,9.291259473474272,True,1.0,0.0,0.0
promotion,Random Forest,0,1217,1218,1219,num__length_of_service,7.5,0.26464259482182695,7,20.892819201041583,False,0.1569567044976881,0.8430432955023119,0.8430432955023119
promotion,Random Forest,0,1218,-1,-1,leaf,,0.0,2,1.0930893498205025,True,1.0,0.0,0.0
promotion,Random Forest,0,1219,-1,-1,leaf,,0.19644638876922693,5,19.79972985122108,True,0.11041457212135548,0.8895854278786446,0.8895854278786446
promotion,Random Forest,0,1220,1221,1222,num__age,30.5,0.2802524961237981,33,34.83805148743667,False,0.8314720982799331,0.1685279017200669,0.1685279017200669
promotion,Random Forest,0,1221,-1,-1,leaf,,0.26464259482182684,3,6.964273067013861,True,0.15695670449768812,0.8430432955023119,0.8430432955023119
promotion,Random Forest,0,1222,-1,-1,leaf,,0.0,30,27.873778420422813,True,1.0,0.0,0.0
promotion,Random Forest,0,1223,-1,-1,leaf,,0.3822412382546565,18,22.814068639411147,True,0.7426507384548267,0.25734926154517346,0.25734926154517346
promotion,Random Forest,0,1224,1225,1226,num__age,25.5,0.4993595412216061,13,22.67326093259174,False,0.4821050457057274,0.5178949542942726,0.5178949542942726
promotion,Random Forest,0,1225,-1,-1,leaf,,0.3062941761706056,3,14.475090808937972,True,0.18878799522721296,0.8112120047727871,0.8112120047727871
promotion,Random Forest,0,1226,-1,-1,leaf,,0.0,10,8.19817012365377,True,1.0,0.0,0.0
promotion,Random Forest,0,1227,1228,1245,cat__department_Technology,0.5,0.4517188662244389,95,119.25417453251943,False,0.655372349173853,0.3446276508261471,0.3446276508261471
promotion,Random Forest,0,1228,1229,1244,cat__department_Analytics,0.5,0.46998717060947526,82,108.86982570922466,False,0.6225006722237161,0.37749932777628403,0.37749932777628403
promotion,Random Forest,0,1229,1230,1243,cat__department_Operations,0.5,0.4885596304440466,68,96.84584286119913,False,0.5756319031756875,0.4243680968243126,0.4243680968243126
promotion,Random Forest,0,1230,1231,1242,cat__department_Procurement,0.5,0.4998901539129691,51,80.99604728880185,False,0.49258899173422294,0.5074110082657771,0.5074110082657771
promotion,Random Forest,0,1231,1232,1239,num__age,34.5,0.49166572790106555,40,72.79787716514808,False,0.4354466418420608,0.5645533581579393,0.5645533581579393
promotion,Random Forest,0,1232,1233,1238,cat__recruitment_channel_sourcing,0.5,0.48261583478307457,31,43.30115087236188,False,0.5932313391969821,0.406768660803018,0.406768660803018
promotion,Random Forest,0,1233,1234,1237,num__age,26.5,0.49753695932140596,19,32.91680204906711,False,0.46490697591690083,0.5350930240830992,0.5350930240830992
promotion,Random Forest,0,1234,1235,1236,num__length_of_service,2.5,0.31864252908598467,7,21.985908550862085,False,0.19887089902002555,0.8011291009799745,0.8011291009799745
promotion,Random Forest,0,1235,-1,-1,leaf,,0.1558183735588441,4,19.25318517631083,True,0.08516170232176254,0.9148382976782375,0.9148382976782375
promotion,Random Forest,0,1236,-1,-1,leaf,,0.0,3,2.7327233745512567,True,1.0,0.0,0.0
promotion,Random Forest,0,1237,-1,-1,leaf,,0.0,12,10.930893498205025,True,1.0,0.0,0.0
promotion,Random Forest,0,1238,-1,-1,leaf,,0.0,12,10.384348823294774,True,1.0,0.0,0.0
promotion,Random Forest,0,1239,1240,1241,cat__recruitment_channel_other,0.5,0.32455355688615073,9,29.496726292786196,False,0.20381893788271255,0.7961810621172875,0.7961810621172875
promotion,Random Forest,0,1240,-1,-1,leaf,,0.21502573346491882,5,26.76400291823494,True,0.12252532102465383,0.8774746789753463,0.8774746789753463
promotion,Random Forest,0,1241,-1,-1,leaf,,0.0,4,2.7327233745512562,True,1.0,0.0,0.0
promotion,Random Forest,0,1242,-1,-1,leaf,,0.0,11,8.19817012365377,True,1.0,0.0,0.0
promotion,Random Forest,0,1243,-1,-1,leaf,,0.0,17,15.849795572397285,True,1.0,0.0,0.0
promotion,Random Forest,0,1244,-1,-1,leaf,,0.0,14,12.023982848025527,True,1.0,0.0,0.0
promotion,Random Forest,0,1245,-1,-1,leaf,,0.0,13,10.384348823294774,True,1.0,0.0,0.0
promotion,Random Forest,0,1246,1247,1248,cat__gender_m,0.5,9.048317650695026e-14,93,80.34206721180693,False,1.0,0.0,0.0
promotion,Random Forest,0,1247,-1,-1,leaf,,0.0,13,14.756706222576783,True,1.0,0.0,0.0
promotion,Random Forest,0,1248,-1,-1,leaf,,0.0,80,65.58536098923015,True,1.0,0.0,0.0
promotion,Random Forest,0,1249,1250,1251,num__avg_training_score,81.5,0.06397079409833806,198,177.48621163901225,False,0.9669203389774598,0.03307966102254022,0.03307966102254022
promotion,Random Forest,0,1250,-1,-1,leaf,,0.0,177,154.12559832469086,True,1.0,0.0,0.0
promotion,Random Forest,0,1251,1252,1253,cat__education_Master's & above,0.5,0.37632479192969914,21,23.360613314321398,False,0.748671679197995,0.251328320802005,0.251328320802005
promotion,Random Forest,0,1252,-1,-1,leaf,,0.4137795993733371,18,20.08134526485989,True,0.7076299600571445,0.2923700399428555,0.2923700399428555
promotion,Random Forest,0,1253,-1,-1,leaf,,0.0,3,3.2792680494615074,True,1.0,0.0,0.0
promotion,Random Forest,0,1254,-1,-1,leaf,,0.0,66,61.21300358994814,True,1.0,0.0,0.0
promotion,Random Forest,0,1255,1256,1257,cat__education_Master's & above,0.5,0.49762325850196465,25,37.83570412325937,False,0.5344727537196221,0.46552724628037795,0.46552724628037795
promotion,Random Forest,0,1256,-1,-1,leaf,,-4.440892098500626e-16,20,16.39634024730754,True,1.0,0.0,0.0
promotion,Random Forest,0,1257,1258,1259,num__previous_year_rating,3.5,0.2932086897501166,5,21.439363875951834,False,0.1784480522140448,0.8215519477859552,0.8215519477859552
promotion,Random Forest,0,1258,-1,-1,leaf,,0.1558183735588441,2,19.25318517631083,True,0.08516170232176254,0.9148382976782375,0.9148382976782375
promotion,Random Forest,0,1259,-1,-1,leaf,,-4.440892098500626e-16,3,2.186178699641005,True,1.0,0.0,0.0
promotion,Random Forest,0,1260,1261,1262,num__previous_year_rating,2.5,0.3470292754733001,30,83.1655398360755,False,0.22344012897139676,0.7765598710286031,0.7765598710286032
promotion,Random Forest,0,1261,-1,-1,leaf,,0.0,6,4.37235739928201,True,1.0,0.0,0.0
promotion,Random Forest,0,1262,1263,1276,cat__region_region_15,0.5,0.2956446895749554,24,78.79318243679349,False,0.18034760252342485,0.819652397476575,0.8196523974765751
promotion,Random Forest,0,1263,1264,1275,cat__region_region_2,0.5,0.2646425948218273,22,76.60700373715247,False,0.1569567044976881,0.8430432955023119,0.8430432955023119
promotion,Random Forest,0,1264,1265,1272,cat__gender_f,0.5,0.3412935972638663,19,52.57572419346878,False,0.218302997232724,0.781697002767276,0.781697002767276
promotion,Random Forest,0,1265,1266,1269,cat__region_region_22,0.5,0.4993595412216114,14,22.67326093259174,False,0.4821050457057274,0.5178949542942726,0.5178949542942726
promotion,Random Forest,0,1266,1267,1268,num__age,28.0,3.3306690738754696e-16,10,9.837804148384523,False,1.0,0.0,0.0
promotion,Random Forest,0,1267,-1,-1,leaf,,0.0,3,3.279268049461508,True,1.0,0.0,0.0
promotion,Random Forest,0,1268,-1,-1,leaf,,0.0,7,6.558536098923015,True,1.0,0.0,0.0
promotion,Random Forest,0,1269,1270,1271,cat__department_Analytics,0.5,0.15581837355884387,4,12.835456784207219,False,0.08516170232176253,0.9148382976782374,0.9148382976782374
promotion,Random Forest,0,1270,-1,-1,leaf,,0.1558183735588441,2,6.4177283921036095,True,0.08516170232176253,0.9148382976782374,0.9148382976782374
promotion,Random Forest,0,1271,-1,-1,leaf,,0.1558183735588441,2,6.4177283921036095,True,0.08516170232176253,0.9148382976782374,0.9148382976782374
promotion,Random Forest,0,1272,1273,1274,cat__department_Technology,0.5,0.03588702081288275,5,29.90246326087704,False,0.018277580349887905,0.9817224196501121,0.9817224196501121
promotion,Random Forest,0,1273,-1,-1,leaf,,0.05838029916382992,3,18.160095826490327,True,0.03009591359716289,0.9699040864028371,0.9699040864028371
promotion,Random Forest,0,1274,-1,-1,leaf,,0.0,2,11.742367434386717,True,0.0,1.0,1.0
promotion,Random Forest,0,1275,-1,-1,leaf,,0.04445161392177566,3,24.031279543683684,True,0.022743053440693863,0.9772569465593062,0.9772569465593062
promotion,Random Forest,0,1276,-1,-1,leaf,,0.0,2,2.186178699641005,True,1.0,0.0,0.0
promotion,Random Forest,0,1277,-1,-1,leaf,,0.0,107,89.6333266852812,True,1.0,0.0,0.0
promotion,Random Forest,0,1278,1279,3002,cat__region_region_29,0.5,0.42996795687088873,4779,10937.031367620539,False,0.3128743161278726,0.6871256838721488,0.6871256838721341
promotion,Random Forest,0,1279,1280,2419,num__length_of_service,5.5,0.42755349518241603,4660,10758.783740502431,False,0.3096759279313834,0.69032407206864,0.6903240720686239
promotion,Random Forest,0,1280,1281,1326,num__previous_year_rating,1.5,0.4404926796367673,3308,7351.065982856766,False,0.3275075068832655,0.6724924931167079,0.6724924931167258
promotion,Random Forest,0,1281,1282,1305,cat__recruitment_channel_other,0.5,0.4654769312690554,242,318.5521147108396,False,0.631383158606696,0.36861684139330414,0.3686168413933041
promotion,Random Forest,0,1282,1283,1292,num__avg_training_score,62.5,0.49827433205213023,102,149.70318246830675,False,0.529374035710724,0.470625964289276,0.470625964289276
promotion,Random Forest,0,1283,1284,1285,num__length_of_service,2.5,0.2911498521566669,64,66.39683492541185,False,0.8231486870183233,0.17685131298167645,0.17685131298167647
promotion,Random Forest,0,1284,-1,-1,leaf,,0.0,16,15.849795572397285,True,1.0,0.0,0.0
promotion,Random Forest,0,1285,1286,1287,num__age,26.5,0.35667956744197193,48,50.547039353014554,False,0.7676942589578906,0.2323057410421095,0.2323057410421095
promotion,Random Forest,0,1286,-1,-1,leaf,,0.1558183735588441,2,6.4177283921036095,True,0.08516170232176253,0.9148382976782374,0.9148382976782374
promotion,Random Forest,0,1287,1288,1291,num__no_of_trainings,1.5,0.2306880406628451,46,44.12931096091094,False,0.8669550104148701,0.13304498958512997,0.13304498958512997
promotion,Random Forest,0,1288,1289,1290,cat__department_Operations,0.5,0.25462932915691183,37,39.21040888671868,False,0.8502646648201101,0.14973533517988996,0.14973533517988996
promotion,Random Forest,0,1289,-1,-1,leaf,,-2.220446049250313e-16,25,23.501421021140803,True,1.0,0.0,0.0
promotion,Random Forest,0,1290,-1,-1,leaf,,0.46812025162388604,12,15.708987865577882,True,0.6262532145652416,0.3737467854347583,0.3737467854347583
promotion,Random Forest,0,1291,-1,-1,leaf,,0.0,9,4.918902074192261,True,1.0,0.0,0.0
promotion,Random Forest,0,1292,1293,1304,cat__department_R&D,0.5,0.4161382718544958,38,83.3063475428949,False,0.2952297285425634,0.7047702714574365,0.7047702714574365
promotion,Random Forest,0,1293,1294,1303,num__avg_training_score,83.5,0.4041480297839447,36,81.66671351816414,False,0.2810799572720038,0.7189200427279961,0.7189200427279961
promotion,Random Forest,0,1294,1295,1302,cat__recruitment_channel_referred,0.5,0.4961055060456644,28,43.16034316554248,False,0.45587237852356277,0.5441276214764372,0.5441276214764372
promotion,Random Forest,0,1295,1296,1299,cat__department_Procurement,0.5,0.477665912974097,25,29.778341706425007,False,0.6056742329659959,0.3943257670340041,0.3943257670340041
promotion,Random Forest,0,1296,1297,1298,cat__department_Operations,0.5,0.420439370491299,19,19.53480058994964,False,0.6994500307203548,0.30054996927964517,0.30054996927964517
promotion,Random Forest,0,1297,-1,-1,leaf,,2.220446049250313e-16,17,12.023982848025527,True,1.0,0.0,0.0
promotion,Random Forest,0,1298,-1,-1,leaf,,0.34129359726386643,2,7.510817741924113,True,0.218302997232724,0.7816970027672759,0.7816970027672759
promotion,Random Forest,0,1299,1300,1301,cat__gender_f,0.5,0.489295351903807,6,10.243541116475368,False,0.42684042066758116,0.5731595793324189,0.5731595793324189
promotion,Random Forest,0,1300,-1,-1,leaf,,0.0,3,2.7327233745512562,True,1.0,0.0,0.0
promotion,Random Forest,0,1301,-1,-1,leaf,,0.34129359726386665,3,7.510817741924112,True,0.21830299723272403,0.781697002767276,0.781697002767276
promotion,Random Forest,0,1302,-1,-1,leaf,,0.2150257334649185,3,13.38200145911747,True,0.12252532102465383,0.8774746789753463,0.8774746789753463
promotion,Random Forest,0,1303,-1,-1,leaf,,0.15581837355884443,8,38.50637035262166,True,0.08516170232176254,0.9148382976782375,0.9148382976782375
promotion,Random Forest,0,1304,-1,-1,leaf,,0.0,2,1.639634024730754,True,1.0,0.0,0.0
promotion,Random Forest,0,1305,1306,1317,cat__education_Master's & above,0.5,0.4015869078977824,140,168.8489322425329,False,0.7218254855761812,0.2781745144238188,0.2781745144238188
promotion,Random Forest,0,1306,1307,1316,cat__gender_m,0.5,0.3436373465319783,118,133.19940681891453,False,0.7796092393573767,0.22039076064262325,0.22039076064262325
promotion,Random Forest,0,1307,1308,1315,cat__region_region_32,0.5,0.4999964213514223,35,58.86933103112036,False,0.5013376562670936,0.49866234373290635,0.49866234373290635
promotion,Random Forest,0,1308,1309,1314,cat__region_region_13,0.5,0.49842319262125045,31,55.59006298165885,False,0.47192147280616753,0.5280785271938324,0.5280785271938324
promotion,Random Forest,0,1309,1310,1313,cat__region_region_7,0.5,0.4305963009779583,29,37.42996715516853,False,0.6862843243835102,0.3137156756164898,0.3137156756164898
promotion,Random Forest,0,1310,1311,1312,cat__region_region_22,0.5,0.3154536264861624,26,29.919149413244412,False,0.8037650189816445,0.19623498101835546,0.19623498101835546
promotion,Random Forest,0,1311,-1,-1,leaf,,0.0,20,19.129063621858794,True,1.0,0.0,0.0
promotion,Random Forest,0,1312,-1,-1,leaf,,0.4961055060456645,6,10.79008579138562,True,0.45587237852356277,0.5441276214764372,0.5441276214764372
promotion,Random Forest,0,1313,-1,-1,leaf,,0.34129359726386643,3,7.510817741924112,True,0.21830299723272403,0.781697002767276,0.781697002767276
promotion,Random Forest,0,1314,-1,-1,leaf,,0.05838029916382992,2,18.160095826490327,True,0.03009591359716289,0.9699040864028371,0.9699040864028371
promotion,Random Forest,0,1315,-1,-1,leaf,,0.0,4,3.279268049461508,True,1.0,0.0,0.0
promotion,Random Forest,0,1316,-1,-1,leaf,,-4.440892098500626e-16,83,74.33007578779417,True,1.0,0.0,0.0
promotion,Random Forest,0,1317,1318,1325,cat__department_Procurement,0.5,0.4999297966462751,22,35.649525423618364,False,0.5059246668144755,0.49407533318552466,0.49407533318552466
promotion,Random Forest,0,1318,1319,1324,cat__region_region_23,0.5,0.4920256572707271,18,31.277168024336355,False,0.4368559475117696,0.5631440524882305,0.5631440524882305
promotion,Random Forest,0,1319,1320,1323,cat__department_Operations,0.5,0.42719132242598623,16,18.98825591503939,False,0.690799210656142,0.3092007893438579,0.3092007893438579
promotion,Random Forest,0,1320,1321,1322,num__age,35.5,0.4745608214850363,12,15.16244319066763,False,0.6127811564822859,0.3872188435177141,0.3872188435177141
promotion,Random Forest,0,1321,-1,-1,leaf,,0.4598831646567927,5,9.150451766654866,True,0.35837225670228423,0.6416277432977158,0.6416277432977158
promotion,Random Forest,0,1322,-1,-1,leaf,,2.220446049250313e-16,7,6.011991424012764,True,1.0,0.0,0.0
promotion,Random Forest,0,1323,-1,-1,leaf,,0.0,4,3.825812724371759,True,1.0,0.0,0.0
promotion,Random Forest,0,1324,-1,-1,leaf,,0.08499325318400874,2,12.288912109296968,True,0.04447461826151171,0.9555253817384883,0.9555253817384883
promotion,Random Forest,0,1325,-1,-1,leaf,,0.0,4,4.37235739928201,True,1.0,0.0,0.0
promotion,Random Forest,0,1326,1327,2238,num__length_of_service,4.5,0.4306165385025601,3066,7032.513868145871,False,0.3137428370538745,0.6862571629461025,0.6862571629461183
promotion,Random Forest,0,1327,1328,2029,cat__department_Sales & Marketing,0.5,0.42323293323229705,2598,6091.234547084653,False,0.3040828405068434,0.695917159493131,0.6959171594931488
promotion,Random Forest,0,1328,1329,1766,cat__recruitment_channel_sourcing,0.5,0.4411998867469106,1964,4336.949091219057,False,0.3285355528788459,0.6714644471211321,0.6714644471211468
promotion,Random Forest,0,1329,1330,1759,cat__region_region_16,0.5,0.45533314515957624,1150,2422.807661018401,False,0.3505562733995663,0.6494437266004136,0.6494437266004267
promotion,Random Forest,0,1330,1331,1382,num__avg_training_score,57.5,0.45225184455398737,1121,2395.0746903047952,False,0.34548761304342346,0.6545123869565572,0.6545123869565699
promotion,Random Forest,0,1331,1332,1381,num__age,35.5,0.48067360886874666,190,263.08617328363283,False,0.5983015542381028,0.40169844576189717,0.40169844576189717
promotion,Random Forest,0,1332,1333,1374,cat__education_Master's & above,0.5,0.49258204260644345,170,240.67784161231253,False,0.5609013850152708,0.43909861498472924,0.43909861498472924
promotion,Random Forest,0,1333,1334,1341,cat__recruitment_channel_other,0.5,0.47211607695729163,151,199.84448485323045,False,0.6180760836128729,0.381923916387127,0.381923916387127
promotion,Random Forest,0,1334,1335,1338,cat__gender_m,0.5,0.26464259482182706,8,27.857092268055446,False,0.1569567044976881,0.8430432955023118,0.8430432955023119
promotion,Random Forest,0,1335,1336,1337,cat__region_region_2,0.5,0.1558183735588441,4,19.25318517631083,False,0.08516170232176254,0.9148382976782375,0.9148382976782375
promotion,Random Forest,0,1336,-1,-1,leaf,,0.05838029916382992,2,18.160095826490327,True,0.03009591359716289,0.9699040864028371,0.9699040864028371
promotion,Random Forest,0,1337,-1,-1,leaf,,-6.661338147750939e-16,2,1.0930893498205025,True,1.0,0.0,0.0
promotion,Random Forest,0,1338,1339,1340,num__avg_training_score,49.5,0.43347086592520223,4,8.603907091744615,False,0.3176142356503691,0.6823857643496308,0.6823857643496308
promotion,Random Forest,0,1339,-1,-1,leaf,,0.0,2,2.186178699641005,True,1.0,0.0,0.0
promotion,Random Forest,0,1340,-1,-1,leaf,,0.15581837355884443,2,6.4177283921036095,True,0.08516170232176253,0.9148382976782374,0.9148382976782374
promotion,Random Forest,0,1341,1342,1373,cat__region_region_7,0.5,0.42568378877946866,143,171.987392585175,False,0.6927643784786641,0.3072356215213359,0.3072356215213359
promotion,Random Forest,0,1342,1343,1372,num__previous_year_rating,3.5,0.4370682287671741,136,163.78922246152123,False,0.677386261070053,0.32261373892994705,0.32261373892994705
promotion,Random Forest,0,1343,1344,1349,cat__gender_m,0.5,0.48325084976000887,95,129.3569079421754,False,0.591512704691729,0.408487295308271,0.408487295308271
promotion,Random Forest,0,1344,1345,1348,cat__region_region_22,0.5,0.2949587075138095,32,32.65187278779567,False,0.8201884542626346,0.17981154573736544,0.17981154573736544
promotion,Random Forest,0,1345,1346,1347,cat__department_Finance,0.5,0.3243844663093477,27,28.82606006342391,False,0.7963237534274399,0.2036762465725602,0.2036762465725602
promotion,Random Forest,0,1346,-1,-1,leaf,,0.0,24,21.3152423214998,True,1.0,0.0,0.0
promotion,Random Forest,0,1347,-1,-1,leaf,,0.34129359726386643,3,7.510817741924112,True,0.21830299723272403,0.781697002767276,0.781697002767276
promotion,Random Forest,0,1348,-1,-1,leaf,,0.0,5,3.825812724371759,True,1.0,0.0,0.0
promotion,Random Forest,0,1349,1350,1371,num__age,30.5,0.49959092190333465,63,96.70503515437973,False,0.514301714873844,0.4856982851261561,0.4856982851261561
promotion,Random Forest,0,1350,1351,1366,cat__department_Operations,0.5,0.4947762823489015,52,85.22759698126445,False,0.4488936518077338,0.5511063481922663,0.5511063481922663
promotion,Random Forest,0,1351,1352,1353,cat__department_HR,0.5,0.49842319262125023,35,55.59006298165885,False,0.47192147280616753,0.5280785271938324,0.5280785271938324
promotion,Random Forest,0,1352,-1,-1,leaf,,0.0,9,9.291259473474272,True,1.0,0.0,0.0
promotion,Random Forest,0,1353,1354,1363,cat__education_Below Secondary,0.5,0.46405931623957053,26,46.298803508184584,False,0.3659464962031399,0.63405350379686,0.6340535037968601
promotion,Random Forest,0,1354,1355,1362,num__length_of_service,2.5,0.4334708659252019,19,34.41562836697846,False,0.3176142356503691,0.6823857643496308,0.6823857643496308
promotion,Random Forest,0,1355,1356,1361,cat__region_region_13,0.5,0.3836035286783954,17,31.6829049924272,False,0.25875689510205213,0.7412431048979479,0.7412431048979479
promotion,Random Forest,0,1356,1357,1358,num__avg_training_score,49.5,0.34129359726386654,15,30.043270967696447,False,0.218302997232724,0.781697002767276,0.781697002767276
promotion,Random Forest,0,1357,-1,-1,leaf,,0.0,4,2.186178699641005,True,1.0,0.0,0.0
promotion,Random Forest,0,1358,1359,1360,cat__region_region_2,0.5,0.26464259482182684,11,27.857092268055442,False,0.15695670449768812,0.8430432955023119,0.8430432955023119
promotion,Random Forest,0,1359,-1,-1,leaf,,0.3707094622444589,8,15.568180158758475,True,0.24574566104435797,0.7542543389556421,0.7542543389556421
promotion,Random Forest,0,1360,-1,-1,leaf,,0.08499325318400885,3,12.288912109296968,True,0.04447461826151171,0.9555253817384883,0.9555253817384883
promotion,Random Forest,0,1361,-1,-1,leaf,,0.0,2,1.639634024730754,True,1.0,0.0,0.0
promotion,Random Forest,0,1362,-1,-1,leaf,,0.0,2,2.7327233745512567,True,1.0,0.0,0.0
promotion,Random Forest,0,1363,1364,1365,num__avg_training_score,50.5,0.49992979664627524,7,11.883175141206122,False,0.5059246668144755,0.4940753331855246,0.4940753331855246
promotion,Random Forest,0,1364,-1,-1,leaf,,-4.440892098500626e-16,5,4.37235739928201,True,1.0,0.0,0.0
promotion,Random Forest,0,1365,-1,-1,leaf,,0.34129359726386665,2,7.510817741924113,True,0.218302997232724,0.7816970027672759,0.7816970027672759
promotion,Random Forest,0,1366,1367,1368,num__avg_training_score,54.5,0.4822154693197753,17,29.6375339996056,False,0.405701191205231,0.594298808794769,0.594298808794769
promotion,Random Forest,0,1367,-1,-1,leaf,,0.0,2,2.186178699641005,True,1.0,0.0,0.0
promotion,Random Forest,0,1368,1369,1370,num__length_of_service,1.5,0.4598831646567926,15,27.451355299964597,False,0.35837225670228423,0.6416277432977159,0.6416277432977159
promotion,Random Forest,0,1369,-1,-1,leaf,,0.0,7,6.011991424012764,True,1.0,0.0,0.0
promotion,Random Forest,0,1370,-1,-1,leaf,,0.2932086897501166,8,21.439363875951834,True,0.1784480522140448,0.8215519477859552,0.8215519477859552
promotion,Random Forest,0,1371,-1,-1,leaf,,0.0,11,11.477438173115276,True,1.0,0.0,0.0
promotion,Random Forest,0,1372,-1,-1,leaf,,0.0,41,34.43231451934583,True,1.0,0.0,0.0
promotion,Random Forest,0,1373,-1,-1,leaf,,0.0,7,8.19817012365377,True,1.0,0.0,0.0
promotion,Random Forest,0,1374,1375,1380,cat__region_region_7,0.5,0.4041480297839446,19,40.833356759082065,False,0.28107995727200386,0.7189200427279963,0.7189200427279963
promotion,Random Forest,0,1375,1376,1379,cat__department_Operations,0.5,0.3536770905341179,17,38.100633384530816,False,0.2295162579138238,0.7704837420861761,0.7704837420861762
promotion,Random Forest,0,1376,1377,1378,num__length_of_service,3.5,0.26464259482182706,6,13.928546134027723,False,0.1569567044976881,0.8430432955023118,0.8430432955023119
promotion,Random Forest,0,1377,-1,-1,leaf,,0.0,3,1.639634024730754,True,1.0,0.0,0.0
promotion,Random Forest,0,1378,-1,-1,leaf,,0.08499325318400919,3,12.288912109296968,True,0.04447461826151171,0.9555253817384883,0.9555253817384883
promotion,Random Forest,0,1379,-1,-1,leaf,,0.3954171736469343,11,24.17208725050309,True,0.2713268420287749,0.7286731579712251,0.7286731579712251
promotion,Random Forest,0,1380,-1,-1,leaf,,0.0,2,2.7327233745512567,True,1.0,0.0,0.0
promotion,Random Forest,0,1381,-1,-1,leaf,,0.0,20,22.4083316713203,True,1.0,0.0,0.0
promotion,Random Forest,0,1382,1383,1756,cat__region_region_14,0.5,0.4310239752161935,931,2131.9885170211487,False,0.314290516149774,0.6857094838502107,0.6857094838502212
promotion,Random Forest,0,1383,1384,1717,cat__department_Finance,0.5,0.4295599658486994,918,2117.372618505392,False,0.312330031503012,0.6876699684969718,0.6876699684969829
promotion,Random Forest,0,1384,1385,1712,cat__region_region_12,0.5,0.42542042686538584,836,1948.2921293063173,False,0.3068943642269408,0.6931056357730447,0.6931056357730547
promotion,Random Forest,0,1385,1386,1641,num__avg_training_score,84.5,0.4220058326237066,822,1927.6642393665434,False,0.30252320721624915,0.6974767927837379,0.697476792783747
promotion,Random Forest,0,1386,1387,1448,num__length_of_service,1.5,0.44845562417415774,700,1502.1562298969577,False,0.33946281454775407,0.6605371854522355,0.6605371854522424
promotion,Random Forest,0,1387,1388,1447,cat__education_Master's & above,0.5,0.47974799397031287,178,342.1275988293303,False,0.3993719571151099,0.6006280428848905,0.6006280428848902
promotion,Random Forest,0,1388,1389,1440,num__no_of_trainings,1.5,0.47474730140897037,172,335.5690627304073,False,0.3876329706029629,0.6123670293970374,0.6123670293970372
promotion,Random Forest,0,1389,1390,1439,cat__region_region_32,0.5,0.4397423467291127,138,296.35865384368867,False,0.32642342716989853,0.6735765728301016,0.6735765728301015
promotion,Random Forest,0,1390,1391,1392,num__avg_training_score,58.5,0.43439599761804315,135,293.0793857942271,False,0.3188867724571772,0.6811132275428231,0.6811132275428228
promotion,Random Forest,0,1391,-1,-1,leaf,,0.0,8,7.105080773833266,True,1.0,0.0,0.0
promotion,Random Forest,0,1392,1393,1430,num__avg_training_score,81.5,0.4215638000629244,127,285.9743050203939,False,0.3019643972197483,0.6980356027802518,0.6980356027802518
promotion,Random Forest,0,1393,1394,1429,cat__region_region_1,0.5,0.4009459232388215,106,260.0217760383407,False,0.2774532894410944,0.7225467105589055,0.7225467105589056
promotion,Random Forest,0,1394,1395,1428,cat__region_region_20,0.5,0.3954171736469343,104,257.8355973386997,False,0.27132684202877483,0.7286731579712251,0.7286731579712251
promotion,Random Forest,0,1395,1396,1413,num__avg_training_score,76.5,0.4041480297839446,102,245.00014055449245,False,0.2810799572720038,0.7189200427279963,0.7189200427279963
promotion,Random Forest,0,1396,1397,1412,cat__region_region_7,0.5,0.443393068207407,71,158.1495957008646,False,0.3317636605952909,0.668236339404709,0.6682363394047091
promotion,Random Forest,0,1397,1398,1411,num__awards_won?,0.5,0.4537842303789681,63,135.070597800182,False,0.3479872215551731,0.652012778444827,0.652012778444827
promotion,Random Forest,0,1398,1399,1400,num__age,25.5,0.45988316465679246,61,128.10632473316812,False,0.3583722567022842,0.6416277432977159,0.6416277432977159
promotion,Random Forest,0,1399,-1,-1,leaf,,0.0,14,11.477438173115276,True,1.0,0.0,0.0
promotion,Random Forest,0,1400,1401,1406,cat__region_region_22,0.5,0.41613827185449537,47,116.62888656005286,False,0.2952297285425634,0.7047702714574365,0.7047702714574365
promotion,Random Forest,0,1401,1402,1405,cat__gender_m,0.5,0.4395696646983923,39,87.13216026726666,False,0.3261748934969292,0.6738251065030707,0.6738251065030708
promotion,Random Forest,0,1402,1403,1404,cat__region_region_2,0.5,0.42719132242598623,16,18.98825591503939,False,0.690799210656142,0.3092007893438579,0.3092007893438579
promotion,Random Forest,0,1403,-1,-1,leaf,,4.440892098500626e-16,12,11.477438173115276,True,1.0,0.0,0.0
promotion,Random Forest,0,1404,-1,-1,leaf,,0.34129359726386643,4,7.510817741924112,True,0.21830299723272403,0.781697002767276,0.781697002767276
promotion,Random Forest,0,1405,-1,-1,leaf,,0.348279448144163,23,68.14390435222725,True,0.224572557779878,0.775427442220122,0.775427442220122
promotion,Random Forest,0,1406,1407,1410,cat__department_Legal,0.5,0.32455355688615084,8,29.496726292786196,False,0.20381893788271258,0.7961810621172875,0.7961810621172875
promotion,Random Forest,0,1407,1408,1409,num__avg_training_score,64.5,0.37070946224445867,5,15.568180158758476,False,0.24574566104435794,0.754254338955642,0.7542543389556421
promotion,Random Forest,0,1408,-1,-1,leaf,,9.992007221626409e-16,3,3.825812724371759,True,1.0,0.0,0.0
promotion,Random Forest,0,1409,-1,-1,leaf,,-2.220446049250313e-16,2,11.742367434386717,True,0.0,1.0,1.0
promotion,Random Forest,0,1410,-1,-1,leaf,,0.26464259482182706,3,13.928546134027721,True,0.15695670449768812,0.8430432955023119,0.8430432955023119
promotion,Random Forest,0,1411,-1,-1,leaf,,0.26464259482182684,2,6.964273067013861,True,0.15695670449768812,0.8430432955023119,0.8430432955023119
promotion,Random Forest,0,1412,-1,-1,leaf,,0.3614670315331431,8,23.078997900682587,True,0.23681473401151729,0.7631852659884828,0.7631852659884828
promotion,Random Forest,0,1413,1414,1423,cat__gender_f,0.5,0.3062941761706053,31,86.85054485362785,False,0.18878799522721293,0.811212004772787,0.8112120047727871
promotion,Random Forest,0,1414,1415,1422,num__avg_training_score,80.5,0.22565919718173988,20,67.4565519704976,False,0.12963477294820164,0.8703652270517985,0.8703652270517983
promotion,Random Forest,0,1415,1416,1417,num__age,26.5,0.20400992346183577,18,66.36346262067711,False,0.11529876752331292,0.8847012324766871,0.8847012324766871
promotion,Random Forest,0,1416,-1,-1,leaf,,0.28217935009864137,11,35.36791000997955,True,0.16998435650612082,0.8300156434938792,0.8300156434938792
promotion,Random Forest,0,1417,1418,1421,cat__department_Analytics,0.5,0.10020140816777479,7,30.995552610697544,False,0.05289900926511839,0.9471009907348816,0.9471009907348816
promotion,Random Forest,0,1418,1419,1420,cat__region_region_22,0.5,0.1558183735588441,5,19.25318517631083,False,0.08516170232176254,0.9148382976782375,0.9148382976782375
promotion,Random Forest,0,1419,-1,-1,leaf,,0.34129359726386643,3,7.510817741924112,True,0.21830299723272403,0.781697002767276,0.781697002767276
promotion,Random Forest,0,1420,-1,-1,leaf,,0.0,2,11.742367434386717,True,0.0,1.0,1.0
promotion,Random Forest,0,1421,-1,-1,leaf,,0.0,2,11.742367434386717,True,0.0,1.0,1.0
promotion,Random Forest,0,1422,-1,-1,leaf,,0.0,2,1.0930893498205025,True,1.0,0.0,0.0
promotion,Random Forest,0,1423,1424,1425,num__avg_training_score,78.0,0.4777546257315769,11,19.393992883130235,False,0.3945358490566037,0.6054641509433962,0.6054641509433962
promotion,Random Forest,0,1424,-1,-1,leaf,,0.34129359726386665,3,7.510817741924113,True,0.218302997232724,0.7816970027672759,0.7816970027672759
promotion,Random Forest,0,1425,1426,1427,cat__education_Bachelor's,0.5,0.499929796646275,8,11.883175141206122,False,0.5059246668144753,0.4940753331855246,0.4940753331855246
promotion,Random Forest,0,1426,-1,-1,leaf,,0.0,2,1.0930893498205025,True,1.0,0.0,0.0
promotion,Random Forest,0,1427,-1,-1,leaf,,0.4961055060456645,6,10.79008579138562,True,0.45587237852356277,0.5441276214764372,0.5441276214764372
promotion,Random Forest,0,1428,-1,-1,leaf,,0.15581837355884398,2,12.835456784207219,True,0.08516170232176253,0.9148382976782374,0.9148382976782374
promotion,Random Forest,0,1429,-1,-1,leaf,,0.0,2,2.186178699641005,True,1.0,0.0,0.0
promotion,Random Forest,0,1430,1431,1438,cat__region_region_11,0.5,0.4954790627121356,21,25.95252898205325,False,0.5475443860401109,0.45245561395988904,0.45245561395988904
promotion,Random Forest,0,1431,1432,1433,num__age,24.5,0.49847100449088555,19,24.859439632232746,False,0.5276495525200188,0.4723504474799812,0.4723504474799812
promotion,Random Forest,0,1432,-1,-1,leaf,,0.1558183735588441,2,6.4177283921036095,True,0.08516170232176253,0.9148382976782374,0.9148382976782374
promotion,Random Forest,0,1433,1434,1435,num__age,27.5,0.43401699332762034,17,18.441711240129138,False,0.6816356334428623,0.3183643665571376,0.3183643665571377
promotion,Random Forest,0,1434,-1,-1,leaf,,0.0,8,6.558536098923015,True,1.0,0.0,0.0
promotion,Random Forest,0,1435,1436,1437,num__age,28.5,0.4999297966462751,9,11.883175141206122,False,0.5059246668144753,0.4940753331855246,0.4940753331855246
promotion,Random Forest,0,1436,-1,-1,leaf,,0.4334708659252019,5,8.603907091744615,True,0.3176142356503691,0.6823857643496308,0.6823857643496308
promotion,Random Forest,0,1437,-1,-1,leaf,,0.0,4,3.279268049461508,True,1.0,0.0,0.0
promotion,Random Forest,0,1438,-1,-1,leaf,,0.0,2,1.0930893498205025,True,1.0,0.0,0.0
promotion,Random Forest,0,1439,-1,-1,leaf,,0.0,3,3.279268049461508,True,1.0,0.0,0.0
promotion,Random Forest,0,1440,1441,1446,cat__region_region_26,0.5,0.25462932915691106,34,39.21040888671868,False,0.8502646648201101,0.14973533517988996,0.14973533517988996
promotion,Random Forest,0,1441,1442,1445,cat__gender_m,0.5,0.2606085375401501,32,38.11731953689818,False,0.8459707086299719,0.15402929137002822,0.1540292913700282
promotion,Random Forest,0,1442,1443,1444,num__no_of_trainings,2.5,0.4546585644897585,9,16.802077215398384,False,0.650567983831626,0.3494320161683741,0.3494320161683741
promotion,Random Forest,0,1443,-1,-1,leaf,,0.0,7,8.19817012365377,True,1.0,0.0,0.0
promotion,Random Forest,0,1444,-1,-1,leaf,,0.4334708659252017,2,8.603907091744615,True,0.3176142356503691,0.6823857643496308,0.6823857643496308
promotion,Random Forest,0,1445,-1,-1,leaf,,-2.220446049250313e-16,23,21.3152423214998,True,1.0,0.0,0.0
promotion,Random Forest,0,1446,-1,-1,leaf,,0.0,2,1.0930893498205025,True,1.0,0.0,0.0
promotion,Random Forest,0,1447,-1,-1,leaf,,0.0,6,6.558536098923015,True,1.0,0.0,0.0
promotion,Random Forest,0,1448,1449,1636,cat__region_region_6,0.5,0.43648509544054437,522,1160.0286310676154,False,0.3217937928136736,0.6782062071863229,0.6782062071863253
promotion,Random Forest,0,1449,1450,1573,cat__department_Operations,0.5,0.4337083113475718,511,1144.866187876947,False,0.31793999800555806,0.6820600019944392,0.6820600019944411
promotion,Random Forest,0,1450,1451,1518,cat__gender_f,0.5,0.40950488997352474,355,848.4908478808877,False,0.2872852731632425,0.7127147268367575,0.7127147268367575
promotion,Random Forest,0,1451,1452,1505,num__awards_won?,0.5,0.4361097786868312,225,510.36324178748345,False,0.3212680480255867,0.6787319519744134,0.6787319519744134
promotion,Random Forest,0,1452,1453,1504,num__age,38.5,0.45988316465679246,208,430.07123303277865,False,0.35837225670228423,0.641627743297716,0.6416277432977159
promotion,Random Forest,0,1453,1454,1503,cat__region_region_31,0.5,0.4550679805058563,203,424.6057862836761,False,0.3501133436657162,0.6498866563342841,0.6498866563342838
promotion,Random Forest,0,1454,1455,1502,cat__region_region_30,0.5,0.4453510289931496,192,414.7679821352916,False,0.3346988036842291,0.6653011963157711,0.665301196315771
promotion,Random Forest,0,1455,1456,1457,num__avg_training_score,60.5,0.4423945579042762,188,412.03525876074036,False,0.3302863557404362,0.669713644259564,0.6697136442595639
promotion,Random Forest,0,1456,-1,-1,leaf,,0.08499325318400897,7,61.444560546484844,True,0.04447461826151171,0.9555253817384883,0.9555253817384883
promotion,Random Forest,0,1457,1458,1477,num__previous_year_rating,3.5,0.47138103422832045,181,350.59069821425555,False,0.38037774920258516,0.6196222507974151,0.619622250797415
promotion,Random Forest,0,1458,1459,1464,num__avg_training_score,71.5,0.41770460087877515,86,200.481778777858,False,0.297151042495623,0.7028489575043768,0.7028489575043769
promotion,Random Forest,0,1459,1460,1463,num__avg_training_score,66.5,0.4512279451691237,31,34.15069910570702,False,0.6561602619600716,0.34383973803992834,0.34383973803992834
promotion,Random Forest,0,1460,1461,1462,cat__department_Legal,0.5,0.3954171736469344,6,16.114724833668728,False,0.2713268420287749,0.7286731579712251,0.7286731579712251
promotion,Random Forest,0,1461,-1,-1,leaf,,0.1558183735588441,2,12.835456784207219,True,0.08516170232176253,0.9148382976782374,0.9148382976782374
promotion,Random Forest,0,1462,-1,-1,leaf,,6.661338147750939e-16,4,3.279268049461508,True,1.0,0.0,0.0
promotion,Random Forest,0,1463,-1,-1,leaf,,0.0,25,18.035974272038292,True,1.0,0.0,0.0
promotion,Random Forest,0,1464,1465,1466,num__previous_year_rating,2.5,0.3470292754732849,55,166.331079672151,False,0.22344012897139676,0.7765598710286032,0.7765598710286032
promotion,Random Forest,0,1465,-1,-1,leaf,,0.0,5,3.279268049461508,True,1.0,0.0,0.0
promotion,Random Forest,0,1466,1467,1476,cat__region_region_11,0.5,0.3292641491032481,50,163.0518116226895,False,0.20782209965780102,0.7921779003421988,0.792177900342199
promotion,Random Forest,0,1467,1468,1475,num__avg_training_score,78.5,0.3164502648443942,47,160.86563292304848,False,0.1970563293650071,0.8029436706349927,0.802943670634993
promotion,Random Forest,0,1468,1469,1474,num__no_of_trainings,2.5,0.24583485877832312,15,68.5496413203181,False,0.1435135758393618,0.8564864241606382,0.8564864241606382
promotion,Random Forest,0,1469,1470,1471,cat__recruitment_channel_other,0.5,0.19259703750989898,13,65.81691794576685,False,0.10795219520439797,0.8920478047956022,0.892047804795602
promotion,Random Forest,0,1470,-1,-1,leaf,,0.0,2,1.0930893498205025,True,1.0,0.0,0.0
promotion,Random Forest,0,1471,1472,1473,num__age,30.5,0.1685177376575473,11,64.72382859594636,False,0.09288683247624345,0.9071131675237565,0.9071131675237566
promotion,Random Forest,0,1472,-1,-1,leaf,,0.08499325318400908,7,49.15564843718787,True,0.04447461826151171,0.9555253817384883,0.9555253817384883
promotion,Random Forest,0,1473,-1,-1,leaf,,0.3707094622444589,4,15.568180158758475,True,0.24574566104435797,0.7542543389556421,0.7542543389556421
promotion,Random Forest,0,1474,-1,-1,leaf,,0.0,2,2.7327233745512567,True,1.0,0.0,0.0
promotion,Random Forest,0,1475,-1,-1,leaf,,0.3614670315331435,32,92.31599160273035,True,0.23681473401151729,0.7631852659884828,0.7631852659884828
promotion,Random Forest,0,1476,-1,-1,leaf,,0.0,3,2.186178699641005,True,1.0,0.0,0.0
promotion,Random Forest,0,1477,1478,1501,cat__department_Procurement,0.5,0.49985662966249533,95,150.1089194363976,False,0.49153329055937023,0.5084667094406297,0.5084667094406298
promotion,Random Forest,0,1478,1479,1500,cat__region_region_26,0.5,0.4906173848016755,71,134.25912386400032,False,0.43150687918365555,0.5684931208163443,0.5684931208163444
promotion,Random Forest,0,1479,1480,1493,num__no_of_trainings,1.5,0.4991493539024445,68,110.2278443203166,False,0.5206233617234868,0.4793766382765132,0.4793766382765132
promotion,Random Forest,0,1480,1481,1492,cat__education_Master's & above,0.5,0.44778615784449916,52,69.39448756123454,False,0.6615763629920861,0.3384236370079139,0.3384236370079139
promotion,Random Forest,0,1481,1482,1491,cat__region_region_22,0.5,0.4697548616047442,44,62.28940678740127,False,0.6229738557483986,0.37702614425160147,0.37702614425160147
promotion,Random Forest,0,1482,1483,1490,cat__region_region_23,0.5,0.4963483857089118,32,51.358513289196246,False,0.5427294646063349,0.45727053539366513,0.45727053539366513
promotion,Random Forest,0,1483,1484,1489,num__age,27.5,0.4204393704912991,30,39.06960117989928,False,0.6994500307203548,0.30054996927964517,0.30054996927964517
promotion,Random Forest,0,1484,1485,1486,cat__recruitment_channel_other,0.5,0.49133254299669504,16,27.04561833187375,False,0.5658310603108628,0.43416893968913717,0.43416893968913717
promotion,Random Forest,0,1485,-1,-1,leaf,,0.0,4,4.37235739928201,True,1.0,0.0,0.0
promotion,Random Forest,0,1486,1487,1488,cat__region_region_7,0.5,0.49935954122161186,12,22.67326093259174,False,0.4821050457057274,0.5178949542942726,0.5178949542942726
promotion,Random Forest,0,1487,-1,-1,leaf,,0.4777546257315771,8,19.393992883130235,True,0.39453584905660377,0.6054641509433962,0.6054641509433962
promotion,Random Forest,0,1488,-1,-1,leaf,,0.0,4,3.2792680494615074,True,1.0,0.0,0.0
promotion,Random Forest,0,1489,-1,-1,leaf,,0.0,14,12.023982848025527,True,1.0,0.0,0.0
promotion,Random Forest,0,1490,-1,-1,leaf,,0.08499325318400874,2,12.288912109296968,True,0.04447461826151171,0.9555253817384883,0.9555253817384883
promotion,Random Forest,0,1491,-1,-1,leaf,,0.0,12,10.930893498205025,True,1.0,0.0,0.0
promotion,Random Forest,0,1492,-1,-1,leaf,,0.0,8,7.105080773833267,True,1.0,0.0,0.0
promotion,Random Forest,0,1493,1494,1499,num__age,31.5,0.40414802978394504,16,40.83335675908207,False,0.2810799572720038,0.718920042727996,0.7189200427279961
promotion,Random Forest,0,1494,1495,1498,cat__region_region_7,0.5,0.34129359726386677,11,37.554088709620565,False,0.21830299723272398,0.7816970027672758,0.781697002767276
promotion,Random Forest,0,1495,1496,1497,num__avg_training_score,77.5,0.2646425948218273,9,34.82136533506931,False,0.1569567044976881,0.8430432955023117,0.8430432955023119
promotion,Random Forest,0,1496,-1,-1,leaf,,0.0,2,1.639634024730754,True,1.0,0.0,0.0
promotion,Random Forest,0,1497,-1,-1,leaf,,0.20400992346183633,7,33.18173131033855,True,0.11529876752331296,0.8847012324766871,0.8847012324766871
promotion,Random Forest,0,1498,-1,-1,leaf,,0.0,2,2.7327233745512562,True,1.0,0.0,0.0
promotion,Random Forest,0,1499,-1,-1,leaf,,0.0,5,3.2792680494615074,True,1.0,0.0,0.0
promotion,Random Forest,0,1500,-1,-1,leaf,,0.044451613921775546,3,24.031279543683684,True,0.022743053440693863,0.9772569465593062,0.9772569465593062
promotion,Random Forest,0,1501,-1,-1,leaf,,0.0,24,15.849795572397285,True,1.0,0.0,0.0
promotion,Random Forest,0,1502,-1,-1,leaf,,0.0,4,2.7327233745512567,True,1.0,0.0,0.0
promotion,Random Forest,0,1503,-1,-1,leaf,,0.0,11,9.837804148384523,True,1.0,0.0,0.0
promotion,Random Forest,0,1504,-1,-1,leaf,,0.0,5,5.4654467491025125,True,1.0,0.0,0.0
promotion,Random Forest,0,1505,1506,1507,num__avg_training_score,71.5,0.21502573346491882,17,80.29200875470482,False,0.12252532102465381,0.8774746789753463,0.8774746789753463
promotion,Random Forest,0,1506,-1,-1,leaf,,0.0,5,4.37235739928201,True,1.0,0.0,0.0
promotion,Random Forest,0,1507,1508,1517,cat__region_region_1,0.5,0.1336146779268348,12,75.91965135542281,False,0.07198988208620277,0.9280101179137973,0.9280101179137973
promotion,Random Forest,0,1508,1509,1516,cat__region_region_20,0.5,0.14265595484993343,10,63.63073924612585,False,0.0773038649632182,0.9226961350367817,0.9226961350367818
promotion,Random Forest,0,1509,1510,1515,cat__department_Procurement,0.5,0.1002014081677749,8,61.991105221395095,False,0.05289900926511838,0.9471009907348816,0.9471009907348816
promotion,Random Forest,0,1510,1511,1514,num__no_of_trainings,2.5,0.07630180482063531,6,55.02683215438123,False,0.03972932138829187,0.9602706786117081,0.9602706786117081
promotion,Random Forest,0,1511,1512,1513,cat__recruitment_channel_other,0.5,0.02590342383104094,4,41.644830695263764,False,0.01312394997856023,0.9868760500214397,0.9868760500214397
promotion,Random Forest,0,1512,-1,-1,leaf,,0.1558183735588441,2,6.4177283921036095,True,0.08516170232176253,0.9148382976782374,0.9148382976782374
promotion,Random Forest,0,1513,-1,-1,leaf,,0.0,2,35.22710230316015,True,0.0,1.0,1.0
promotion,Random Forest,0,1514,-1,-1,leaf,,0.2150257334649187,2,13.38200145911747,True,0.12252532102465383,0.8774746789753463,0.8774746789753463
promotion,Random Forest,0,1515,-1,-1,leaf,,0.26464259482182684,2,6.964273067013861,True,0.15695670449768812,0.8430432955023119,0.8430432955023119
promotion,Random Forest,0,1516,-1,-1,leaf,,0.0,2,1.639634024730754,True,1.0,0.0,0.0
promotion,Random Forest,0,1517,-1,-1,leaf,,0.08499325318400885,2,12.288912109296968,True,0.04447461826151171,0.9555253817384883,0.9555253817384883
promotion,Random Forest,0,1518,1519,1572,cat__region_region_1,0.5,0.36059990329060465,130,338.12760609340444,False,0.2359923327728939,0.7640076672271063,0.7640076672271061
promotion,Random Forest,0,1519,1520,1561,num__length_of_service,3.5,0.34982986913194825,127,333.7552486941223,False,0.22598345773653428,0.7740165422634663,0.774016542263466
promotion,Random Forest,0,1520,1521,1560,cat__region_region_17,0.5,0.3227981869194251,101,294.42071825295164,False,0.20234095589032192,0.7976590441096786,0.7976590441096783
promotion,Random Forest,0,1521,1522,1559,cat__region_region_26,0.5,0.3412935972638659,98,270.38943870926806,False,0.21830299723272398,0.7816970027672762,0.7816970027672759
promotion,Random Forest,0,1522,1523,1558,cat__department_Analytics,0.5,0.33029587967577323,95,267.11017065980656,False,0.20870623047838233,0.7912937695216178,0.7912937695216178
promotion,Random Forest,0,1523,1524,1553,num__age,33.5,0.3206319219971364,91,264.3774472852553,False,0.20052706465953943,0.7994729353404607,0.7994729353404605
promotion,Random Forest,0,1524,1525,1528,cat__education_Bachelor's,0.5,0.27008674983017233,69,230.91410056127796,False,0.16094745969848018,0.8390525403015199,0.8390525403015199
promotion,Random Forest,0,1525,1526,1527,num__awards_won?,0.5,0.33029587967577334,16,44.51836177663442,False,0.20870623047838238,0.7912937695216177,0.7912937695216177
promotion,Random Forest,0,1526,-1,-1,leaf,,0.3412935972638663,14,37.554088709620565,True,0.21830299723272398,0.7816970027672758,0.781697002767276
promotion,Random Forest,0,1527,-1,-1,leaf,,0.2646425948218277,2,6.964273067013861,True,0.15695670449768812,0.8430432955023119,0.8430432955023119
promotion,Random Forest,0,1528,1529,1530,num__age,25.5,0.254356777434008,53,186.39573878464353,False,0.1495408564711203,0.8504591435288797,0.8504591435288797
promotion,Random Forest,0,1529,-1,-1,leaf,,0.0,4,3.2792680494615074,True,1.0,0.0,0.0
promotion,Random Forest,0,1530,1531,1552,cat__recruitment_channel_referred,0.5,0.23254274366399397,49,183.11647073518202,False,0.1343107491762945,0.8656892508237055,0.8656892508237055
promotion,Random Forest,0,1531,1532,1551,cat__region_region_32,0.5,0.22323850930699718,46,175.05910831834765,False,0.1280043745599938,0.8719956254400062,0.8719956254400062
promotion,Random Forest,0,1532,1533,1548,cat__region_region_5,0.5,0.21083492171582263,44,173.4194742936169,False,0.1197598927755139,0.8802401072244861,0.8802401072244861
promotion,Random Forest,0,1533,1534,1547,cat__region_region_7,0.5,0.2104831088366832,40,160.03747283449943,False,0.11952865340257438,0.8804713465974257,0.8804713465974257
promotion,Random Forest,0,1534,1535,1546,num__no_of_trainings,1.5,0.19644638876922693,38,158.39783880976867,False,0.11041457212135547,0.8895854278786446,0.8895854278786446
promotion,Random Forest,0,1535,1536,1545,cat__department_Technology,0.5,0.19835406131342947,33,132.18038056644397,False,0.11164066981301309,0.8883593301869869,0.8883593301869869
promotion,Random Forest,0,1536,1537,1544,num__avg_training_score,69.5,0.15581837355884398,18,89.84819748945056,False,0.0851617023217625,0.9148382976782373,0.9148382976782375
promotion,Random Forest,0,1537,1538,1543,num__previous_year_rating,3.5,0.10020140816777501,11,61.991105221395095,False,0.052899009265118375,0.9471009907348816,0.9471009907348816
promotion,Random Forest,0,1538,1539,1542,cat__region_region_2,0.5,0.06922054883455675,9,60.89801587157459,False,0.035899013594323834,0.9641009864056762,0.9641009864056762
promotion,Random Forest,0,1539,1540,1541,cat__region_region_13,0.5,0.08499325318400897,6,36.866736327890905,False,0.04447461826151171,0.9555253817384883,0.9555253817384883
promotion,Random Forest,0,1540,-1,-1,leaf,,0.2150257334649187,4,13.38200145911747,True,0.12252532102465383,0.8774746789753463,0.8774746789753463
promotion,Random Forest,0,1541,-1,-1,leaf,,0.0,2,23.484734868773433,True,0.0,1.0,1.0
promotion,Random Forest,0,1542,-1,-1,leaf,,0.04445161392177499,3,24.031279543683684,True,0.022743053440693863,0.9772569465593062,0.9772569465593062
promotion,Random Forest,0,1543,-1,-1,leaf,,0.0,2,1.0930893498205025,True,1.0,0.0,0.0
promotion,Random Forest,0,1544,-1,-1,leaf,,0.26464259482182684,7,27.857092268055442,True,0.15695670449768812,0.8430432955023119,0.8430432955023119
promotion,Random Forest,0,1545,-1,-1,leaf,,0.27934094915792007,15,42.33218307699342,True,0.167841114192259,0.832158885807741,0.832158885807741
promotion,Random Forest,0,1546,-1,-1,leaf,,0.18673690602718818,5,26.21745824332469,True,0.10423296374457061,0.8957670362554294,0.8957670362554294
promotion,Random Forest,0,1547,-1,-1,leaf,,0.0,2,1.639634024730754,True,1.0,0.0,0.0
promotion,Random Forest,0,1548,1549,1550,num__avg_training_score,78.0,0.2150257334649186,4,13.38200145911747,False,0.12252532102465383,0.8774746789753463,0.8774746789753463
promotion,Random Forest,0,1549,-1,-1,leaf,,0.08499325318400885,2,12.288912109296968,True,0.04447461826151171,0.9555253817384883,0.9555253817384883
promotion,Random Forest,0,1550,-1,-1,leaf,,-6.661338147750939e-16,2,1.0930893498205025,True,1.0,0.0,0.0
promotion,Random Forest,0,1551,-1,-1,leaf,,0.0,2,1.639634024730754,True,1.0,0.0,0.0
promotion,Random Forest,0,1552,-1,-1,leaf,,0.3954171736469341,3,8.057362416834364,True,0.2713268420287749,0.7286731579712251,0.7286731579712251
promotion,Random Forest,0,1553,1554,1557,cat__department_Procurement,0.5,0.49861098140794036,22,33.46334672397736,False,0.4736464557216716,0.5263535442783285,0.5263535442783285
promotion,Random Forest,0,1554,1555,1556,cat__region_region_23,0.5,0.4999297966462749,9,11.883175141206122,False,0.5059246668144753,0.4940753331855246,0.4940753331855246
promotion,Random Forest,0,1555,-1,-1,leaf,,0.0,7,4.918902074192261,True,1.0,0.0,0.0
promotion,Random Forest,0,1556,-1,-1,leaf,,0.26464259482182684,2,6.964273067013861,True,0.15695670449768812,0.8430432955023119,0.8430432955023119
promotion,Random Forest,0,1557,-1,-1,leaf,,0.4961055060456644,13,21.58017158277124,True,0.45587237852356277,0.5441276214764372,0.5441276214764372
promotion,Random Forest,0,1558,-1,-1,leaf,,0.0,4,2.7327233745512562,True,1.0,0.0,0.0
promotion,Random Forest,0,1559,-1,-1,leaf,,0.0,3,3.279268049461508,True,1.0,0.0,0.0
promotion,Random Forest,0,1560,-1,-1,leaf,,0.04445161392177499,3,24.031279543683684,True,0.022743053440693863,0.9772569465593062,0.9772569465593062
promotion,Random Forest,0,1561,1562,1571,num__no_of_trainings,1.5,0.48116206730177813,26,39.33453044117072,False,0.40294864066325803,0.5970513593367419,0.5970513593367419
promotion,Random Forest,0,1562,1563,1566,num__avg_training_score,76.5,0.42519488457856547,19,33.86908369206821,False,0.30660259125128564,0.6933974087487143,0.6933974087487144
promotion,Random Forest,0,1563,1564,1565,num__previous_year_rating,3.5,0.4863224159403403,12,14.069353840847127,False,0.5826969892428373,0.4173030107571628,0.4173030107571628
promotion,Random Forest,0,1564,-1,-1,leaf,,0.4777546257315771,5,9.696996441565117,True,0.39453584905660377,0.6054641509433962,0.6054641509433962
promotion,Random Forest,0,1565,-1,-1,leaf,,-4.440892098500626e-16,7,4.37235739928201,True,1.0,0.0,0.0
promotion,Random Forest,0,1566,1567,1570,cat__region_region_22,0.5,0.19644638876922693,7,19.79972985122108,False,0.11041457212135548,0.8895854278786446,0.8895854278786446
promotion,Random Forest,0,1567,1568,1569,cat__education_Master's & above,0.5,0.1558183735588441,4,12.835456784207219,False,0.08516170232176253,0.9148382976782374,0.9148382976782374
promotion,Random Forest,0,1568,-1,-1,leaf,,0.1558183735588441,2,6.4177283921036095,True,0.08516170232176253,0.9148382976782374,0.9148382976782374
promotion,Random Forest,0,1569,-1,-1,leaf,,0.1558183735588441,2,6.4177283921036095,True,0.08516170232176253,0.9148382976782374,0.9148382976782374
promotion,Random Forest,0,1570,-1,-1,leaf,,0.26464259482182695,3,6.964273067013861,True,0.15695670449768812,0.8430432955023119,0.8430432955023119
promotion,Random Forest,0,1571,-1,-1,leaf,,0.0,7,5.4654467491025125,True,1.0,0.0,0.0
promotion,Random Forest,0,1572,-1,-1,leaf,,0.0,3,4.37235739928201,True,1.0,0.0,0.0
promotion,Random Forest,0,1573,1574,1635,cat__region_region_11,0.5,0.48221546931979264,156,296.375339996056,False,0.405701191205231,0.5942988087947692,0.594298808794769
promotion,Random Forest,0,1574,1575,1634,cat__region_region_30,0.5,0.47916312647417525,153,292.54952727168427,False,0.39792925608720053,0.6020707439127996,0.6020707439127996
promotion,Random Forest,0,1575,1576,1633,cat__region_region_5,0.5,0.4767808432005217,151,289.816803897133,False,0.3922522464283405,0.6077477535716597,0.6077477535716596
promotion,Random Forest,0,1576,1577,1626,num__avg_training_score,61.5,0.4796813331340156,149,283.39907550502943,False,0.3992064811955049,0.6007935188044952,0.6007935188044952
promotion,Random Forest,0,1577,1578,1625,cat__region_region_27,0.5,0.44405615517501573,116,246.37484531795175,False,0.3327519135759929,0.6672480864240072,0.6672480864240072
promotion,Random Forest,0,1578,1579,1620,cat__region_region_31,0.5,0.436793642277015,113,242.54903259358,False,0.32222717063203254,0.6777728293679673,0.6777728293679675
promotion,Random Forest,0,1579,1580,1619,num__age,36.5,0.46276605948442096,105,202.94957289113782,False,0.3635559812311673,0.6364440187688327,0.6364440187688327
promotion,Random Forest,0,1580,1581,1618,cat__region_region_4,0.5,0.44167852577281586,93,192.56522406784308,False,0.3292348480702457,0.6707651519297542,0.6707651519297543
promotion,Random Forest,0,1581,1582,1617,cat__region_region_13,0.5,0.4362985273441362,90,190.37904536820204,False,0.32153225409634395,0.6784677459036561,0.6784677459036561
promotion,Random Forest,0,1582,1583,1616,num__no_of_trainings,1.5,0.42280494367323385,82,185.46014329400978,False,0.30353746371538654,0.6964625362846135,0.6964625362846135
promotion,Random Forest,0,1583,1584,1599,cat__gender_m,0.5,0.40529154565520864,74,179.9946965449073,False,0.28238973559963754,0.7176102644003624,0.7176102644003625
promotion,Random Forest,0,1584,1585,1596,cat__education_Master's & above,0.5,0.3628204546328043,36,107.88417176148884,False,0.23810350769130573,0.7618964923086942,0.7618964923086943
promotion,Random Forest,0,1585,1586,1595,cat__region_region_26,0.5,0.37788198037850185,30,86.44480788553699,False,0.2528987863025574,0.7471012136974426,0.7471012136974426
promotion,Random Forest,0,1586,1587,1594,num__avg_training_score,60.5,0.34702927547328466,27,83.16553983607548,False,0.22344012897139678,0.7765598710286032,0.7765598710286032
promotion,Random Forest,0,1587,1588,1589,num__previous_year_rating,3.5,0.2806352247322179,21,77.70009308697298,False,0.16881668575562114,0.8311833142443786,0.8311833142443789
promotion,Random Forest,0,1588,-1,-1,leaf,,0.10020140816777467,10,61.99110522139509,True,0.05289900926511838,0.9471009907348816,0.9471009907348816
promotion,Random Forest,0,1589,1590,1591,num__avg_training_score,59.5,0.46812025162388693,11,15.70898786557788,False,0.6262532145652417,0.3737467854347583,0.3737467854347583
promotion,Random Forest,0,1590,-1,-1,leaf,,-2.220446049250313e-16,7,6.558536098923015,True,1.0,0.0,0.0
promotion,Random Forest,0,1591,1592,1593,num__age,31.0,0.45988316465679246,4,9.150451766654866,False,0.35837225670228423,0.6416277432977158,0.6416277432977158
promotion,Random Forest,0,1592,-1,-1,leaf,,0.0,2,2.186178699641005,True,1.0,0.0,0.0
promotion,Random Forest,0,1593,-1,-1,leaf,,0.26464259482182706,2,6.964273067013861,True,0.15695670449768812,0.8430432955023119,0.8430432955023119
promotion,Random Forest,0,1594,-1,-1,leaf,,0.0,6,5.4654467491025125,True,1.0,0.0,0.0
promotion,Random Forest,0,1595,-1,-1,leaf,,0.0,3,3.279268049461508,True,1.0,0.0,0.0
promotion,Random Forest,0,1596,1597,1598,num__awards_won?,0.5,0.2932086897501166,6,21.439363875951834,False,0.1784480522140448,0.8215519477859552,0.8215519477859552
promotion,Random Forest,0,1597,-1,-1,leaf,,0.34129359726386643,4,15.021635483848224,True,0.21830299723272403,0.781697002767276,0.781697002767276
promotion,Random Forest,0,1598,-1,-1,leaf,,0.15581837355884398,2,6.4177283921036095,True,0.08516170232176253,0.9148382976782374,0.9148382976782374
promotion,Random Forest,0,1599,1600,1601,num__previous_year_rating,2.5,0.45418400911562884,38,72.11052478341843,False,0.34864612511671333,0.6513538748832867,0.6513538748832867
promotion,Random Forest,0,1600,-1,-1,leaf,,0.0,3,2.7327233745512567,True,1.0,0.0,0.0
promotion,Random Forest,0,1601,1602,1615,num__awards_won?,0.5,0.4373348748370097,35,69.37780140886717,False,0.3229899364965505,0.6770100635034494,0.6770100635034495
promotion,Random Forest,0,1602,1603,1614,cat__region_region_17,0.5,0.49882745169367093,32,44.79997719027323,False,0.47578690120689765,0.5242130987931023,0.5242130987931023
promotion,Random Forest,0,1603,1604,1605,num__length_of_service,2.5,0.4947762823489016,30,42.61379849063223,False,0.4488936518077338,0.5511063481922662,0.5511063481922662
promotion,Random Forest,0,1604,-1,-1,leaf,,0.0,8,6.011991424012764,True,1.0,0.0,0.0
promotion,Random Forest,0,1605,1606,1613,cat__region_region_2,0.5,0.4598831646567927,22,36.601807066619465,False,0.3583722567022842,0.6416277432977158,0.6416277432977158
promotion,Random Forest,0,1606,1607,1608,cat__education_Bachelor's,0.5,0.49993491023520675,17,23.219805607501993,False,0.49429518778602854,0.5057048122139715,0.5057048122139715
promotion,Random Forest,0,1607,-1,-1,leaf,,0.0,2,2.186178699641005,True,1.0,0.0,0.0
promotion,Random Forest,0,1608,1609,1612,num__age,31.5,0.4932100503634781,15,21.033626907860988,False,0.4417335875631515,0.5582664124368485,0.5582664124368485
promotion,Random Forest,0,1609,1610,1611,num__previous_year_rating,3.5,3.3306690738754696e-16,8,4.918902074192261,False,1.0,0.0,0.0
promotion,Random Forest,0,1610,-1,-1,leaf,,0.0,4,2.186178699641005,True,1.0,0.0,0.0
promotion,Random Forest,0,1611,-1,-1,leaf,,0.0,4,2.7327233745512562,True,1.0,0.0,0.0
promotion,Random Forest,0,1612,-1,-1,leaf,,0.3954171736469341,7,16.114724833668728,True,0.2713268420287749,0.7286731579712251,0.7286731579712251
promotion,Random Forest,0,1613,-1,-1,leaf,,0.2150257334649187,5,13.38200145911747,True,0.12252532102465383,0.8774746789753463,0.8774746789753463
promotion,Random Forest,0,1614,-1,-1,leaf,,0.0,2,2.186178699641005,True,1.0,0.0,0.0
promotion,Random Forest,0,1615,-1,-1,leaf,,0.08499325318400885,3,24.577824218593936,True,0.04447461826151171,0.9555253817384883,0.9555253817384883
promotion,Random Forest,0,1616,-1,-1,leaf,,0.0,8,5.4654467491025125,True,1.0,0.0,0.0
promotion,Random Forest,0,1617,-1,-1,leaf,,0.0,8,4.918902074192261,True,1.0,0.0,0.0
promotion,Random Forest,0,1618,-1,-1,leaf,,0.0,3,2.186178699641005,True,1.0,0.0,0.0
promotion,Random Forest,0,1619,-1,-1,leaf,,0.0,12,10.384348823294774,True,1.0,0.0,0.0
promotion,Random Forest,0,1620,1621,1622,num__avg_training_score,58.5,0.1964463887692267,8,39.59945970244216,False,0.11041457212135548,0.8895854278786446,0.8895854278786446
promotion,Random Forest,0,1621,-1,-1,leaf,,0.08499325318400885,2,12.288912109296968,True,0.04447461826151171,0.9555253817384883,0.9555253817384883
promotion,Random Forest,0,1622,1623,1624,num__avg_training_score,59.5,0.24092315859528624,6,27.31054759314519,False,0.14008553696418807,0.859914463035812,0.859914463035812
promotion,Random Forest,0,1623,-1,-1,leaf,,0.0,2,1.0930893498205025,True,1.0,0.0,0.0
promotion,Random Forest,0,1624,-1,-1,leaf,,0.1867369060271874,4,26.21745824332469,True,0.10423296374457063,0.8957670362554294,0.8957670362554294
promotion,Random Forest,0,1625,-1,-1,leaf,,0.0,3,3.8258127243717586,True,1.0,0.0,0.0
promotion,Random Forest,0,1626,1627,1628,num__age,32.5,0.2668603885809817,33,37.02423018707768,False,0.8414232061672268,0.1585767938327733,0.1585767938327733
promotion,Random Forest,0,1627,-1,-1,leaf,,0.0,18,18.582518946948543,True,1.0,0.0,0.0
promotion,Random Forest,0,1628,1629,1632,cat__region_region_2,0.5,0.43401699332762034,15,18.441711240129138,False,0.6816356334428623,0.3183643665571376,0.3183643665571377
promotion,Random Forest,0,1629,1630,1631,num__no_of_trainings,1.5,3.3306690738754696e-16,12,10.930893498205025,False,1.0,0.0,0.0
promotion,Random Forest,0,1630,-1,-1,leaf,,0.0,10,9.837804148384523,True,1.0,0.0,0.0
promotion,Random Forest,0,1631,-1,-1,leaf,,0.0,2,1.0930893498205025,True,1.0,0.0,0.0
promotion,Random Forest,0,1632,-1,-1,leaf,,0.34129359726386643,3,7.510817741924113,True,0.218302997232724,0.7816970027672759,0.7816970027672759
promotion,Random Forest,0,1633,-1,-1,leaf,,0.15581837355883643,2,6.4177283921036095,True,0.08516170232176253,0.9148382976782374,0.9148382976782374
promotion,Random Forest,0,1634,-1,-1,leaf,,0.0,2,2.7327233745512567,True,1.0,0.0,0.0
promotion,Random Forest,0,1635,-1,-1,leaf,,0.0,3,3.825812724371759,True,1.0,0.0,0.0
promotion,Random Forest,0,1636,1637,1640,num__length_of_service,3.5,0.4745608214850763,11,15.16244319066763,False,0.6127811564822859,0.3872188435177141,0.3872188435177141
promotion,Random Forest,0,1637,1638,1639,num__no_of_trainings,1.5,0.499929796646275,7,11.883175141206122,False,0.5059246668144755,0.4940753331855246,0.4940753331855246
promotion,Random Forest,0,1638,-1,-1,leaf,,-4.440892098500626e-16,5,5.465446749102513,True,1.0,0.0,0.0
promotion,Random Forest,0,1639,-1,-1,leaf,,0.1558183735588441,2,6.4177283921036095,True,0.08516170232176253,0.9148382976782374,0.9148382976782374
promotion,Random Forest,0,1640,-1,-1,leaf,,0.0,4,3.279268049461508,True,1.0,0.0,0.0
promotion,Random Forest,0,1641,1642,1711,cat__region_region_15,0.5,0.2849849352884828,122,425.5080094695751,False,0.17211658725124493,0.8278834127487551,0.8278834127487551
promotion,Random Forest,0,1642,1643,1706,num__avg_training_score,90.5,0.27790931875848,119,422.77528609502383,False,0.16676533700594726,0.8332346629940529,0.8332346629940527
promotion,Random Forest,0,1643,1644,1705,cat__region_region_31,0.5,0.3382882505124517,107,321.87207355291633,False,0.21564832558296052,0.7843516744170397,0.7843516744170395
promotion,Random Forest,0,1644,1645,1702,num__no_of_trainings,2.5,0.3692060905730685,103,279.68069818274233,False,0.24427171702475736,0.7557282829752427,0.7557282829752427
promotion,Random Forest,0,1645,1646,1701,cat__region_region_30,0.5,0.36200974736715386,96,269.437157066267,False,0.2373307663306891,0.7626692336693109,0.7626692336693109
promotion,Random Forest,0,1646,1647,1700,num__age,35.5,0.35196029221288894,93,266.1578890168055,False,0.22793410009051937,0.7720658999094806,0.7720658999094806
promotion,Random Forest,0,1647,1648,1699,cat__region_region_9,0.5,0.33759446820143324,87,261.7855316175235,False,0.21503900986401056,0.7849609901359894,0.7849609901359894
promotion,Random Forest,0,1648,1649,1698,cat__region_region_2,0.5,0.32997220652409587,84,259.59935291788247,False,0.208428573522795,0.791571426477205,0.791571426477205
promotion,Random Forest,0,1649,1650,1697,cat__region_region_11,0.5,0.3030014924417008,76,252.4942721440492,False,0.1861540923014137,0.8138459076985863,0.8138459076985863
promotion,Random Forest,0,1650,1651,1696,cat__recruitment_channel_referred,0.5,0.29626694514251073,73,250.85463811931842,False,0.18083463936582247,0.8191653606341776,0.8191653606341776
promotion,Random Forest,0,1651,1652,1689,cat__gender_f,0.5,0.27729320863126905,67,246.4822807200364,False,0.16630343770969788,0.8336965622903021,0.8336965622903021
promotion,Random Forest,0,1652,1653,1688,cat__region_region_1,0.5,0.2583054750891398,52,200.87082959358148,False,0.15236907149186213,0.8476309285081379,0.8476309285081379
promotion,Random Forest,0,1653,1654,1687,num__age,32.5,0.2485080825356235,50,199.23119556885075,False,0.14539323366271162,0.8546067663372883,0.8546067663372884
promotion,Random Forest,0,1654,1655,1660,num__avg_training_score,85.5,0.28288380746469177,48,169.87527698288392,False,0.1705184432056109,0.8294815567943891,0.8294815567943891
promotion,Random Forest,0,1655,1656,1659,num__age,28.5,0.4666650468851772,11,27.997899974874848,False,0.37089741847115776,0.6291025815288424,0.6291025815288424
promotion,Random Forest,0,1656,1657,1658,cat__region_region_22,0.5,0.4222658373666536,8,25.265176600323592,False,0.30285264060436123,0.6971473593956389,0.6971473593956389
promotion,Random Forest,0,1657,-1,-1,leaf,,0.0,3,3.279268049461508,True,1.0,0.0,0.0
promotion,Random Forest,0,1658,-1,-1,leaf,,0.31864252908598467,5,21.985908550862085,True,0.19887089902002555,0.8011291009799745,0.8011291009799745
promotion,Random Forest,0,1659,-1,-1,leaf,,0.0,3,2.7327233745512562,True,1.0,0.0,0.0
promotion,Random Forest,0,1660,1661,1686,cat__region_region_20,0.5,0.22764244600397388,37,141.8773770080091,False,0.13097591271298697,0.8690240872870132,0.869024087287013
promotion,Random Forest,0,1661,1662,1685,num__no_of_trainings,1.5,0.21759165265105773,35,140.7842876581886,False,0.12422856192298093,0.8757714380770191,0.8757714380770191
promotion,Random Forest,0,1662,1663,1680,cat__department_R&D,0.5,0.23651706797937266,31,115.65991876468439,False,0.137037927587036,0.862962072412964,0.862962072412964
promotion,Random Forest,0,1663,1664,1679,num__awards_won?,0.5,0.20119451765703456,24,105.96292232311929,False,0.11347349227836558,0.8865265077216343,0.8865265077216344
promotion,Random Forest,0,1664,1665,1678,cat__region_region_8,0.5,0.17265102805789756,21,97.35901523137467,False,0.09543296479934088,0.904567035200659,0.9045670352006592
promotion,Random Forest,0,1665,1666,1677,cat__region_region_27,0.5,0.20587306062567334,19,79.74546407979459,False,0.11651144777560375,0.8834885522243962,0.8834885522243963
promotion,Random Forest,0,1666,1667,1674,num__avg_training_score,87.5,0.17673546651351724,17,78.10583005506383,False,0.09796484389640565,0.9020351561035942,0.9020351561035943
promotion,Random Forest,0,1667,1668,1671,num__avg_training_score,86.5,0.21502573346491916,12,53.52800583646989,False,0.1225253210246538,0.8774746789753463,0.8774746789753463
promotion,Random Forest,0,1668,1669,1670,num__age,27.0,0.20400992346183588,7,33.18173131033855,False,0.11529876752331296,0.8847012324766871,0.8847012324766871
promotion,Random Forest,0,1669,-1,-1,leaf,,0.0,2,1.639634024730754,True,1.0,0.0,0.0
promotion,Random Forest,0,1670,-1,-1,leaf,,0.12901202587558036,5,31.542097285607795,True,0.06930987118090359,0.9306901288190964,0.9306901288190964
promotion,Random Forest,0,1671,1672,1673,cat__region_region_22,0.5,0.23254274366399408,5,20.34627452613133,False,0.13431074917629457,0.8656892508237055,0.8656892508237055
promotion,Random Forest,0,1672,-1,-1,leaf,,0.34129359726386643,3,7.510817741924112,True,0.21830299723272403,0.781697002767276,0.781697002767276
promotion,Random Forest,0,1673,-1,-1,leaf,,0.1558183735588441,2,12.835456784207219,True,0.08516170232176253,0.9148382976782374,0.9148382976782374
promotion,Random Forest,0,1674,1675,1676,num__avg_training_score,88.5,0.08499325318400885,5,24.577824218593936,False,0.04447461826151171,0.9555253817384883,0.9555253817384883
promotion,Random Forest,0,1675,-1,-1,leaf,,0.0,2,17.613551151580076,True,0.0,1.0,1.0
promotion,Random Forest,0,1676,-1,-1,leaf,,0.26464259482182695,3,6.964273067013861,True,0.15695670449768812,0.8430432955023119,0.8430432955023119
promotion,Random Forest,0,1677,-1,-1,leaf,,0.0,2,1.639634024730754,True,1.0,0.0,0.0
promotion,Random Forest,0,1678,-1,-1,leaf,,0.0,2,17.613551151580076,True,0.0,1.0,1.0
promotion,Random Forest,0,1679,-1,-1,leaf,,0.4334708659252017,3,8.603907091744615,True,0.31761423565036917,0.6823857643496308,0.6823857643496308
promotion,Random Forest,0,1680,1681,1684,cat__region_region_8,0.5,0.4777546257315769,7,9.696996441565117,False,0.39453584905660377,0.6054641509433962,0.6054641509433962
promotion,Random Forest,0,1681,1682,1683,num__previous_year_rating,3.5,0.3954171736469343,5,8.057362416834364,False,0.2713268420287749,0.7286731579712251,0.7286731579712251
promotion,Random Forest,0,1682,-1,-1,leaf,,6.661338147750939e-16,3,1.639634024730754,True,1.0,0.0,0.0
promotion,Random Forest,0,1683,-1,-1,leaf,,0.1558183735588441,2,6.4177283921036095,True,0.08516170232176253,0.9148382976782374,0.9148382976782374
promotion,Random Forest,0,1684,-1,-1,leaf,,0.0,2,1.639634024730754,True,1.0,0.0,0.0
promotion,Random Forest,0,1685,-1,-1,leaf,,0.12200349063157223,4,25.124368893504187,True,0.06526070492280804,0.934739295077192,0.934739295077192
promotion,Random Forest,0,1686,-1,-1,leaf,,0.0,2,1.0930893498205025,True,1.0,0.0,0.0
promotion,Random Forest,0,1687,-1,-1,leaf,,0.0,2,29.35591858596679,True,0.0,1.0,1.0
promotion,Random Forest,0,1688,-1,-1,leaf,,0.0,2,1.639634024730754,True,1.0,0.0,0.0
promotion,Random Forest,0,1689,1690,1695,num__age,28.5,0.3516724972918407,15,45.611451126454924,False,0.22766977517344952,0.7723302248265506,0.7723302248265506
promotion,Random Forest,0,1690,1691,1694,num__previous_year_rating,3.5,0.23254274366399408,8,40.69254905226266,False,0.13431074917629454,0.8656892508237055,0.8656892508237055
promotion,Random Forest,0,1691,1692,1693,num__avg_training_score,85.5,0.15581837355884398,6,32.088641960518046,False,0.08516170232176253,0.9148382976782374,0.9148382976782374
promotion,Random Forest,0,1692,-1,-1,leaf,,0.03588702081288253,3,29.90246326087704,True,0.018277580349887905,0.9817224196501121,0.9817224196501121
promotion,Random Forest,0,1693,-1,-1,leaf,,-4.440892098500626e-16,3,2.186178699641005,True,1.0,0.0,0.0
promotion,Random Forest,0,1694,-1,-1,leaf,,0.43347086592520223,2,8.603907091744615,True,0.3176142356503691,0.6823857643496308,0.6823857643496308
promotion,Random Forest,0,1695,-1,-1,leaf,,0.0,7,4.918902074192261,True,1.0,0.0,0.0
promotion,Random Forest,0,1696,-1,-1,leaf,,0.0,6,4.37235739928201,True,1.0,0.0,0.0
promotion,Random Forest,0,1697,-1,-1,leaf,,0.0,3,1.639634024730754,True,1.0,0.0,0.0
promotion,Random Forest,0,1698,-1,-1,leaf,,0.0,8,7.105080773833267,True,1.0,0.0,0.0
promotion,Random Forest,0,1699,-1,-1,leaf,,0.0,3,2.186178699641005,True,1.0,0.0,0.0
promotion,Random Forest,0,1700,-1,-1,leaf,,0.0,6,4.37235739928201,True,1.0,0.0,0.0
promotion,Random Forest,0,1701,-1,-1,leaf,,0.0,3,3.279268049461508,True,1.0,0.0,0.0
promotion,Random Forest,0,1702,1703,1704,num__no_of_trainings,3.5,0.48929535190380413,7,10.243541116475368,False,0.42684042066758116,0.5731595793324189,0.5731595793324189
promotion,Random Forest,0,1703,-1,-1,leaf,,0.0,4,2.7327233745512562,True,1.0,0.0,0.0
promotion,Random Forest,0,1704,-1,-1,leaf,,0.34129359726386665,3,7.510817741924112,True,0.21830299723272403,0.781697002767276,0.781697002767276
promotion,Random Forest,0,1705,-1,-1,leaf,,0.050473335180279744,4,42.19137537017401,True,0.02590788615516978,0.9740921138448302,0.9740921138448302
promotion,Random Forest,0,1706,1707,1710,num__age,31.5,0.021431386238971117,12,100.9032125421076,False,0.010833048049529136,0.9891669519504709,0.9891669519504709
promotion,Random Forest,0,1707,1708,1709,cat__region_region_2,0.5,0.011501940861095239,10,94.485484150004,False,0.005784430061686128,0.9942155699383138,0.9942155699383138
promotion,Random Forest,0,1708,-1,-1,leaf,,0.0,6,46.96946973754687,True,0.0,1.0,1.0
promotion,Random Forest,0,1709,-1,-1,leaf,,0.022740044455189623,4,47.51601441245712,True,0.011502325724671164,0.9884976742753289,0.9884976742753289
promotion,Random Forest,0,1710,-1,-1,leaf,,0.15581837355884398,2,6.4177283921036095,True,0.08516170232176253,0.9148382976782374,0.9148382976782374
promotion,Random Forest,0,1711,-1,-1,leaf,,0.0,3,2.7327233745512562,True,1.0,0.0,0.0
promotion,Random Forest,0,1712,1713,1714,cat__gender_f,0.5,0.4072259885119869,14,20.627889939770142,False,0.7153764280139076,0.2846235719860924,0.2846235719860924
promotion,Random Forest,0,1713,-1,-1,leaf,,0.0,5,6.011991424012764,True,1.0,0.0,0.0
promotion,Random Forest,0,1714,1715,1716,num__length_of_service,3.5,0.4806736088687469,9,14.61589851575738,False,0.5983015542381028,0.4016984457618971,0.4016984457618971
promotion,Random Forest,0,1715,-1,-1,leaf,,2.220446049250313e-16,7,7.651625448743518,True,1.0,0.0,0.0
promotion,Random Forest,0,1716,-1,-1,leaf,,0.26464259482182684,2,6.964273067013861,True,0.15695670449768812,0.8430432955023119,0.8430432955023119
promotion,Random Forest,0,1717,1718,1755,cat__education_Below Secondary,0.5,0.4687322510211728,82,169.0804891990696,False,0.37496450708127005,0.62503549291873,0.62503549291873
promotion,Random Forest,0,1718,1719,1754,cat__region_region_6,0.5,0.4574179938154702,76,163.6150424499671,False,0.3540856309602619,0.6459143690397382,0.6459143690397382
promotion,Random Forest,0,1719,1720,1725,num__avg_training_score,58.5,0.4507737069719291,72,160.88231907541584,False,0.3431142246281217,0.6568857753718783,0.6568857753718783
promotion,Random Forest,0,1720,1721,1724,num__no_of_trainings,1.5,0.2985341582988038,11,35.914454684889805,False,0.18261549998369797,0.817384500016302,0.817384500016302
promotion,Random Forest,0,1721,1722,1723,cat__gender_f,0.5,0.22565919718173966,8,33.7282759852488,False,0.12963477294820164,0.8703652270517984,0.8703652270517984
promotion,Random Forest,0,1722,-1,-1,leaf,,0.3062941761706054,5,14.475090808937972,True,0.18878799522721296,0.8112120047727871,0.8112120047727871
promotion,Random Forest,0,1723,-1,-1,leaf,,0.1558183735588441,3,19.25318517631083,True,0.08516170232176254,0.9148382976782375,0.9148382976782375
promotion,Random Forest,0,1724,-1,-1,leaf,,0.0,3,2.186178699641005,True,1.0,0.0,0.0
promotion,Random Forest,0,1725,1726,1737,num__length_of_service,1.5,0.47546438996106755,61,124.96786439052602,False,0.3892398762213305,0.6107601237786696,0.6107601237786696
promotion,Random Forest,0,1726,1727,1736,cat__region_region_28,0.5,0.32801888197763096,23,74.01508806942061,False,0.20675853122181967,0.7932414687781804,0.7932414687781804
promotion,Random Forest,0,1727,1728,1729,cat__gender_m,0.5,0.313788883328058,21,72.92199871960011,False,0.19486796573291262,0.8051320342670875,0.8051320342670875
promotion,Random Forest,0,1728,-1,-1,leaf,,0.0,5,3.825812724371759,True,1.0,0.0,0.0
promotion,Random Forest,0,1729,1730,1733,cat__region_region_22,0.5,0.2554034637588717,16,69.09618599522837,False,0.15028830714349262,0.8497116928565072,0.8497116928565074
promotion,Random Forest,0,1730,1731,1732,num__age,28.5,0.249061754668511,10,41.239093727172914,False,0.14578379107422995,0.8542162089257701,0.8542162089257701
promotion,Random Forest,0,1731,-1,-1,leaf,,0.1558183735588441,8,38.50637035262166,True,0.08516170232176253,0.9148382976782375,0.9148382976782375
promotion,Random Forest,0,1732,-1,-1,leaf,,-6.661338147750939e-16,2,2.7327233745512567,True,1.0,0.0,0.0
promotion,Random Forest,0,1733,1734,1735,num__age,27.5,0.26464259482182695,6,27.857092268055442,False,0.15695670449768812,0.8430432955023119,0.8430432955023119
promotion,Random Forest,0,1734,-1,-1,leaf,,0.3707094622444588,4,15.568180158758475,True,0.24574566104435797,0.7542543389556421,0.7542543389556421
promotion,Random Forest,0,1735,-1,-1,leaf,,0.08499325318400919,2,12.288912109296968,True,0.04447461826151171,0.9555253817384883,0.9555253817384883
promotion,Random Forest,0,1736,-1,-1,leaf,,0.0,2,1.0930893498205025,True,1.0,0.0,0.0
promotion,Random Forest,0,1737,1738,1753,cat__region_region_4,0.5,0.45237304279074275,38,50.952776321105404,False,0.6543161644307833,0.34568383556921667,0.34568383556921667
promotion,Random Forest,0,1738,1739,1746,cat__region_region_22,0.5,0.4614583729927262,35,48.7665976214644,False,0.6388193556520015,0.36118064434799835,0.3611806443479984
promotion,Random Forest,0,1739,1740,1745,num__previous_year_rating,3.5,0.33864268843788903,22,27.186426038693156,False,0.7840398841378716,0.2159601158621284,0.2159601158621284
promotion,Random Forest,0,1740,1741,1744,num__age,32.0,0.44778615784449916,12,17.348621890308635,False,0.6615763629920861,0.3384236370079139,0.3384236370079139
promotion,Random Forest,0,1741,1742,1743,num__avg_training_score,60.5,3.3306690738754696e-16,10,10.930893498205025,False,1.0,0.0,0.0
promotion,Random Forest,0,1742,-1,-1,leaf,,0.0,4,3.825812724371759,True,1.0,0.0,0.0
promotion,Random Forest,0,1743,-1,-1,leaf,,0.0,6,7.105080773833267,True,1.0,0.0,0.0
promotion,Random Forest,0,1744,-1,-1,leaf,,0.15581837355884387,2,6.4177283921036095,True,0.08516170232176253,0.9148382976782374,0.9148382976782374
promotion,Random Forest,0,1745,-1,-1,leaf,,0.0,10,9.837804148384523,True,1.0,0.0,0.0
promotion,Random Forest,0,1746,1747,1752,num__previous_year_rating,3.5,0.4961055060456647,13,21.58017158277124,False,0.45587237852356277,0.5441276214764372,0.5441276214764372
promotion,Random Forest,0,1747,1748,1751,num__length_of_service,3.5,0.4697313693660542,9,18.847448208219983,False,0.37697839491791313,0.6230216050820869,0.6230216050820869
promotion,Random Forest,0,1748,1749,1750,num__avg_training_score,60.5,0.370709462244459,7,15.568180158758475,False,0.24574566104435797,0.7542543389556421,0.7542543389556421
promotion,Random Forest,0,1749,-1,-1,leaf,,0.0,3,1.639634024730754,True,1.0,0.0,0.0
promotion,Random Forest,0,1750,-1,-1,leaf,,0.26464259482182684,4,13.928546134027723,True,0.1569567044976881,0.8430432955023118,0.8430432955023119
promotion,Random Forest,0,1751,-1,-1,leaf,,-2.220446049250313e-16,2,3.279268049461508,True,1.0,0.0,0.0
promotion,Random Forest,0,1752,-1,-1,leaf,,0.0,4,2.7327233745512562,True,1.0,0.0,0.0
promotion,Random Forest,0,1753,-1,-1,leaf,,0.0,3,2.186178699641005,True,1.0,0.0,0.0
promotion,Random Forest,0,1754,-1,-1,leaf,,0.0,4,2.7327233745512562,True,1.0,0.0,0.0
promotion,Random Forest,0,1755,-1,-1,leaf,,0.0,6,5.4654467491025125,True,1.0,0.0,0.0
promotion,Random Forest,0,1756,1757,1758,num__avg_training_score,59.5,0.48067360886886035,13,14.615898515757378,False,0.5983015542381029,0.40169844576189717,0.40169844576189717
promotion,Random Forest,0,1757,-1,-1,leaf,,0.34129359726386654,3,7.510817741924112,True,0.21830299723272403,0.781697002767276,0.781697002767276
promotion,Random Forest,0,1758,-1,-1,leaf,,-2.220446049250313e-16,10,7.105080773833266,True,1.0,0.0,0.0
promotion,Random Forest,0,1759,1760,1765,num__length_of_service,1.5,0.33377095274132584,29,27.732970713603407,False,0.7882958959635197,0.21170410403648035,0.21170410403648035
promotion,Random Forest,0,1760,1761,1762,cat__department_Technology,0.5,0.4863224159403401,10,14.069353840847127,False,0.5826969892428373,0.4173030107571628,0.4173030107571628
promotion,Random Forest,0,1761,-1,-1,leaf,,-2.220446049250313e-16,6,6.558536098923016,True,1.0,0.0,0.0
promotion,Random Forest,0,1762,1763,1764,cat__gender_m,0.5,0.34129359726386665,4,7.510817741924112,False,0.21830299723272403,0.781697002767276,0.781697002767276
promotion,Random Forest,0,1763,-1,-1,leaf,,0.0,2,1.0930893498205025,True,1.0,0.0,0.0
promotion,Random Forest,0,1764,-1,-1,leaf,,0.1558183735588441,2,6.4177283921036095,True,0.08516170232176253,0.9148382976782374,0.9148382976782374
promotion,Random Forest,0,1765,-1,-1,leaf,,0.0,19,13.66361687275628,True,1.0,0.0,0.0
promotion,Random Forest,0,1766,1767,2026,cat__region_region_8,0.5,0.4205295366295745,814,1914.1414302006074,False,0.30066301977497,0.6993369802250166,0.699336980225026
promotion,Random Forest,0,1767,1768,1953,num__no_of_trainings,1.5,0.41630424858495785,800,1899.9312686529386,False,0.2954324666338029,0.7045675333661847,0.7045675333661935
promotion,Random Forest,0,1768,1769,1942,cat__region_region_27,0.5,0.4357961144723439,630,1391.7875778698199,False,0.32082984968518014,0.6791701503148099,0.6791701503148166
promotion,Random Forest,0,1769,1770,1939,cat__region_region_5,0.5,0.4453470585984127,604,1288.4165712144277,False,0.33469279900500504,0.6653072009949879,0.6653072009949926
promotion,Random Forest,0,1770,1771,1936,cat__region_region_17,0.5,0.442687262731277,595,1280.764945765687,False,0.33071807942262055,0.66928192057737,0.6692819205773763
promotion,Random Forest,0,1771,1772,1897,cat__region_region_2,0.5,0.4389229409726133,581,1270.3805969423909,False,0.3252472331729789,0.6747527668270126,0.6747527668270183
promotion,Random Forest,0,1772,1773,1894,cat__region_region_20,0.5,0.4230063527686244,466,1079.438320746902,False,0.3037939256401852,0.6962060743598133,0.6962060743598144
promotion,Random Forest,0,1773,1774,1883,cat__department_Technology,0.5,0.41760738711531487,453,1069.0539719236074,False,0.29703126732833185,0.7029687326716665,0.7029687326716677
promotion,Random Forest,0,1774,1775,1786,num__age,26.5,0.4443997894809496,368,810.1419713874527,False,0.333266364342626,0.6667336356573739,0.666733635657374
promotion,Random Forest,0,1775,1776,1777,num__avg_training_score,60.5,0.4115826873475982,46,60.79058046948992,False,0.7102585463808805,0.2897414536191197,0.2897414536191196
promotion,Random Forest,0,1776,-1,-1,leaf,,-6.661338147750939e-16,24,24.594510370961306,True,1.0,0.0,0.0
promotion,Random Forest,0,1777,1778,1785,num__previous_year_rating,3.5,0.4996416842904473,22,36.196070098528615,False,0.5133849861701956,0.4866150138298045,0.4866150138298045
promotion,Random Forest,0,1778,1779,1784,cat__region_region_22,0.5,0.4860428687670262,18,30.184078674515852,False,0.4164621904974347,0.5835378095025653,0.5835378095025653
promotion,Random Forest,0,1779,1780,1783,cat__department_Analytics,0.5,0.40963502106792826,11,24.71863192541334,False,0.28743826904629377,0.7125617309537063,0.7125617309537063
promotion,Random Forest,0,1780,1781,1782,cat__region_region_7,0.5,0.4961055060456644,7,10.79008579138562,False,0.45587237852356277,0.5441276214764372,0.5441276214764372
promotion,Random Forest,0,1781,-1,-1,leaf,,0.34129359726386665,4,7.510817741924112,True,0.21830299723272403,0.781697002767276,0.781697002767276
promotion,Random Forest,0,1782,-1,-1,leaf,,-2.220446049250313e-16,3,3.279268049461508,True,1.0,0.0,0.0
promotion,Random Forest,0,1783,-1,-1,leaf,,0.26464259482182684,4,13.928546134027721,True,0.15695670449768812,0.8430432955023119,0.8430432955023119
promotion,Random Forest,0,1784,-1,-1,leaf,,0.0,7,5.4654467491025125,True,1.0,0.0,0.0
promotion,Random Forest,0,1785,-1,-1,leaf,,0.0,4,6.0119914240127645,True,1.0,0.0,0.0
promotion,Random Forest,0,1786,1787,1878,cat__department_R&D,0.5,0.42213212207342143,322,749.3513909179629,False,0.30268315083782305,0.6973168491621771,0.6973168491621771
promotion,Random Forest,0,1787,1788,1857,num__avg_training_score,80.5,0.41850566283419877,309,727.7712193351915,False,0.2981407208402336,0.7018592791597666,0.7018592791597665
promotion,Random Forest,0,1788,1789,1838,cat__department_Finance,0.5,0.46029129674885905,233,485.52048830761794,False,0.35909452946897313,0.6409054705310272,0.6409054705310269
promotion,Random Forest,0,1789,1790,1837,cat__region_region_1,0.5,0.4819970202001339,200,375.04440087839737,False,0.40512381805778236,0.594876181942218,0.5948761819422178
promotion,Random Forest,0,1790,1791,1836,cat__region_region_12,0.5,0.4885108886479257,198,356.8843050519071,False,0.4242071528702284,0.5757928471297719,0.5757928471297717
promotion,Random Forest,0,1791,1792,1835,cat__department_Legal,0.5,0.485325167357353,193,350.8723136278943,False,0.4143412799458027,0.5856587200541977,0.5856587200541975
promotion,Random Forest,0,1792,1793,1818,cat__department_Operations,0.5,0.47775462573157657,180,339.394875454779,False,0.3945358490566039,0.6054641509433966,0.6054641509433963
promotion,Random Forest,0,1793,1794,1817,cat__region_region_16,0.5,0.4968680334388388,81,130.57411884644796,False,0.4604274933750632,0.5395725066249366,0.5395725066249367
promotion,Random Forest,0,1794,1795,1804,cat__gender_m,0.5,0.499185957934544,79,124.15639045434435,False,0.4798252377280903,0.5201747622719095,0.5201747622719096
promotion,Random Forest,0,1795,1796,1803,num__avg_training_score,67.5,0.4546585644897586,26,33.60415443079677,False,0.6505679838316258,0.3494320161683741,0.3494320161683741
promotion,Random Forest,0,1796,1797,1802,cat__region_region_22,0.5,0.489295351903807,12,20.487082232950737,False,0.42684042066758116,0.5731595793324189,0.5731595793324189
promotion,Random Forest,0,1797,1798,1801,num__length_of_service,2.5,0.4598831646567927,10,18.300903533309732,False,0.35837225670228423,0.6416277432977158,0.6416277432977158
promotion,Random Forest,0,1798,1799,1800,cat__education_Bachelor's,0.5,0.34129359726386665,6,15.021635483848224,False,0.218302997232724,0.781697002767276,0.781697002767276
promotion,Random Forest,0,1799,-1,-1,leaf,,0.0,2,1.0930893498205025,True,1.0,0.0,0.0
promotion,Random Forest,0,1800,-1,-1,leaf,,0.26464259482182684,4,13.928546134027721,True,0.15695670449768812,0.8430432955023119,0.8430432955023119
promotion,Random Forest,0,1801,-1,-1,leaf,,-2.220446049250313e-16,4,3.2792680494615074,True,1.0,0.0,0.0
promotion,Random Forest,0,1802,-1,-1,leaf,,0.0,2,2.186178699641005,True,1.0,0.0,0.0
promotion,Random Forest,0,1803,-1,-1,leaf,,1.1102230246251565e-16,14,13.11707219784603,True,1.0,0.0,0.0
promotion,Random Forest,0,1804,1805,1816,num__avg_training_score,72.5,0.4860428687670264,53,90.55223602354758,False,0.41646219049743466,0.5835378095025652,0.5835378095025653
promotion,Random Forest,0,1805,1806,1815,cat__region_region_14,0.5,0.4598831646567928,42,82.3540658998938,False,0.3583722567022842,0.6416277432977158,0.6416277432977158
promotion,Random Forest,0,1806,1807,1812,cat__education_Bachelor's,0.5,0.4521594690580427,40,80.71443187516304,False,0.3453382223334457,0.6546617776665542,0.6546617776665543
promotion,Random Forest,0,1807,1808,1809,cat__department_Procurement,0.5,0.49935954122161175,14,22.67326093259174,False,0.4821050457057274,0.5178949542942726,0.5178949542942726
promotion,Random Forest,0,1808,-1,-1,leaf,,0.0,3,2.186178699641005,True,1.0,0.0,0.0
promotion,Random Forest,0,1809,1810,1811,num__previous_year_rating,3.5,0.489295351903807,11,20.487082232950737,False,0.42684042066758116,0.5731595793324189,0.5731595793324189
promotion,Random Forest,0,1810,-1,-1,leaf,,0.0,9,7.651625448743518,True,1.0,0.0,0.0
promotion,Random Forest,0,1811,-1,-1,leaf,,0.1558183735588441,2,12.835456784207219,True,0.08516170232176253,0.9148382976782374,0.9148382976782374
promotion,Random Forest,0,1812,1813,1814,cat__department_Procurement,0.5,0.4133983473250621,26,58.0411709425713,False,0.29191149398040034,0.7080885060195997,0.7080885060195997
promotion,Random Forest,0,1813,-1,-1,leaf,,0.19644638876922693,6,19.79972985122108,True,0.11041457212135548,0.8895854278786446,0.8895854278786446
promotion,Random Forest,0,1814,-1,-1,leaf,,0.4739544321438053,20,38.24144109135022,True,0.3858825870951444,0.6141174129048556,0.6141174129048556
promotion,Random Forest,0,1815,-1,-1,leaf,,0.0,2,1.639634024730754,True,1.0,0.0,0.0
promotion,Random Forest,0,1816,-1,-1,leaf,,0.0,11,8.19817012365377,True,1.0,0.0,0.0
promotion,Random Forest,0,1817,-1,-1,leaf,,0.15581837355884398,2,6.4177283921036095,True,0.08516170232176253,0.9148382976782374,0.9148382976782374
promotion,Random Forest,0,1818,1819,1834,cat__region_region_10,0.5,0.456978331545724,99,208.82075660833118,False,0.353334277259008,0.6466657227409921,0.6466657227409921
promotion,Random Forest,0,1819,1820,1833,cat__region_region_13,0.5,0.45180077565933496,95,206.08803323377992,False,0.34475950215767653,0.6552404978423235,0.6552404978423235
promotion,Random Forest,0,1820,1821,1826,num__previous_year_rating,3.5,0.41531175789174113,80,191.33132701120314,False,0.2942231279902201,0.7057768720097799,0.7057768720097799
promotion,Random Forest,0,1821,1822,1825,cat__region_region_4,0.5,0.34129359726386654,51,157.72717258040637,False,0.21830299723272398,0.781697002767276,0.781697002767276
promotion,Random Forest,0,1822,1823,1824,cat__region_region_3,0.5,0.31864252908598456,48,153.90135985603462,False,0.19887089902002553,0.8011291009799745,0.8011291009799745
promotion,Random Forest,0,1823,-1,-1,leaf,,0.30810234328815,46,152.26172583130386,True,0.19024392119616934,0.8097560788038307,0.8097560788038307
promotion,Random Forest,0,1824,-1,-1,leaf,,0.0,2,1.639634024730754,True,1.0,0.0,0.0
promotion,Random Forest,0,1825,-1,-1,leaf,,0.0,3,3.825812724371759,True,1.0,0.0,0.0
promotion,Random Forest,0,1826,1827,1832,cat__gender_m,0.5,0.4546585644897585,29,33.60415443079677,False,0.6505679838316258,0.3494320161683741,0.3494320161683741
promotion,Random Forest,0,1827,1828,1831,cat__region_region_16,0.5,0.49811657853991664,13,22.12671625768149,False,0.4693126943176556,0.5306873056823443,0.5306873056823443
promotion,Random Forest,0,1828,1829,1830,cat__education_Master's & above,0.5,0.4745608214850363,11,15.16244319066763,False,0.6127811564822859,0.3872188435177141,0.3872188435177141
promotion,Random Forest,0,1829,-1,-1,leaf,,4.440892098500626e-16,7,6.011991424012764,True,1.0,0.0,0.0
promotion,Random Forest,0,1830,-1,-1,leaf,,0.45988316465679246,4,9.150451766654866,True,0.35837225670228423,0.6416277432977158,0.6416277432977158
promotion,Random Forest,0,1831,-1,-1,leaf,,0.2646425948218267,2,6.964273067013861,True,0.15695670449768812,0.8430432955023119,0.8430432955023119
promotion,Random Forest,0,1832,-1,-1,leaf,,4.440892098500626e-16,16,11.477438173115276,True,1.0,0.0,0.0
promotion,Random Forest,0,1833,-1,-1,leaf,,0.0,15,14.756706222576783,True,1.0,0.0,0.0
promotion,Random Forest,0,1834,-1,-1,leaf,,0.0,4,2.7327233745512562,True,1.0,0.0,0.0
promotion,Random Forest,0,1835,-1,-1,leaf,,0.0,13,11.477438173115276,True,1.0,0.0,0.0
promotion,Random Forest,0,1836,-1,-1,leaf,,0.0,5,6.0119914240127645,True,1.0,0.0,0.0
promotion,Random Forest,0,1837,-1,-1,leaf,,0.05838029916382692,2,18.160095826490327,True,0.03009591359716289,0.9699040864028371,0.9699040864028371
promotion,Random Forest,0,1838,1839,1840,cat__gender_m,0.5,0.3233850053764694,33,110.47608742922068,False,0.20283422587423516,0.7971657741257648,0.7971657741257648
promotion,Random Forest,0,1839,-1,-1,leaf,,0.11691936096800992,8,43.83100939490477,True,0.062346804517555275,0.9376531954824447,0.9376531954824447
promotion,Random Forest,0,1840,1841,1856,cat__region_region_4,0.5,0.41613827185449526,25,66.64507803431592,False,0.29522972854256346,0.7047702714574365,0.7047702714574365
promotion,Random Forest,0,1841,1842,1843,num__previous_year_rating,2.5,0.3896398591920369,22,63.91235465976465,False,0.2650956143364251,0.734904385663575,0.734904385663575
promotion,Random Forest,0,1842,-1,-1,leaf,,0.12200349063157245,4,25.124368893504187,True,0.06526070492280804,0.934739295077192,0.934739295077192
promotion,Random Forest,0,1843,1844,1849,num__avg_training_score,57.5,0.4777546257315769,18,38.78798576626047,False,0.3945358490566037,0.6054641509433962,0.6054641509433962
promotion,Random Forest,0,1844,1845,1848,cat__region_region_26,0.5,0.26464259482182695,6,20.892819201041583,False,0.15695670449768812,0.8430432955023119,0.8430432955023119
promotion,Random Forest,0,1845,1846,1847,num__age,30.5,0.4334708659252017,4,8.603907091744615,False,0.31761423565036917,0.6823857643496308,0.6823857643496308
promotion,Random Forest,0,1846,-1,-1,leaf,,0.1558183735588441,2,6.4177283921036095,True,0.08516170232176253,0.9148382976782374,0.9148382976782374
promotion,Random Forest,0,1847,-1,-1,leaf,,0.0,2,2.186178699641005,True,1.0,0.0,0.0
promotion,Random Forest,0,1848,-1,-1,leaf,,0.08499325318400885,2,12.288912109296968,True,0.04447461826151171,0.9555253817384883,0.9555253817384883
promotion,Random Forest,0,1849,1850,1855,cat__region_region_28,0.5,0.44089230983230965,12,17.895166565218886,False,0.6719123180107966,0.32808768198920335,0.32808768198920335
promotion,Random Forest,0,1850,1851,1854,cat__region_region_7,0.5,0.4546585644897586,10,16.802077215398384,False,0.6505679838316258,0.3494320161683741,0.3494320161683741
promotion,Random Forest,0,1851,1852,1853,num__avg_training_score,60.5,0.4745608214850363,8,15.16244319066763,False,0.6127811564822859,0.3872188435177141,0.3872188435177141
promotion,Random Forest,0,1852,-1,-1,leaf,,5.551115123125783e-16,5,7.105080773833267,True,1.0,0.0,0.0
promotion,Random Forest,0,1853,-1,-1,leaf,,0.3954171736469341,3,8.057362416834364,True,0.2713268420287749,0.7286731579712251,0.7286731579712251
promotion,Random Forest,0,1854,-1,-1,leaf,,0.0,2,1.639634024730754,True,1.0,0.0,0.0
promotion,Random Forest,0,1855,-1,-1,leaf,,0.0,2,1.0930893498205025,True,1.0,0.0,0.0
promotion,Random Forest,0,1856,-1,-1,leaf,,0.0,3,2.7327233745512562,True,1.0,0.0,0.0
promotion,Random Forest,0,1857,1858,1873,cat__region_region_7,0.5,0.2900178043836721,76,242.25073102757383,False,0.17597670175099386,0.8240232982490061,0.8240232982490061
promotion,Random Forest,0,1858,1859,1872,cat__department_Operations,0.5,0.30900082693235,68,203.1978160000419,False,0.19096992616603634,0.8090300738339637,0.8090300738339637
promotion,Random Forest,0,1859,1860,1871,cat__region_region_14,0.5,0.34678364804462636,66,173.8418974140751,False,0.22321817982806957,0.7767818201719304,0.7767818201719304
promotion,Random Forest,0,1860,1861,1870,cat__region_region_23,0.5,0.32980312088248454,63,170.5626293646136,False,0.20828363165780758,0.7917163683421925,0.7917163683421925
promotion,Random Forest,0,1861,1862,1869,cat__region_region_15,0.5,0.32071798244995187,61,168.92299533988285,False,0.2005989165433365,0.7994010834566635,0.7994010834566635
promotion,Random Forest,0,1862,1863,1868,cat__gender_m,0.5,0.30463011032896614,56,166.1902719653316,False,0.18745409163529772,0.8125459083647023,0.8125459083647023
promotion,Random Forest,0,1863,1864,1865,num__length_of_service,1.5,0.4334708659252018,15,25.811721275233843,False,0.31761423565036917,0.6823857643496309,0.6823857643496309
promotion,Random Forest,0,1864,-1,-1,leaf,,0.0,3,1.639634024730754,True,1.0,0.0,0.0
promotion,Random Forest,0,1865,1866,1867,num__previous_year_rating,3.5,0.3954171736469342,12,24.17208725050309,False,0.2713268420287749,0.7286731579712251,0.7286731579712251
promotion,Random Forest,0,1866,-1,-1,leaf,,0.0,3,2.186178699641005,True,1.0,0.0,0.0
promotion,Random Forest,0,1867,-1,-1,leaf,,0.31864252908598467,9,21.985908550862085,True,0.19887089902002555,0.8011291009799745,0.8011291009799745
promotion,Random Forest,0,1868,-1,-1,leaf,,0.2735641041299347,41,140.37855069009774,True,0.16352125188203545,0.8364787481179646,0.8364787481179646
promotion,Random Forest,0,1869,-1,-1,leaf,,0.0,5,2.7327233745512562,True,1.0,0.0,0.0
promotion,Random Forest,0,1870,-1,-1,leaf,,0.0,2,1.639634024730754,True,1.0,0.0,0.0
promotion,Random Forest,0,1871,-1,-1,leaf,,0.0,3,3.279268049461508,True,1.0,0.0,0.0
promotion,Random Forest,0,1872,-1,-1,leaf,,0.0,2,29.35591858596679,True,0.0,1.0,1.0
promotion,Random Forest,0,1873,1874,1875,num__avg_training_score,84.5,0.1767354665135169,8,39.05291502753191,False,0.09796484389640568,0.9020351561035943,0.9020351561035943
promotion,Random Forest,0,1874,-1,-1,leaf,,0.0,3,2.186178699641005,True,1.0,0.0,0.0
promotion,Random Forest,0,1875,1876,1877,num__avg_training_score,86.5,0.08499325318400897,5,36.866736327890905,False,0.04447461826151171,0.9555253817384883,0.9555253817384883
promotion,Random Forest,0,1876,-1,-1,leaf,,0.03588702081288253,3,29.90246326087704,True,0.018277580349887905,0.9817224196501121,0.9817224196501121
promotion,Random Forest,0,1877,-1,-1,leaf,,0.26464259482182695,2,6.964273067013861,True,0.15695670449768812,0.8430432955023119,0.8430432955023119
promotion,Random Forest,0,1878,1879,1882,cat__region_region_11,0.5,0.49610550604566717,13,21.58017158277124,False,0.45587237852356277,0.5441276214764372,0.5441276214764372
promotion,Random Forest,0,1879,1880,1881,cat__region_region_22,0.5,0.48420454778537725,11,19.940537558040486,False,0.4111308483932058,0.5888691516067942,0.5888691516067942
promotion,Random Forest,0,1880,-1,-1,leaf,,0.0,2,1.639634024730754,True,1.0,0.0,0.0
promotion,Random Forest,0,1881,-1,-1,leaf,,0.4598831646567927,9,18.300903533309732,True,0.3583722567022842,0.6416277432977158,0.6416277432977158
promotion,Random Forest,0,1882,-1,-1,leaf,,0.0,2,1.639634024730754,True,1.0,0.0,0.0
promotion,Random Forest,0,1883,1884,1887,num__avg_training_score,86.5,0.2998463218131092,85,258.91200053615285,False,0.18365076403846473,0.8163492359615352,0.8163492359615353
promotion,Random Forest,0,1884,1885,1886,cat__region_region_28,0.5,0.37513316158954835,77,187.91125125492223,False,0.2501331970724685,0.7498668029275315,0.7498668029275315
promotion,Random Forest,0,1885,-1,-1,leaf,,0.3707094622444589,75,186.81816190510173,True,0.24574566104435788,0.7542543389556421,0.7542543389556421
promotion,Random Forest,0,1886,-1,-1,leaf,,0.0,2,1.0930893498205025,True,1.0,0.0,0.0
promotion,Random Forest,0,1887,1888,1893,cat__education_Master's & above,0.5,0.01527695204533197,8,71.00074928123055,False,0.007697731086546905,0.9923022689134531,0.9923022689134531
promotion,Random Forest,0,1888,1889,1892,num__length_of_service,3.5,0.020265138910367297,6,53.387198129650486,False,0.010237373266582953,0.9897626267334171,0.9897626267334171
promotion,Random Forest,0,1889,1890,1891,cat__gender_m,0.5,0.05838029916382992,4,18.160095826490327,False,0.03009591359716289,0.9699040864028371,0.9699040864028371
promotion,Random Forest,0,1890,-1,-1,leaf,,0.0,2,11.742367434386717,True,0.0,1.0,1.0
promotion,Random Forest,0,1891,-1,-1,leaf,,0.1558183735588441,2,6.4177283921036095,True,0.08516170232176253,0.9148382976782374,0.9148382976782374
promotion,Random Forest,0,1892,-1,-1,leaf,,0.0,2,35.22710230316015,True,0.0,1.0,1.0
promotion,Random Forest,0,1893,-1,-1,leaf,,0.0,2,17.613551151580076,True,0.0,1.0,1.0
promotion,Random Forest,0,1894,1895,1896,cat__department_Procurement,0.5,1.971756091734278e-13,13,10.384348823294774,False,1.0,0.0,0.0
promotion,Random Forest,0,1895,-1,-1,leaf,,0.0,11,9.291259473474272,True,1.0,0.0,0.0
promotion,Random Forest,0,1896,-1,-1,leaf,,0.0,2,1.0930893498205025,True,1.0,0.0,0.0
promotion,Random Forest,0,1897,1898,1933,cat__department_Operations,0.5,0.49428137458447674,115,190.94227619547965,False,0.4465274583754944,0.5534725416245057,0.5534725416245057
promotion,Random Forest,0,1898,1899,1920,num__avg_training_score,81.5,0.48317075291208134,94,168.67475223097875,False,0.4082687428192588,0.5917312571807413,0.5917312571807413
promotion,Random Forest,0,1899,1900,1911,cat__education_Below Secondary,0.5,0.49074833214496283,78,108.72901800240525,False,0.5680134834243805,0.43198651657561954,0.43198651657561954
promotion,Random Forest,0,1900,1901,1910,num__age,29.5,0.43401699332762,58,73.76684496051655,False,0.6816356334428623,0.3183643665571376,0.3183643665571377
promotion,Random Forest,0,1901,1902,1909,num__awards_won?,0.5,0.49882745169367093,28,44.79997719027323,False,0.47578690120689765,0.5242130987931023,0.5242130987931023
promotion,Random Forest,0,1902,1903,1904,num__avg_training_score,69.5,0.4961055060456645,26,43.16034316554248,False,0.45587237852356277,0.5441276214764372,0.5441276214764372
promotion,Random Forest,0,1903,-1,-1,leaf,,0.0,13,11.477438173115276,True,1.0,0.0,0.0
promotion,Random Forest,0,1904,1905,1906,cat__gender_m,0.5,0.3836035286783954,13,31.682904992427204,False,0.25875689510205213,0.7412431048979479,0.7412431048979479
promotion,Random Forest,0,1905,-1,-1,leaf,,0.0,5,3.279268049461508,True,1.0,0.0,0.0
promotion,Random Forest,0,1906,1907,1908,num__age,28.5,0.2863755447049702,8,28.403636942965694,False,0.1731785997711977,0.8268214002288024,0.8268214002288024
promotion,Random Forest,0,1907,-1,-1,leaf,,-6.661338147750939e-16,6,4.918902074192261,True,1.0,0.0,0.0
promotion,Random Forest,0,1908,-1,-1,leaf,,0.0,2,23.484734868773433,True,0.0,1.0,1.0
promotion,Random Forest,0,1909,-1,-1,leaf,,0.0,2,1.639634024730754,True,1.0,0.0,0.0
promotion,Random Forest,0,1910,-1,-1,leaf,,2.220446049250313e-16,30,28.966867770243315,True,1.0,0.0,0.0
promotion,Random Forest,0,1911,1912,1919,cat__department_HR,0.5,0.4410255835279605,20,34.96217304188871,False,0.32828160192914735,0.6717183980708527,0.6717183980708527
promotion,Random Forest,0,1912,1913,1918,cat__department_Procurement,0.5,0.45465856448975883,17,16.802077215398384,False,0.6505679838316258,0.3494320161683741,0.3494320161683741
promotion,Random Forest,0,1913,1914,1915,num__avg_training_score,70.0,0.4961055060456646,9,10.79008579138562,False,0.45587237852356277,0.5441276214764372,0.5441276214764372
promotion,Random Forest,0,1914,-1,-1,leaf,,0.0,5,3.2792680494615074,True,1.0,0.0,0.0
promotion,Random Forest,0,1915,1916,1917,num__length_of_service,1.5,0.34129359726386665,4,7.510817741924112,False,0.21830299723272403,0.781697002767276,0.781697002767276
promotion,Random Forest,0,1916,-1,-1,leaf,,0.1558183735588441,2,6.4177283921036095,True,0.08516170232176253,0.9148382976782374,0.9148382976782374
promotion,Random Forest,0,1917,-1,-1,leaf,,-6.661338147750939e-16,2,1.0930893498205025,True,1.0,0.0,0.0
promotion,Random Forest,0,1918,-1,-1,leaf,,0.0,8,6.011991424012764,True,1.0,0.0,0.0
promotion,Random Forest,0,1919,-1,-1,leaf,,0.058380299163829585,3,18.160095826490327,True,0.03009591359716289,0.9699040864028371,0.9699040864028371
promotion,Random Forest,0,1920,1921,1922,num__age,22.5,0.2089539700998685,16,59.94573422857349,False,0.1185252105969967,0.8814747894030033,0.8814747894030033
promotion,Random Forest,0,1921,-1,-1,leaf,,0.0,2,2.186178699641005,True,1.0,0.0,0.0
promotion,Random Forest,0,1922,1923,1924,cat__gender_m,0.5,0.1558183735588441,14,57.75955552893249,False,0.08516170232176253,0.9148382976782375,0.9148382976782375
promotion,Random Forest,0,1923,-1,-1,leaf,,0.1558183735588441,4,12.835456784207219,True,0.08516170232176253,0.9148382976782374,0.9148382976782374
promotion,Random Forest,0,1924,1925,1932,cat__education_Below Secondary,0.5,0.15581837355884398,10,44.92409874472526,False,0.08516170232176253,0.9148382976782374,0.9148382976782374
promotion,Random Forest,0,1925,1926,1931,num__avg_training_score,88.5,0.3707094622444589,8,15.568180158758476,False,0.2457456610443579,0.754254338955642,0.7542543389556421
promotion,Random Forest,0,1926,1927,1928,cat__education_Bachelor's,0.5,0.4598831646567929,6,9.150451766654866,False,0.3583722567022842,0.6416277432977158,0.6416277432977158
promotion,Random Forest,0,1927,-1,-1,leaf,,0.0,2,1.639634024730754,True,1.0,0.0,0.0
promotion,Random Forest,0,1928,1929,1930,num__age,30.0,0.34129359726386677,4,7.510817741924112,False,0.21830299723272403,0.781697002767276,0.781697002767276
promotion,Random Forest,0,1929,-1,-1,leaf,,0.0,2,1.0930893498205025,True,1.0,0.0,0.0
promotion,Random Forest,0,1930,-1,-1,leaf,,0.1558183735588441,2,6.4177283921036095,True,0.08516170232176253,0.9148382976782374,0.9148382976782374
promotion,Random Forest,0,1931,-1,-1,leaf,,0.15581837355884387,2,6.4177283921036095,True,0.08516170232176253,0.9148382976782374,0.9148382976782374
promotion,Random Forest,0,1932,-1,-1,leaf,,0.0,2,29.35591858596679,True,0.0,1.0,1.0
promotion,Random Forest,0,1933,1934,1935,num__length_of_service,2.5,0.388292257733612,21,22.267523964500896,False,0.7363342360581601,0.26366576394184,0.26366576394184
promotion,Random Forest,0,1934,-1,-1,leaf,,0.4863224159403401,12,14.069353840847127,True,0.5826969892428373,0.4173030107571628,0.4173030107571628
promotion,Random Forest,0,1935,-1,-1,leaf,,0.0,9,8.19817012365377,True,1.0,0.0,0.0
promotion,Random Forest,0,1936,1937,1938,cat__department_Analytics,0.5,1.971756091734278e-13,14,10.384348823294774,False,1.0,0.0,0.0
promotion,Random Forest,0,1937,-1,-1,leaf,,0.0,10,7.105080773833266,True,1.0,0.0,0.0
promotion,Random Forest,0,1938,-1,-1,leaf,,0.0,4,3.279268049461508,True,1.0,0.0,0.0
promotion,Random Forest,0,1939,1940,1941,cat__education_Bachelor's,0.5,1.7830181775480014e-13,9,7.651625448743517,False,1.0,0.0,0.0
promotion,Random Forest,0,1940,-1,-1,leaf,,0.0,2,1.639634024730754,True,1.0,0.0,0.0
promotion,Random Forest,0,1941,-1,-1,leaf,,0.0,7,6.011991424012764,True,1.0,0.0,0.0
promotion,Random Forest,0,1942,1943,1944,num__avg_training_score,58.5,0.25225113696922963,26,103.37100665538742,False,0.14804200319441768,0.8519579968055824,0.8519579968055824
promotion,Random Forest,0,1943,-1,-1,leaf,,0.0,6,3.825812724371759,True,1.0,0.0,0.0
promotion,Random Forest,0,1944,1945,1952,cat__education_Master's & above,0.5,0.204009923461836,20,99.54519393101566,False,0.11529876752331293,0.8847012324766871,0.8847012324766871
promotion,Random Forest,0,1945,1946,1951,num__age,31.5,0.2150257334649186,17,80.29200875470482,False,0.12252532102465381,0.8774746789753463,0.8774746789753463
promotion,Random Forest,0,1946,1947,1950,num__length_of_service,3.5,0.14488262056112322,13,76.46619603033307,False,0.0786228652152108,0.9213771347847892,0.9213771347847892
promotion,Random Forest,0,1947,1948,1949,cat__gender_f,0.5,0.11486725941005205,10,62.53764989630534,False,0.06117615117797677,0.9388238488220232,0.9388238488220232
promotion,Random Forest,0,1948,-1,-1,leaf,,0.020265138910367297,5,53.38719812965047,True,0.010237373266582955,0.9897626267334171,0.9897626267334171
promotion,Random Forest,0,1949,-1,-1,leaf,,0.4598831646567926,5,9.150451766654866,True,0.35837225670228423,0.6416277432977158,0.6416277432977158
promotion,Random Forest,0,1950,-1,-1,leaf,,0.2646425948218277,3,13.928546134027721,True,0.15695670449768812,0.8430432955023119,0.8430432955023119
promotion,Random Forest,0,1951,-1,-1,leaf,,0.0,4,3.825812724371759,True,1.0,0.0,0.0
promotion,Random Forest,0,1952,-1,-1,leaf,,0.15581837355884398,3,19.25318517631083,True,0.08516170232176254,0.9148382976782375,0.9148382976782375
promotion,Random Forest,0,1953,1954,2021,num__age,35.5,0.34970541346599304,170,508.14369078310756,False,0.22586993366831398,0.7741300663316862,0.774130066331686
promotion,Random Forest,0,1954,1955,2016,cat__department_Finance,0.5,0.3343689189361705,158,491.8881582426194,False,0.21222310632728944,0.7877768936727109,0.7877768936727106
promotion,Random Forest,0,1955,1956,2015,cat__department_R&D,0.5,0.3140225688531767,138,459.51790086846256,False,0.19505948846797772,0.8049405115320225,0.8049405115320223
promotion,Random Forest,0,1956,1957,2014,cat__region_region_15,0.5,0.3075206989574183,132,449.27435975198733,False,0.1897748389938517,0.8102251610061485,0.8102251610061483
promotion,Random Forest,0,1957,1958,1997,num__length_of_service,2.5,0.329034137159279,126,400.1187113147994,False,0.2076253577678797,0.7923746422321204,0.7923746422321204
promotion,Random Forest,0,1958,1959,1988,cat__region_region_22,0.5,0.25982022684316797,67,263.54928719670625,False,0.1534601226721286,0.8465398773278715,0.8465398773278715
promotion,Random Forest,0,1959,1960,1961,num__avg_training_score,60.5,0.31167406618785043,44,152.80827050621411,False,0.19314015103621876,0.8068598489637813,0.8068598489637813
promotion,Random Forest,0,1960,-1,-1,leaf,,0.0,4,3.279268049461508,True,1.0,0.0,0.0
promotion,Random Forest,0,1961,1962,1963,num__age,23.5,0.289328351906714,40,149.5290024567526,False,0.17544519099750971,0.8245548090024903,0.8245548090024903
promotion,Random Forest,0,1962,-1,-1,leaf,,0.0,2,2.186178699641005,True,1.0,0.0,0.0
promotion,Random Forest,0,1963,1964,1987,cat__region_region_33,0.5,0.2731463031890051,38,147.3428237571116,False,0.16321097344851423,0.8367890265514858,0.8367890265514858
promotion,Random Forest,0,1964,1965,1986,num__avg_training_score,86.5,0.25585079762868057,36,145.1566450574706,False,0.15060824110225546,0.8493917588977445,0.8493917588977445
promotion,Random Forest,0,1965,1966,1985,cat__region_region_27,0.5,0.242100446330198,34,143.51701103273984,False,0.14090422331235783,0.8590957766876423,0.8590957766876423
promotion,Random Forest,0,1966,1967,1984,num__no_of_trainings,2.5,0.2543567774340083,30,124.26382585642901,False,0.14954085647112034,0.8504591435288796,0.8504591435288796
promotion,Random Forest,0,1967,1968,1983,cat__region_region_31,0.5,0.2150257334649186,24,107.05601167293977,False,0.1225253210246538,0.8774746789753463,0.8774746789753463
promotion,Random Forest,0,1968,1969,1972,cat__education_Bachelor's,0.5,0.20119451765703456,22,105.96292232311927,False,0.11347349227836559,0.8865265077216344,0.8865265077216344
promotion,Random Forest,0,1969,1970,1971,num__age,28.0,0.1558183735588441,6,25.670913568414438,False,0.08516170232176253,0.9148382976782374,0.9148382976782374
promotion,Random Forest,0,1970,-1,-1,leaf,,0.26464259482182684,4,13.928546134027721,True,0.15695670449768812,0.8430432955023119,0.8430432955023119
promotion,Random Forest,0,1971,-1,-1,leaf,,0.0,2,11.742367434386717,True,0.0,1.0,1.0
promotion,Random Forest,0,1972,1973,1980,cat__department_Procurement,0.5,0.2150257334649186,16,80.29200875470482,False,0.12252532102465381,0.8774746789753463,0.8774746789753463
promotion,Random Forest,0,1973,1974,1977,num__avg_training_score,80.5,0.1438721520573868,10,70.04846763822945,False,0.07802378743428366,0.9219762125657164,0.9219762125657164
promotion,Random Forest,0,1974,1975,1976,num__length_of_service,1.5,0.34129359726386654,4,15.021635483848224,False,0.21830299723272403,0.781697002767276,0.781697002767276
promotion,Random Forest,0,1975,-1,-1,leaf,,0.1558183735588441,2,12.835456784207219,True,0.08516170232176253,0.9148382976782374,0.9148382976782374
promotion,Random Forest,0,1976,-1,-1,leaf,,-6.661338147750939e-16,2,2.186178699641005,True,1.0,0.0,0.0
promotion,Random Forest,0,1977,1978,1979,cat__region_region_7,0.5,0.07630180482063531,6,55.02683215438123,False,0.03972932138829187,0.9602706786117081,0.9602706786117081
promotion,Random Forest,0,1978,-1,-1,leaf,,0.03008888882194649,4,35.7736469780704,True,0.01527785733574462,0.9847221426642554,0.9847221426642554
promotion,Random Forest,0,1979,-1,-1,leaf,,0.1558183735588441,2,19.25318517631083,True,0.08516170232176254,0.9148382976782375,0.9148382976782375
promotion,Random Forest,0,1980,1981,1982,cat__gender_f,0.5,0.4892953519038069,6,10.243541116475368,False,0.42684042066758116,0.5731595793324189,0.5731595793324189
promotion,Random Forest,0,1981,-1,-1,leaf,,0.0,4,3.825812724371759,True,1.0,0.0,0.0
promotion,Random Forest,0,1982,-1,-1,leaf,,0.1558183735588441,2,6.4177283921036095,True,0.08516170232176253,0.9148382976782374,0.9148382976782374
promotion,Random Forest,0,1983,-1,-1,leaf,,0.0,2,1.0930893498205025,True,1.0,0.0,0.0
promotion,Random Forest,0,1984,-1,-1,leaf,,0.4334708659252017,6,17.20781418348923,True,0.3176142356503691,0.6823857643496308,0.6823857643496308
promotion,Random Forest,0,1985,-1,-1,leaf,,0.15581837355884398,4,19.25318517631083,True,0.08516170232176254,0.9148382976782375,0.9148382976782375
promotion,Random Forest,0,1986,-1,-1,leaf,,0.0,2,1.639634024730754,True,1.0,0.0,0.0
promotion,Random Forest,0,1987,-1,-1,leaf,,0.0,2,2.186178699641005,True,1.0,0.0,0.0
promotion,Random Forest,0,1988,1989,1996,cat__department_Operations,0.5,0.17792756587974112,23,110.74101669049213,False,0.09870681907098218,0.9012931809290178,0.9012931809290178
promotion,Random Forest,0,1989,1990,1993,cat__department_Technology,0.5,0.1844551348540101,19,85.07010312207768,False,0.10279421885753612,0.8972057811424639,0.8972057811424639
promotion,Random Forest,0,1990,1991,1992,cat__gender_m,0.5,0.16851773765754752,13,64.72382859594636,False,0.09288683247624344,0.9071131675237565,0.9071131675237566
promotion,Random Forest,0,1991,-1,-1,leaf,,0.0,5,3.825812724371759,True,1.0,0.0,0.0
promotion,Random Forest,0,1992,-1,-1,leaf,,0.06922054883455686,8,60.89801587157459,True,0.035899013594323834,0.9641009864056762,0.9641009864056762
promotion,Random Forest,0,1993,1994,1995,num__age,26.5,0.23254274366399397,6,20.34627452613133,False,0.13431074917629454,0.8656892508237055,0.8656892508237055
promotion,Random Forest,0,1994,-1,-1,leaf,,0.0,2,11.742367434386717,True,0.0,1.0,1.0
promotion,Random Forest,0,1995,-1,-1,leaf,,0.4334708659252017,4,8.603907091744615,True,0.3176142356503691,0.6823857643496308,0.6823857643496308
promotion,Random Forest,0,1996,-1,-1,leaf,,0.15581837355884398,4,25.670913568414438,True,0.08516170232176253,0.9148382976782374,0.9148382976782374
promotion,Random Forest,0,1997,1998,2013,cat__region_region_16,0.5,0.4294266196281078,59,136.56942411809334,False,0.3121524815549963,0.6878475184450038,0.6878475184450038
promotion,Random Forest,0,1998,1999,2012,num__length_of_service,3.5,0.4697313693660541,56,113.08468924931991,False,0.3769783949179131,0.6230216050820869,0.6230216050820869
promotion,Random Forest,0,1999,2000,2003,cat__gender_m,0.5,0.4222658373666539,30,75.79552980097078,False,0.3028526406043612,0.6971473593956388,0.6971473593956388
promotion,Random Forest,0,2000,2001,2002,num__previous_year_rating,3.5,0.19644638876922693,9,39.59945970244216,False,0.11041457212135548,0.8895854278786446,0.8895854278786446
promotion,Random Forest,0,2001,-1,-1,leaf,,0.11003756798143471,6,37.413281002801156,True,0.058433225877124344,0.9415667741228757,0.9415667741228757
promotion,Random Forest,0,2002,-1,-1,leaf,,0.0,3,2.186178699641005,True,1.0,0.0,0.0
promotion,Random Forest,0,2003,2004,2005,num__age,26.0,0.4996416842904474,21,36.196070098528615,False,0.5133849861701956,0.4866150138298045,0.4866150138298045
promotion,Random Forest,0,2004,-1,-1,leaf,,0.0,4,4.37235739928201,True,1.0,0.0,0.0
promotion,Random Forest,0,2005,2006,2007,num__avg_training_score,79.5,0.4942813745844309,17,31.823712699246606,False,0.4465274583754944,0.5534725416245057,0.5534725416245057
promotion,Random Forest,0,2006,-1,-1,leaf,,0.0,9,8.74471479856402,True,1.0,0.0,0.0
promotion,Random Forest,0,2007,2008,2011,cat__region_region_22,0.5,0.3614670315331432,8,23.078997900682587,False,0.23681473401151729,0.7631852659884828,0.7631852659884828
promotion,Random Forest,0,2008,2009,2010,cat__education_Master's & above,0.5,0.4892953519038069,5,10.243541116475368,False,0.42684042066758116,0.5731595793324189,0.5731595793324189
promotion,Random Forest,0,2009,-1,-1,leaf,,0.0,3,3.825812724371759,True,1.0,0.0,0.0
promotion,Random Forest,0,2010,-1,-1,leaf,,0.1558183735588441,2,6.4177283921036095,True,0.08516170232176253,0.9148382976782374,0.9148382976782374
promotion,Random Forest,0,2011,-1,-1,leaf,,0.1558183735588441,3,12.835456784207219,True,0.08516170232176253,0.9148382976782374,0.9148382976782374
promotion,Random Forest,0,2012,-1,-1,leaf,,0.49847100449088544,26,37.28915944834912,True,0.5276495525200189,0.47235044747998123,0.47235044747998123
promotion,Random Forest,0,2013,-1,-1,leaf,,0.0,3,23.484734868773433,True,0.0,1.0,1.0
promotion,Random Forest,0,2014,-1,-1,leaf,,0.08499325318400897,6,49.15564843718787,True,0.04447461826151171,0.9555253817384883,0.9555253817384883
promotion,Random Forest,0,2015,-1,-1,leaf,,0.48929535190380735,6,10.243541116475368,True,0.42684042066758116,0.5731595793324189,0.5731595793324189
promotion,Random Forest,0,2016,2017,2020,cat__region_region_22,0.5,0.4961055060456647,20,32.37025737415686,False,0.45587237852356277,0.5441276214764373,0.5441276214764373
promotion,Random Forest,0,2017,2018,2019,cat__gender_f,0.5,0.49993491023520664,15,23.219805607501993,False,0.49429518778602854,0.5057048122139715,0.5057048122139715
promotion,Random Forest,0,2018,-1,-1,leaf,,0.4961055060456645,13,21.58017158277124,True,0.45587237852356277,0.5441276214764372,0.5441276214764372
promotion,Random Forest,0,2019,-1,-1,leaf,,0.0,2,1.639634024730754,True,1.0,0.0,0.0
promotion,Random Forest,0,2020,-1,-1,leaf,,0.4598831646567926,5,9.150451766654866,True,0.35837225670228423,0.6416277432977158,0.6416277432977158
promotion,Random Forest,0,2021,2022,2025,num__awards_won?,0.5,0.46145837299272563,12,16.255532540488133,False,0.6388193556520017,0.36118064434799835,0.36118064434799835
promotion,Random Forest,0,2022,2023,2024,num__length_of_service,3.5,4.440892098500626e-16,9,8.19817012365377,False,1.0,0.0,0.0
promotion,Random Forest,0,2023,-1,-1,leaf,,0.0,3,1.639634024730754,True,1.0,0.0,0.0
promotion,Random Forest,0,2024,-1,-1,leaf,,0.0,6,6.558536098923016,True,1.0,0.0,0.0
promotion,Random Forest,0,2025,-1,-1,leaf,,0.3954171736469341,3,8.057362416834364,True,0.2713268420287749,0.7286731579712251,0.7286731579712251
promotion,Random Forest,0,2026,2027,2028,cat__education_Bachelor's,0.5,1.2789769243681803e-13,14,14.210161547666532,False,1.0,0.0,0.0
promotion,Random Forest,0,2027,-1,-1,leaf,,0.0,3,2.186178699641005,True,1.0,0.0,0.0
promotion,Random Forest,0,2028,-1,-1,leaf,,0.0,11,12.023982848025527,True,1.0,0.0,0.0
promotion,Random Forest,0,2029,2030,2045,num__previous_year_rating,2.5,0.3685496471398326,634,1754.2854558655338,False,0.2436307810401049,0.7563692189598851,0.7563692189598926
promotion,Random Forest,0,2030,2031,2044,cat__education_Master's & above,0.5,0.4901670125700681,59,102.98195583966394,False,0.4298822867246373,0.5701177132753626,0.5701177132753626
promotion,Random Forest,0,2031,2032,2043,cat__region_region_22,0.5,0.4947762823489016,49,85.22759698126445,False,0.4488936518077338,0.5511063481922663,0.5511063481922663
promotion,Random Forest,0,2032,2033,2042,num__no_of_trainings,2.5,0.48420454778537714,41,79.76215023216194,False,0.4111308483932058,0.5888691516067942,0.5888691516067942
promotion,Random Forest,0,2033,2034,2035,num__avg_training_score,47.5,0.4739544321438054,38,76.48288218270044,False,0.3858825870951444,0.6141174129048556,0.6141174129048556
promotion,Random Forest,0,2034,-1,-1,leaf,,0.0,10,7.651625448743517,True,1.0,0.0,0.0
promotion,Random Forest,0,2035,2036,2037,cat__recruitment_channel_other,0.5,0.4334708659252019,28,68.83125673395692,False,0.3176142356503691,0.6823857643496308,0.6823857643496308
promotion,Random Forest,0,2036,-1,-1,leaf,,0.4521594690580426,13,26.904810625054346,True,0.34533822233344574,0.6546617776665543,0.6546617776665543
promotion,Random Forest,0,2037,2038,2041,num__no_of_trainings,1.5,0.4198586175316913,15,41.92644610890257,False,0.2998233499277341,0.700176650072266,0.700176650072266
promotion,Random Forest,0,2038,2039,2040,cat__region_region_28,0.5,0.3954171736469342,13,40.286812084171814,False,0.2713268420287749,0.7286731579712251,0.7286731579712251
promotion,Random Forest,0,2039,-1,-1,leaf,,0.37600256760504003,11,39.19372273435131,True,0.251004585991067,0.748995414008933,0.748995414008933
promotion,Random Forest,0,2040,-1,-1,leaf,,0.0,2,1.0930893498205025,True,1.0,0.0,0.0
promotion,Random Forest,0,2041,-1,-1,leaf,,0.0,2,1.639634024730754,True,1.0,0.0,0.0
promotion,Random Forest,0,2042,-1,-1,leaf,,0.0,3,3.279268049461508,True,1.0,0.0,0.0
promotion,Random Forest,0,2043,-1,-1,leaf,,0.0,8,5.4654467491025125,True,1.0,0.0,0.0
promotion,Random Forest,0,2044,-1,-1,leaf,,0.4479133703221716,10,17.75435885839948,True,0.33862058731388806,0.6613794126861119,0.6613794126861119
promotion,Random Forest,0,2045,2046,2237,cat__region_region_34,0.5,0.3563684921179179,575,1651.3035000258653,False,0.23201538487993573,0.7679846151200562,0.7679846151200623
promotion,Random Forest,0,2046,2047,2158,cat__recruitment_channel_sourcing,0.5,0.3541746187581446,570,1646.9311426265847,False,0.22997649987281882,0.7700235001271724,0.7700235001271792
promotion,Random Forest,0,2047,2048,2151,num__no_of_trainings,2.5,0.3163021940403091,315,979.6688883472282,False,0.19693416065177483,0.8030658393482251,0.8030658393482252
promotion,Random Forest,0,2048,2049,2150,cat__region_region_23,0.5,0.33959917157791464,299,854.593588554618,False,0.21680322351579848,0.7831967764842015,0.7831967764842015
promotion,Random Forest,0,2049,2050,2145,num__avg_training_score,54.5,0.3378891822626713,297,852.9539545298873,False,0.21529768376659747,0.7847023162334026,0.7847023162334026
promotion,Random Forest,0,2050,2051,2142,cat__region_region_25,0.5,0.3868280790833888,276,692.2458154660255,False,0.26212196306025753,0.737878036939742,0.7378780369397423
promotion,Random Forest,0,2051,2052,2141,cat__region_region_17,0.5,0.39817785467064093,269,655.3790791381343,False,0.274365178519184,0.725634821480816,0.725634821480816
promotion,Random Forest,0,2052,2053,2136,cat__region_region_15,0.5,0.39373175165126095,264,651.0067217388523,False,0.26949159630423564,0.7305084036957644,0.7305084036957644
promotion,Random Forest,0,2053,2054,2135,cat__region_region_26,0.5,0.38725701084513175,255,636.9373678980052,False,0.26257318058518747,0.7374268194148128,0.7374268194148127
promotion,Random Forest,0,2054,2055,2134,cat__region_region_6,0.5,0.3772972261005303,244,628.1926530994415,False,0.25230787870879956,0.7476921212912001,0.7476921212912003
promotion,Random Forest,0,2055,2056,2057,num__age,21.5,0.37403926655035225,240,625.4599297248898,False,0.24904110550764677,0.7509588944923535,0.7509588944923533
promotion,Random Forest,0,2056,-1,-1,leaf,,0.0,5,3.825812724371759,True,1.0,0.0,0.0
promotion,Random Forest,0,2057,2058,2133,cat__region_region_12,0.5,0.369357083758065,235,621.6341170005182,False,0.2444193706069115,0.7555806293930883,0.7555806293930886
promotion,Random Forest,0,2058,2059,2060,num__avg_training_score,44.5,0.3652285193927477,232,618.3548489510569,False,0.2404123648868724,0.7595876351131273,0.7595876351131275
promotion,Random Forest,0,2059,-1,-1,leaf,,0.0,12,7.651625448743517,True,1.0,0.0,0.0
promotion,Random Forest,0,2060,2061,2132,cat__region_region_19,0.5,0.3551653598736483,220,610.7032235023132,False,0.23089533622923591,0.7691046637707639,0.7691046637707641
promotion,Random Forest,0,2061,2062,2087,num__length_of_service,2.5,0.35066145449425934,216,607.4239554528518,False,0.22674321096655176,0.7732567890334479,0.7732567890334482
promotion,Random Forest,0,2062,2063,2086,cat__region_region_28,0.5,0.3915938840069062,114,288.42541298130635,False,0.2671844979462336,0.7328155020537666,0.7328155020537664
promotion,Random Forest,0,2063,2064,2085,cat__region_region_1,0.5,0.37600256760504003,106,274.35605914045925,False,0.25100458599106695,0.748995414008933,0.748995414008933
promotion,Random Forest,0,2064,2065,2078,num__age,30.5,0.36522851939274736,101,270.5302464160875,False,0.2404123648868723,0.7595876351131278,0.7595876351131278
promotion,Random Forest,0,2065,2066,2077,cat__education_Master's & above,0.5,0.32352283353294253,85,250.4489011512276,False,0.20295020075157644,0.7970497992484236,0.7970497992484236
promotion,Random Forest,0,2066,2067,2076,num__no_of_trainings,1.5,0.3150846380940574,82,248.26272245158657,False,0.19593145352902538,0.8040685464709747,0.8040685464709747
promotion,Random Forest,0,2067,2068,2073,cat__region_region_31,0.5,0.299461181327617,76,244.43690972721484,False,0.18334654693783692,0.8166534530621631,0.8166534530621631
promotion,Random Forest,0,2068,2069,2072,num__avg_training_score,53.5,0.2889612581610893,70,227.77564021863586,False,0.17516254692622762,0.8248374530737723,0.8248374530737723
promotion,Random Forest,0,2069,2070,2071,cat__recruitment_channel_referred,0.5,0.27574619462585803,67,225.0429168440846,False,0.16514644590945274,0.8348535540905473,0.8348535540905473
promotion,Random Forest,0,2070,-1,-1,leaf,,0.287144620831948,59,191.86118553374604,True,0.17376743022189534,0.8262325697781046,0.8262325697781047
promotion,Random Forest,0,2071,-1,-1,leaf,,0.20400992346183588,8,33.18173131033855,True,0.11529876752331294,0.8847012324766871,0.8847012324766871
promotion,Random Forest,0,2072,-1,-1,leaf,,0.0,3,2.7327233745512567,True,1.0,0.0,0.0
promotion,Random Forest,0,2073,2074,2075,num__age,26.0,0.41613827185449526,6,16.66126950857898,False,0.29522972854256346,0.7047702714574365,0.7047702714574365
promotion,Random Forest,0,2074,-1,-1,leaf,,0.3707094622444591,4,15.568180158758476,True,0.24574566104435794,0.754254338955642,0.7542543389556421
promotion,Random Forest,0,2075,-1,-1,leaf,,0.0,2,1.0930893498205025,True,1.0,0.0,0.0
promotion,Random Forest,0,2076,-1,-1,leaf,,0.0,6,3.825812724371759,True,1.0,0.0,0.0
promotion,Random Forest,0,2077,-1,-1,leaf,,0.0,3,2.186178699641005,True,1.0,0.0,0.0
promotion,Random Forest,0,2078,2079,2082,num__age,32.5,0.41377959937333564,16,20.08134526485989,False,0.7076299600571445,0.2923700399428555,0.2923700399428555
promotion,Random Forest,0,2079,2080,2081,cat__region_region_4,0.5,3.3306690738754696e-16,10,8.74471479856402,False,1.0,0.0,0.0
promotion,Random Forest,0,2080,-1,-1,leaf,,0.0,7,6.558536098923016,True,1.0,0.0,0.0
promotion,Random Forest,0,2081,-1,-1,leaf,,0.0,3,2.186178699641005,True,1.0,0.0,0.0
promotion,Random Forest,0,2082,2083,2084,cat__education_Master's & above,0.5,0.49935954122161164,6,11.33663046629587,False,0.4821050457057274,0.5178949542942726,0.5178949542942726
promotion,Random Forest,0,2083,-1,-1,leaf,,0.0,3,3.279268049461508,True,1.0,0.0,0.0
promotion,Random Forest,0,2084,-1,-1,leaf,,0.3954171736469341,3,8.057362416834364,True,0.2713268420287749,0.7286731579712251,0.7286731579712251
promotion,Random Forest,0,2085,-1,-1,leaf,,0.0,5,3.825812724371759,True,1.0,0.0,0.0
promotion,Random Forest,0,2086,-1,-1,leaf,,0.4863224159403381,8,14.069353840847127,True,0.5826969892428373,0.4173030107571628,0.4173030107571628
promotion,Random Forest,0,2087,2088,2131,cat__region_region_30,0.5,0.30802047833250445,102,318.9985424715456,False,0.19017785612750654,0.8098221438724938,0.8098221438724935
promotion,Random Forest,0,2088,2089,2130,cat__region_region_16,0.5,0.30103260976541446,99,316.81236377190464,False,0.18458964012370718,0.8154103598762931,0.8154103598762928
promotion,Random Forest,0,2089,2090,2091,num__age,25.5,0.2825638534282118,93,311.3469170228021,False,0.17027576175553308,0.8297242382444673,0.829724238244467
promotion,Random Forest,0,2090,-1,-1,leaf,,0.0,2,1.639634024730754,True,1.0,0.0,0.0
promotion,Random Forest,0,2091,2092,2127,cat__region_region_11,0.5,0.27673177375086433,91,309.7072829980713,False,0.16588308464765278,0.8341169153523477,0.8341169153523473
promotion,Random Forest,0,2092,2093,2126,cat__region_region_27,0.5,0.27522837601316585,87,295.23219218913334,False,0.1647600680208029,0.8352399319791975,0.8352399319791972
promotion,Random Forest,0,2093,2094,2121,cat__region_region_7,0.5,0.2896370407828118,84,270.6543679705395,False,0.17568305685858196,0.8243169431414181,0.8243169431414181
promotion,Random Forest,0,2094,2095,2120,num__avg_training_score,52.5,0.2742738978202447,78,259.8642821791539,False,0.16404903469423154,0.8359509653057685,0.8359509653057685
promotion,Random Forest,0,2095,2096,2097,num__age,30.5,0.2513436859675068,67,241.01683397093393,False,0.14739801898422836,0.8526019810157717,0.8526019810157717
promotion,Random Forest,0,2096,-1,-1,leaf,,0.3292641491032481,30,81.52590581134473,True,0.2078220996578011,0.7921779003421989,0.7921779003421989
promotion,Random Forest,0,2097,2098,2115,cat__region_region_28,0.5,0.205873060625673,37,159.49092815958917,False,0.11651144777560375,0.8834885522243963,0.8834885522243963
promotion,Random Forest,0,2098,2099,2114,num__no_of_trainings,1.5,0.21786049661545825,29,127.40228619907111,False,0.12440746587256175,0.8755925341274382,0.8755925341274382
promotion,Random Forest,0,2099,2100,2113,num__awards_won?,0.5,0.16255883402942295,24,122.48338412487885,False,0.08924388868175254,0.9107561113182475,0.9107561113182475
promotion,Random Forest,0,2100,2101,2110,cat__gender_f,0.5,0.17792756587974123,22,110.74101669049213,False,0.09870681907098218,0.9012931809290178,0.9012931809290178
promotion,Random Forest,0,2101,2102,2103,num__age,31.5,0.20587306062567312,16,79.74546407979457,False,0.11651144777560377,0.8834885522243963,0.8834885522243963
promotion,Random Forest,0,2102,-1,-1,leaf,,0.0,2,29.35591858596679,True,0.0,1.0,1.0
promotion,Random Forest,0,2103,2104,2109,num__length_of_service,3.5,0.30077893160353475,14,50.38954549382778,False,0.18438863423787694,0.8156113657621231,0.8156113657621231
promotion,Random Forest,0,2104,2105,2108,cat__education_Master's & above,0.5,0.20719715930308524,9,46.563732769456024,False,0.11737561454024215,0.8826243854597579,0.8826243854597579
promotion,Random Forest,0,2105,2106,2107,num__avg_training_score,48.5,0.4777546257315769,5,9.696996441565117,False,0.39453584905660377,0.6054641509433962,0.6054641509433962
promotion,Random Forest,0,2106,-1,-1,leaf,,0.0,2,2.186178699641005,True,1.0,0.0,0.0
promotion,Random Forest,0,2107,-1,-1,leaf,,0.34129359726386665,3,7.510817741924112,True,0.21830299723272403,0.781697002767276,0.781697002767276
promotion,Random Forest,0,2108,-1,-1,leaf,,0.08499325318400897,4,36.866736327890905,True,0.04447461826151171,0.9555253817384883,0.9555253817384883
promotion,Random Forest,0,2109,-1,-1,leaf,,0.0,5,3.825812724371759,True,1.0,0.0,0.0
promotion,Random Forest,0,2110,2111,2112,cat__region_region_4,0.5,0.10020140816777456,6,30.995552610697544,False,0.05289900926511839,0.9471009907348816,0.9471009907348816
promotion,Random Forest,0,2111,-1,-1,leaf,,0.08499325318400885,4,24.577824218593936,True,0.04447461826151171,0.9555253817384883,0.9555253817384883
promotion,Random Forest,0,2112,-1,-1,leaf,,0.15581837355884398,2,6.4177283921036095,True,0.08516170232176253,0.9148382976782374,0.9148382976782374
promotion,Random Forest,0,2113,-1,-1,leaf,,0.0,2,11.742367434386717,True,0.0,1.0,1.0
promotion,Random Forest,0,2114,-1,-1,leaf,,0.0,5,4.918902074192261,True,1.0,0.0,0.0
promotion,Random Forest,0,2115,2116,2119,num__previous_year_rating,3.5,0.1558183735588441,8,32.088641960518046,False,0.08516170232176253,0.9148382976782374,0.9148382976782374
promotion,Random Forest,0,2116,2117,2118,num__age,34.5,0.08499325318400885,4,24.577824218593936,False,0.04447461826151171,0.9555253817384883,0.9555253817384883
promotion,Random Forest,0,2117,-1,-1,leaf,,0.08499325318400885,2,12.288912109296968,True,0.04447461826151171,0.9555253817384883,0.9555253817384883
promotion,Random Forest,0,2118,-1,-1,leaf,,0.08499325318400885,2,12.288912109296968,True,0.04447461826151171,0.9555253817384883,0.9555253817384883
promotion,Random Forest,0,2119,-1,-1,leaf,,0.34129359726386643,4,7.510817741924112,True,0.21830299723272403,0.781697002767276,0.781697002767276
promotion,Random Forest,0,2120,-1,-1,leaf,,0.469731369366054,11,18.847448208219983,True,0.3769783949179131,0.6230216050820869,0.6230216050820869
promotion,Random Forest,0,2121,2122,2125,num__age,31.5,0.49610550604566184,6,10.790085791385621,False,0.45587237852356277,0.5441276214764371,0.5441276214764372
promotion,Random Forest,0,2122,2123,2124,num__length_of_service,3.5,0.3954171736469345,4,8.057362416834364,False,0.2713268420287749,0.7286731579712251,0.7286731579712251
promotion,Random Forest,0,2123,-1,-1,leaf,,0.26464259482182684,2,6.964273067013861,True,0.15695670449768812,0.8430432955023119,0.8430432955023119
promotion,Random Forest,0,2124,-1,-1,leaf,,1.3322676295501878e-15,2,1.0930893498205025,True,1.0,0.0,0.0
promotion,Random Forest,0,2125,-1,-1,leaf,,-2.220446049250313e-16,2,2.7327233745512567,True,1.0,0.0,0.0
promotion,Random Forest,0,2126,-1,-1,leaf,,0.08499325318400885,3,24.577824218593936,True,0.04447461826151171,0.9555253817384883,0.9555253817384883
promotion,Random Forest,0,2127,2128,2129,num__previous_year_rating,3.5,0.3062941761706054,4,14.475090808937974,False,0.18878799522721298,0.811212004772787,0.811212004772787
promotion,Random Forest,0,2128,-1,-1,leaf,,0.0,2,1.639634024730754,True,1.0,0.0,0.0
promotion,Random Forest,0,2129,-1,-1,leaf,,0.15581837355884443,2,12.835456784207219,True,0.08516170232176253,0.9148382976782374,0.9148382976782374
promotion,Random Forest,0,2130,-1,-1,leaf,,0.0,6,5.465446749102513,True,1.0,0.0,0.0
promotion,Random Forest,0,2131,-1,-1,leaf,,0.0,3,2.186178699641005,True,1.0,0.0,0.0
promotion,Random Forest,0,2132,-1,-1,leaf,,0.0,4,3.279268049461508,True,1.0,0.0,0.0
promotion,Random Forest,0,2133,-1,-1,leaf,,0.0,3,3.279268049461508,True,1.0,0.0,0.0
promotion,Random Forest,0,2134,-1,-1,leaf,,0.0,4,2.7327233745512567,True,1.0,0.0,0.0
promotion,Random Forest,0,2135,-1,-1,leaf,,0.0,11,8.74471479856402,True,1.0,0.0,0.0
promotion,Random Forest,0,2136,2137,2140,num__length_of_service,1.5,0.486322415940344,9,14.069353840847127,False,0.5826969892428373,0.4173030107571628,0.4173030107571628
promotion,Random Forest,0,2137,2138,2139,num__age,27.5,0.4334708659252019,4,8.603907091744615,False,0.3176142356503691,0.6823857643496308,0.6823857643496308
promotion,Random Forest,0,2138,-1,-1,leaf,,0.1558183735588441,2,6.4177283921036095,True,0.08516170232176253,0.9148382976782374,0.9148382976782374
promotion,Random Forest,0,2139,-1,-1,leaf,,3.3306690738754696e-16,2,2.186178699641005,True,1.0,0.0,0.0
promotion,Random Forest,0,2140,-1,-1,leaf,,-6.661338147750939e-16,5,5.465446749102513,True,1.0,0.0,0.0
promotion,Random Forest,0,2141,-1,-1,leaf,,0.0,5,4.37235739928201,True,1.0,0.0,0.0
promotion,Random Forest,0,2142,2143,2144,num__age,32.0,0.08499325318401763,7,36.866736327890905,False,0.04447461826151171,0.9555253817384883,0.9555253817384883
promotion,Random Forest,0,2143,-1,-1,leaf,,0.0,4,35.22710230316015,True,0.0,1.0,1.0
promotion,Random Forest,0,2144,-1,-1,leaf,,-2.220446049250313e-16,3,1.639634024730754,True,1.0,0.0,0.0
promotion,Random Forest,0,2145,2146,2149,num__previous_year_rating,3.5,0.026836714395485184,21,160.70813906386172,False,0.013603409960289988,0.98639659003971,0.98639659003971
promotion,Random Forest,0,2146,2147,2148,num__length_of_service,2.5,0.0419489789492804,14,101.9963018919281,False,0.02143390161299581,0.9785660983870041,0.9785660983870041
promotion,Random Forest,0,2147,-1,-1,leaf,,0.0,10,93.93893947509373,True,0.0,1.0,1.0
promotion,Random Forest,0,2148,-1,-1,leaf,,0.3954171736469341,4,8.057362416834364,True,0.2713268420287749,0.7286731579712251,0.7286731579712251
promotion,Random Forest,0,2149,-1,-1,leaf,,0.0,7,58.71183717193359,True,0.0,1.0,1.0
promotion,Random Forest,0,2150,-1,-1,leaf,,0.0,2,1.639634024730754,True,1.0,0.0,0.0
promotion,Random Forest,0,2151,2152,2157,cat__region_region_7,0.5,0.11486725941005238,16,125.0752997926107,False,0.06117615117797676,0.9388238488220233,0.9388238488220233
promotion,Random Forest,0,2152,2153,2154,num__length_of_service,1.5,0.10185733087322324,13,111.69329833349323,False,0.05382589209660721,0.9461741079033928,0.9461741079033928
promotion,Random Forest,0,2153,-1,-1,leaf,,0.13152941433355336,8,69.5019229633192,True,0.07077361121056022,0.9292263887894398,0.9292263887894398
promotion,Random Forest,0,2154,2155,2156,cat__region_region_22,0.5,0.050473335180281076,5,42.191375370174015,False,0.025907886155169778,0.9740921138448302,0.9740921138448302
promotion,Random Forest,0,2155,-1,-1,leaf,,0.03588702081288253,3,29.90246326087704,True,0.018277580349887905,0.9817224196501121,0.9817224196501121
promotion,Random Forest,0,2156,-1,-1,leaf,,0.08499325318400885,2,12.288912109296968,True,0.04447461826151171,0.9555253817384883,0.9555253817384883
promotion,Random Forest,0,2157,-1,-1,leaf,,0.2150257334649186,3,13.38200145911747,True,0.12252532102465383,0.8774746789753463,0.8774746789753463
promotion,Random Forest,0,2158,2159,2230,cat__region_region_4,0.5,0.4018657425208282,255,667.2622542793406,False,0.27848898731755944,0.7215110126824404,0.7215110126824406
promotion,Random Forest,0,2159,2160,2221,cat__gender_f,0.5,0.41155736868507753,246,628.2093392518086,False,0.289711351572508,0.7102886484274922,0.7102886484274921
promotion,Random Forest,0,2160,2161,2220,cat__region_region_8,0.5,0.3851374843310953,195,508.01956922865554,False,0.26035180402420666,0.7396481959757936,0.7396481959757935
promotion,Random Forest,0,2161,2162,2213,num__previous_year_rating,3.5,0.3820527023740581,193,505.8333905290144,False,0.25715509308826184,0.7428449069117384,0.7428449069117383
promotion,Random Forest,0,2162,2163,2212,num__no_of_trainings,2.5,0.36273057504262984,128,346.73151318514897,False,0.2380177248768825,0.7619822751231179,0.7619822751231176
promotion,Random Forest,0,2163,2164,2211,cat__region_region_23,0.5,0.34690377472362777,122,340.17297708622596,False,0.2233267041469563,0.7766732958530442,0.7766732958530439
promotion,Random Forest,0,2164,2165,2210,num__age,35.5,0.34129359726386577,119,337.98679838658495,False,0.21830299723272406,0.7816970027672765,0.7816970027672762
promotion,Random Forest,0,2165,2166,2209,cat__region_region_26,0.5,0.3054452260542987,104,325.4162708636492,False,0.18810676991500727,0.8118932300849931,0.8118932300849928
promotion,Random Forest,0,2166,2167,2198,cat__region_region_2,0.5,0.29499760146483167,101,322.1370028141877,False,0.17984191519253523,0.820158084807465,0.8201580848074648
promotion,Random Forest,0,2167,2168,2197,cat__region_region_6,0.5,0.271046840548564,87,294.13910283931284,False,0.16165612208033395,0.8383438779196666,0.8383438779196662
promotion,Random Forest,0,2168,2169,2194,cat__region_region_31,0.5,0.26464259482182617,85,292.49946881458214,False,0.1569567044976881,0.8430432955023123,0.8430432955023119
promotion,Random Forest,0,2169,2170,2179,num__age,28.5,0.24867024848248487,79,281.70938302319655,False,0.14550758011100245,0.8544924198889978,0.8544924198889976
promotion,Random Forest,0,2170,2171,2178,num__no_of_trainings,1.5,0.32557902686694695,48,125.49772291306891,False,0.20468578333150608,0.795314216668494,0.795314216668494
promotion,Random Forest,0,2171,2172,2177,num__length_of_service,3.5,0.31722664316612315,46,124.40463356324842,False,0.19769770358639607,0.8023022964136038,0.802302296413604
promotion,Random Forest,0,2172,2173,2174,cat__region_region_15,0.5,0.2801792028043577,41,120.03227616396642,False,0.16847262767937055,0.8315273723206295,0.8315273723206295
promotion,Random Forest,0,2173,-1,-1,leaf,,0.2821793500986416,37,106.10373002993869,True,0.1699843565061208,0.8300156434938792,0.8300156434938792
promotion,Random Forest,0,2174,2175,2176,num__age,25.5,0.26464259482182684,4,13.928546134027721,False,0.15695670449768812,0.8430432955023119,0.8430432955023119
promotion,Random Forest,0,2175,-1,-1,leaf,,0.1558183735588441,2,12.835456784207219,True,0.08516170232176253,0.9148382976782374,0.9148382976782374
promotion,Random Forest,0,2176,-1,-1,leaf,,-4.440892098500626e-16,2,1.0930893498205025,True,1.0,0.0,0.0
promotion,Random Forest,0,2177,-1,-1,leaf,,0.0,5,4.37235739928201,True,1.0,0.0,0.0
promotion,Random Forest,0,2178,-1,-1,leaf,,0.0,2,1.0930893498205025,True,1.0,0.0,0.0
promotion,Random Forest,0,2179,2180,2193,cat__region_region_28,0.5,0.1767354665135169,31,156.21166011012764,False,0.09796484389640567,0.9020351561035943,0.9020351561035943
promotion,Random Forest,0,2180,2181,2192,num__no_of_trainings,1.5,0.16688692799045501,28,148.70084236820352,False,0.09188661378879957,0.9081133862112004,0.9081133862112004
promotion,Random Forest,0,2181,2182,2189,num__age,31.0,0.13855529958701718,25,145.9681189936523,False,0.07488548577296099,0.925114514227039,0.925114514227039
promotion,Random Forest,0,2182,2183,2188,cat__region_region_22,0.5,0.12200349063157223,16,100.49747557401676,False,0.06526070492280803,0.934739295077192,0.934739295077192
promotion,Random Forest,0,2183,2184,2185,num__age,29.5,0.12200349063157245,12,75.37310668051256,False,0.06526070492280803,0.934739295077192,0.934739295077192
promotion,Random Forest,0,2184,-1,-1,leaf,,0.13686862362038077,7,44.37755406981502,True,0.07389474517461113,0.9261052548253889,0.9261052548253889
promotion,Random Forest,0,2185,2186,2187,num__avg_training_score,50.0,0.10020140816777467,5,30.995552610697544,False,0.05289900926511839,0.9471009907348816,0.9471009907348816
promotion,Random Forest,0,2186,-1,-1,leaf,,0.0,2,1.0930893498205025,True,1.0,0.0,0.0
promotion,Random Forest,0,2187,-1,-1,leaf,,0.03588702081288253,3,29.90246326087704,True,0.018277580349887905,0.9817224196501121,0.9817224196501121
promotion,Random Forest,0,2188,-1,-1,leaf,,0.12200349063157223,4,25.124368893504187,True,0.06526070492280804,0.934739295077192,0.934739295077192
promotion,Random Forest,0,2189,2190,2191,num__avg_training_score,47.5,0.1738229679106208,9,45.470643419635515,False,0.09615780799340751,0.9038421920065925,0.9038421920065925
promotion,Random Forest,0,2190,-1,-1,leaf,,0.0,2,2.186178699641005,True,1.0,0.0,0.0
promotion,Random Forest,0,2191,-1,-1,leaf,,0.09591251125736322,7,43.28446471999451,True,0.05050723657513865,0.9494927634248613,0.9494927634248613
promotion,Random Forest,0,2192,-1,-1,leaf,,0.0,3,2.7327233745512567,True,1.0,0.0,0.0
promotion,Random Forest,0,2193,-1,-1,leaf,,0.34129359726386643,3,7.510817741924112,True,0.21830299723272403,0.781697002767276,0.781697002767276
promotion,Random Forest,0,2194,2195,2196,num__age,30.5,0.49610550604566184,6,10.79008579138562,False,0.45587237852356277,0.5441276214764372,0.5441276214764372
promotion,Random Forest,0,2195,-1,-1,leaf,,0.3954171736469344,4,8.057362416834364,True,0.2713268420287749,0.7286731579712251,0.7286731579712251
promotion,Random Forest,0,2196,-1,-1,leaf,,-2.220446049250313e-16,2,2.7327233745512567,True,1.0,0.0,0.0
promotion,Random Forest,0,2197,-1,-1,leaf,,0.0,2,1.639634024730754,True,1.0,0.0,0.0
promotion,Random Forest,0,2198,2199,2208,num__awards_won?,0.5,0.46666504688517607,14,27.997899974874848,False,0.37089741847115776,0.6291025815288424,0.6291025815288424
promotion,Random Forest,0,2199,2200,2205,num__no_of_trainings,1.5,0.443393068207407,12,26.358265950144094,False,0.331763660595291,0.6682363394047091,0.6682363394047091
promotion,Random Forest,0,2200,2201,2202,num__age,24.5,0.4993595412216115,7,11.33663046629587,False,0.4821050457057274,0.5178949542942726,0.5178949542942726
promotion,Random Forest,0,2201,-1,-1,leaf,,0.0,3,3.279268049461508,True,1.0,0.0,0.0
promotion,Random Forest,0,2202,2203,2204,num__age,28.5,0.3954171736469341,4,8.057362416834364,False,0.2713268420287749,0.7286731579712251,0.7286731579712251
promotion,Random Forest,0,2203,-1,-1,leaf,,0.26464259482182684,2,6.964273067013861,True,0.15695670449768812,0.8430432955023119,0.8430432955023119
promotion,Random Forest,0,2204,-1,-1,leaf,,1.3322676295501878e-15,2,1.0930893498205025,True,1.0,0.0,0.0
promotion,Random Forest,0,2205,2206,2207,num__avg_training_score,49.5,0.34129359726386665,5,15.021635483848224,False,0.21830299723272403,0.781697002767276,0.781697002767276
promotion,Random Forest,0,2206,-1,-1,leaf,,-6.661338147750939e-16,3,2.186178699641005,True,1.0,0.0,0.0
promotion,Random Forest,0,2207,-1,-1,leaf,,0.1558183735588441,2,12.835456784207219,True,0.08516170232176253,0.9148382976782374,0.9148382976782374
promotion,Random Forest,0,2208,-1,-1,leaf,,0.0,2,1.639634024730754,True,1.0,0.0,0.0
promotion,Random Forest,0,2209,-1,-1,leaf,,0.0,3,3.279268049461508,True,1.0,0.0,0.0
promotion,Random Forest,0,2210,-1,-1,leaf,,0.0,15,12.570527522935778,True,1.0,0.0,0.0
promotion,Random Forest,0,2211,-1,-1,leaf,,0.0,3,2.186178699641005,True,1.0,0.0,0.0
promotion,Random Forest,0,2212,-1,-1,leaf,,0.0,6,6.558536098923015,True,1.0,0.0,0.0
promotion,Random Forest,0,2213,2214,2217,cat__education_Master's & above,0.5,0.4190864104253301,65,159.1018773438657,False,0.2988612548827675,0.7011387451172324,0.7011387451172325
promotion,Random Forest,0,2214,2215,2216,cat__region_region_17,0.5,0.4666650468851774,54,111.99159989949939,False,0.37089741847115776,0.6291025815288424,0.6291025815288424
promotion,Random Forest,0,2215,-1,-1,leaf,,0.46338596135592225,52,110.89851054967889,True,0.3646965657418895,0.6353034342581105,0.6353034342581105
promotion,Random Forest,0,2216,-1,-1,leaf,,0.0,2,1.0930893498205025,True,1.0,0.0,0.0
promotion,Random Forest,0,2217,2218,2219,num__length_of_service,2.5,0.22265924621973732,11,47.11027744436627,False,0.12761528375867617,0.8723847162413239,0.8723847162413239
promotion,Random Forest,0,2218,-1,-1,leaf,,0.1558183735588441,4,25.670913568414438,True,0.08516170232176253,0.9148382976782374,0.9148382976782374
promotion,Random Forest,0,2219,-1,-1,leaf,,0.2932086897501167,7,21.439363875951834,True,0.1784480522140448,0.8215519477859552,0.8215519477859552
promotion,Random Forest,0,2220,-1,-1,leaf,,0.0,2,2.186178699641005,True,1.0,0.0,0.0
promotion,Random Forest,0,2221,2222,2227,num__no_of_trainings,1.5,0.4851420993289939,51,120.18977002315319,False,0.413808641178462,0.5861913588215378,0.5861913588215379
promotion,Random Forest,0,2222,2223,2226,cat__region_region_13,0.5,0.4971011924774188,45,98.20386147229108,False,0.46192896427347113,0.5380710357265289,0.5380710357265289
promotion,Random Forest,0,2223,2224,2225,cat__region_region_16,0.5,0.49554293524614834,43,96.56422744756034,False,0.4527926660684402,0.5472073339315596,0.5472073339315597
promotion,Random Forest,0,2224,-1,-1,leaf,,0.49202565727072745,41,93.83150407300907,True,0.4368559475117696,0.5631440524882304,0.5631440524882304
promotion,Random Forest,0,2225,-1,-1,leaf,,0.0,2,2.7327233745512567,True,1.0,0.0,0.0
promotion,Random Forest,0,2226,-1,-1,leaf,,0.0,2,1.639634024730754,True,1.0,0.0,0.0
promotion,Random Forest,0,2227,2228,2229,num__length_of_service,3.5,0.3186425290859851,6,21.985908550862085,False,0.19887089902002555,0.8011291009799745,0.8011291009799745
promotion,Random Forest,0,2228,-1,-1,leaf,,0.0,3,1.639634024730754,True,1.0,0.0,0.0
promotion,Random Forest,0,2229,-1,-1,leaf,,0.23254274366399408,3,20.34627452613133,True,0.13431074917629457,0.8656892508237055,0.8656892508237055
promotion,Random Forest,0,2230,2231,2234,num__length_of_service,2.5,0.17673546651351713,9,39.05291502753191,False,0.09796484389640568,0.9020351561035943,0.9020351561035943
promotion,Random Forest,0,2231,2232,2233,cat__gender_m,0.5,0.3412935972638661,5,15.021635483848225,False,0.218302997232724,0.7816970027672759,0.7816970027672759
promotion,Random Forest,0,2232,-1,-1,leaf,,0.08499325318400885,2,12.288912109296968,True,0.04447461826151171,0.9555253817384883,0.9555253817384883
promotion,Random Forest,0,2233,-1,-1,leaf,,6.661338147750939e-16,3,2.7327233745512567,True,1.0,0.0,0.0
promotion,Random Forest,0,2234,2235,2236,num__age,34.5,0.04445161392177566,4,24.031279543683684,False,0.022743053440693863,0.9772569465593062,0.9772569465593062
promotion,Random Forest,0,2235,-1,-1,leaf,,0.1558183735588441,2,6.4177283921036095,True,0.08516170232176253,0.9148382976782374,0.9148382976782374
promotion,Random Forest,0,2236,-1,-1,leaf,,0.0,2,17.613551151580076,True,0.0,1.0,1.0
promotion,Random Forest,0,2237,-1,-1,leaf,,2.0794477251229182e-13,5,4.37235739928201,True,1.0,0.0,0.0
promotion,Random Forest,0,2238,2239,2410,num__avg_training_score,88.5,0.46937429652065443,468,941.2793210611784,False,0.376254892057513,0.6237451079424868,0.6237451079424869
promotion,Random Forest,0,2239,2240,2409,cat__region_region_28,0.5,0.48493575253828336,456,850.4788419287264,False,0.4132121913466046,0.5867878086533959,0.5867878086533956
promotion,Random Forest,0,2240,2241,2408,cat__region_region_11,0.5,0.49159353421666374,441,789.9865630252431,False,0.4351676555131015,0.5648323444868985,0.5648323444868985
promotion,Random Forest,0,2241,2242,2397,num__avg_training_score,83.5,0.4900998734095644,431,782.3349375764993,False,0.4296433137845606,0.5703566862154398,0.5703566862154396
promotion,Random Forest,0,2242,2243,2390,cat__department_Analytics,0.5,0.485117247724286,396,741.0791576969592,False,0.41373658864931945,0.5862634113506807,0.5862634113506806
promotion,Random Forest,0,2243,2244,2373,cat__region_region_15,0.5,0.47985362022826483,370,713.892731658266,False,0.39963471772635994,0.6003652822736404,0.6003652822736402
promotion,Random Forest,0,2244,2245,2372,cat__region_region_16,0.5,0.48375917735141694,342,646.70110894904,False,0.4098866751013407,0.5901133248986593,0.5901133248986593
promotion,Random Forest,0,2245,2246,2337,cat__department_Sales & Marketing,0.5,0.48051063337918565,332,637.4098494755658,False,0.4012848374847754,0.5987151625152244,0.5987151625152245
promotion,Random Forest,0,2246,2247,2264,num__age,30.5,0.4932100503634784,259,462.7397919729415,False,0.44173358756315173,0.5582664124368489,0.5582664124368486
promotion,Random Forest,0,2247,2248,2249,num__age,27.5,0.45807125406104887,74,99.17282926765955,False,0.6447907903475757,0.3552092096524242,0.35520920965242425
promotion,Random Forest,0,2248,-1,-1,leaf,,0.0,12,12.023982848025527,True,1.0,0.0,0.0
promotion,Random Forest,0,2249,2250,2261,cat__department_Procurement,0.5,0.48165148462955,62,87.14884641963401,False,0.595782345373378,0.40421765462662207,0.40421765462662207
promotion,Random Forest,0,2250,2251,2254,cat__recruitment_channel_sourcing,0.5,0.45122794516912335,51,68.30139821141404,False,0.6561602619600716,0.34383973803992834,0.34383973803992834
promotion,Random Forest,0,2251,2252,2253,cat__department_Finance,0.5,0.3028577452042389,30,31.558783437975165,False,0.813960391447521,0.18603960855247903,0.18603960855247903
promotion,Random Forest,0,2252,-1,-1,leaf,,0.0,28,24.594510370961306,True,1.0,0.0,0.0
promotion,Random Forest,0,2253,-1,-1,leaf,,0.2646425948218267,2,6.964273067013861,True,0.15695670449768812,0.8430432955023119,0.8430432955023119
promotion,Random Forest,0,2254,2255,2256,num__age,28.5,0.4991493539024445,21,36.742614773438866,False,0.5206233617234869,0.4793766382765133,0.47937663827651317
promotion,Random Forest,0,2255,-1,-1,leaf,,0.3062941761706056,3,14.475090808937972,True,0.18878799522721296,0.8112120047727871,0.8112120047727871
promotion,Random Forest,0,2256,2257,2260,num__previous_year_rating,3.5,0.38829225773361176,18,22.267523964500896,False,0.7363342360581601,0.26366576394184,0.26366576394184
promotion,Random Forest,0,2257,2258,2259,num__avg_training_score,59.0,0.4999297966462749,8,11.883175141206122,False,0.5059246668144753,0.4940753331855246,0.4940753331855246
promotion,Random Forest,0,2258,-1,-1,leaf,,0.1558183735588441,2,6.4177283921036095,True,0.08516170232176253,0.9148382976782374,0.9148382976782374
promotion,Random Forest,0,2259,-1,-1,leaf,,0.0,6,5.4654467491025125,True,1.0,0.0,0.0
promotion,Random Forest,0,2260,-1,-1,leaf,,-2.220446049250313e-16,10,10.384348823294774,True,1.0,0.0,0.0
promotion,Random Forest,0,2261,2262,2263,cat__recruitment_channel_other,0.5,0.46973136936605453,11,18.847448208219983,False,0.3769783949179131,0.6230216050820869,0.6230216050820869
promotion,Random Forest,0,2262,-1,-1,leaf,,0.4777546257315771,5,9.696996441565117,True,0.39453584905660377,0.6054641509433962,0.6054641509433962
promotion,Random Forest,0,2263,-1,-1,leaf,,0.4598831646567927,6,9.150451766654866,True,0.35837225670228423,0.6416277432977158,0.6416277432977158
promotion,Random Forest,0,2264,2265,2336,cat__region_region_32,0.5,0.47416471087396417,185,363.5669627052821,False,0.38634418376951685,0.6136558162304836,0.6136558162304834
promotion,Random Forest,0,2265,2266,2335,cat__region_region_10,0.5,0.4701967652992596,181,358.64806063108983,False,0.37792781909718376,0.6220721809028167,0.6220721809028165
promotion,Random Forest,0,2266,2267,2334,cat__region_region_8,0.5,0.46531092989267697,177,353.1826138819873,False,0.3683013475632298,0.6316986524367707,0.6316986524367704
promotion,Random Forest,0,2267,2268,2305,cat__gender_m,0.5,0.4621220849420562,174,349.9033458325259,False,0.36238111492614233,0.637618885073858,0.6376188850738577
promotion,Random Forest,0,2268,2269,2292,cat__department_Operations,0.5,0.413398347325062,75,174.1235128277139,False,0.2919114939804003,0.7080885060195997,0.7080885060195997
promotion,Random Forest,0,2269,2270,2291,cat__region_region_13,0.5,0.3892456138677226,49,119.76734690269495,False,0.26467640775702345,0.7353235922429766,0.7353235922429766
promotion,Random Forest,0,2270,2271,2272,num__avg_training_score,49.0,0.37943002177150054,47,118.1277128779642,False,0.2544699832724118,0.7455300167275882,0.7455300167275882
promotion,Random Forest,0,2271,-1,-1,leaf,,0.0,2,11.742367434386717,True,0.0,1.0,1.0
promotion,Random Forest,0,2272,2273,2274,num__avg_training_score,64.0,0.4054373538514512,45,106.38534544357748,False,0.2825573108281762,0.7174426891718239,0.7174426891718239
promotion,Random Forest,0,2273,-1,-1,leaf,,0.0,7,5.4654467491025125,True,1.0,0.0,0.0
promotion,Random Forest,0,2274,2275,2290,cat__region_region_17,0.5,0.3686239830596135,38,100.91989869447497,False,0.2437032804146857,0.7562967195853143,0.7562967195853143
promotion,Random Forest,0,2275,2276,2281,cat__recruitment_channel_other,0.5,0.37943002177150054,36,94.50217030237135,False,0.2544699832724118,0.7455300167275882,0.7455300167275882
promotion,Random Forest,0,2276,2277,2280,num__no_of_trainings,1.5,0.4598831646567926,14,27.451355299964597,False,0.35837225670228423,0.6416277432977159,0.6416277432977159
promotion,Random Forest,0,2277,2278,2279,cat__department_Technology,0.5,0.4334708659252018,12,25.811721275233843,False,0.31761423565036917,0.6823857643496309,0.6823857643496309
promotion,Random Forest,0,2278,-1,-1,leaf,,0.2932086897501166,6,21.439363875951834,True,0.1784480522140448,0.8215519477859552,0.8215519477859552
promotion,Random Forest,0,2279,-1,-1,leaf,,-4.440892098500626e-16,6,4.37235739928201,True,1.0,0.0,0.0
promotion,Random Forest,0,2280,-1,-1,leaf,,0.0,2,1.639634024730754,True,1.0,0.0,0.0
promotion,Random Forest,0,2281,2282,2289,cat__department_Technology,0.5,0.33403276495289236,22,67.05081500240675,False,0.21193122778830453,0.7880687722116956,0.7880687722116956
promotion,Random Forest,0,2282,2283,2288,num__previous_year_rating,3.5,0.41613827185449503,14,33.32253901715796,False,0.29522972854256346,0.7047702714574365,0.7047702714574365
promotion,Random Forest,0,2283,2284,2287,cat__region_region_2,0.5,0.34129359726386665,9,30.043270967696447,False,0.218302997232724,0.781697002767276,0.781697002767276
promotion,Random Forest,0,2284,2285,2286,cat__education_Bachelor's,0.5,0.44791337032217093,7,17.75435885839948,False,0.33862058731388806,0.6613794126861119,0.6613794126861119
promotion,Random Forest,0,2285,-1,-1,leaf,,0.15581837355884443,4,12.835456784207219,True,0.08516170232176253,0.9148382976782374,0.9148382976782374
promotion,Random Forest,0,2286,-1,-1,leaf,,-6.661338147750939e-16,3,4.918902074192261,True,1.0,0.0,0.0
promotion,Random Forest,0,2287,-1,-1,leaf,,0.08499325318400919,2,12.288912109296968,True,0.04447461826151171,0.9555253817384883,0.9555253817384883
promotion,Random Forest,0,2288,-1,-1,leaf,,0.0,5,3.2792680494615074,True,1.0,0.0,0.0
promotion,Random Forest,0,2289,-1,-1,leaf,,0.22565919718173966,8,33.72827598524881,True,0.1296347729482016,0.8703652270517982,0.8703652270517984
promotion,Random Forest,0,2290,-1,-1,leaf,,0.15581837355884398,2,6.4177283921036095,True,0.08516170232176253,0.9148382976782374,0.9148382976782374
promotion,Random Forest,0,2291,-1,-1,leaf,,0.0,2,1.639634024730754,True,1.0,0.0,0.0
promotion,Random Forest,0,2292,2293,2302,num__age,36.5,0.45614508170818835,26,54.35616592501895,False,0.35192076733753047,0.6480792326624695,0.6480792326624695
promotion,Random Forest,0,2293,2294,2301,cat__education_Master's & above,0.5,0.3882922577336121,20,22.267523964500896,False,0.7363342360581601,0.26366576394184,0.26366576394184
promotion,Random Forest,0,2294,2295,2300,cat__region_region_7,0.5,0.4408923098323094,15,17.895166565218886,False,0.6719123180107966,0.32808768198920335,0.32808768198920335
promotion,Random Forest,0,2295,2296,2299,cat__region_region_2,0.5,0.48067360886874677,12,14.61589851575738,False,0.5983015542381028,0.4016984457618971,0.4016984457618971
promotion,Random Forest,0,2296,2297,2298,num__awards_won?,0.5,0.49847100449088555,10,12.429719816116373,False,0.5276495525200188,0.4723504474799812,0.4723504474799812
promotion,Random Forest,0,2297,-1,-1,leaf,,0.0,8,6.011991424012764,True,1.0,0.0,0.0
promotion,Random Forest,0,2298,-1,-1,leaf,,0.1558183735588441,2,6.4177283921036095,True,0.08516170232176253,0.9148382976782374,0.9148382976782374
promotion,Random Forest,0,2299,-1,-1,leaf,,0.0,2,2.186178699641005,True,1.0,0.0,0.0
promotion,Random Forest,0,2300,-1,-1,leaf,,0.0,3,3.279268049461508,True,1.0,0.0,0.0
promotion,Random Forest,0,2301,-1,-1,leaf,,0.0,5,4.37235739928201,True,1.0,0.0,0.0
promotion,Random Forest,0,2302,2303,2304,cat__recruitment_channel_other,0.5,0.1558183735588442,6,32.088641960518046,False,0.08516170232176253,0.9148382976782374,0.9148382976782374
promotion,Random Forest,0,2303,-1,-1,leaf,,0.3954171736469344,3,8.057362416834364,True,0.2713268420287749,0.7286731579712251,0.7286731579712251
promotion,Random Forest,0,2304,-1,-1,leaf,,0.04445161392177488,3,24.031279543683684,True,0.022743053440693863,0.9772569465593062,0.9772569465593062
promotion,Random Forest,0,2305,2306,2311,cat__education_Bachelor's,0.5,0.4908027186421656,99,175.77983300481202,False,0.43218672195714986,0.5678132780428502,0.5678132780428502
promotion,Random Forest,0,2306,2307,2310,num__age,38.5,0.44089230983230954,29,35.79033313043777,False,0.6719123180107966,0.32808768198920335,0.32808768198920335
promotion,Random Forest,0,2307,2308,2309,cat__recruitment_channel_sourcing,0.5,0.3436373465319784,26,26.639881363782905,False,0.7796092393573768,0.22039076064262325,0.22039076064262325
promotion,Random Forest,0,2308,-1,-1,leaf,,0.4614583729927261,17,16.255532540488133,True,0.6388193556520017,0.36118064434799835,0.36118064434799835
promotion,Random Forest,0,2309,-1,-1,leaf,,0.0,9,10.384348823294774,True,1.0,0.0,0.0
promotion,Random Forest,0,2310,-1,-1,leaf,,0.45988316465679246,3,9.150451766654866,True,0.35837225670228423,0.6416277432977158,0.6416277432977158
promotion,Random Forest,0,2311,2312,2333,cat__region_region_20,0.5,0.4666650468851772,70,139.98949987437425,False,0.3708974184711577,0.6291025815288424,0.6291025815288424
promotion,Random Forest,0,2312,2313,2332,cat__department_HR,0.5,0.4598831646567926,66,137.256776499823,False,0.3583722567022842,0.6416277432977159,0.6416277432977159
promotion,Random Forest,0,2313,2314,2331,cat__department_Procurement,0.5,0.46711587143768274,64,130.8390481077194,False,0.3717733870011432,0.6282266129988566,0.6282266129988567
promotion,Random Forest,0,2314,2315,2330,num__age,34.5,0.433470865925202,52,120.4546992844246,False,0.31761423565036917,0.6823857643496309,0.6823857643496309
promotion,Random Forest,0,2315,2316,2329,cat__region_region_7,0.5,0.34129359726386654,32,90.12981290308934,False,0.218302997232724,0.781697002767276,0.781697002767276
promotion,Random Forest,0,2316,2317,2328,cat__region_region_13,0.5,0.32455355688615106,30,88.49017887835859,False,0.20381893788271255,0.7961810621172875,0.7961810621172875
promotion,Random Forest,0,2317,2318,2327,cat__region_region_4,0.5,0.3062941761706055,27,86.85054485362784,False,0.18878799522721298,0.8112120047727871,0.8112120047727871
promotion,Random Forest,0,2318,2319,2326,cat__region_region_22,0.5,0.2932086897501166,25,85.75745550380734,False,0.17844805221404478,0.8215519477859552,0.8215519477859552
promotion,Random Forest,0,2319,2320,2325,cat__department_Operations,0.5,0.4935301718714217,19,26.4990736569635,False,0.5568763049458136,0.44312369505418636,0.44312369505418636
promotion,Random Forest,0,2320,2321,2324,cat__region_region_2,0.5,0.48420454778537725,11,19.940537558040486,False,0.4111308483932058,0.5888691516067942,0.5888691516067942
promotion,Random Forest,0,2321,2322,2323,cat__department_Legal,0.5,0.4334708659252019,8,17.20781418348923,False,0.3176142356503691,0.6823857643496308,0.6823857643496308
promotion,Random Forest,0,2322,-1,-1,leaf,,0.34129359726386665,6,15.021635483848224,True,0.218302997232724,0.781697002767276,0.781697002767276
promotion,Random Forest,0,2323,-1,-1,leaf,,-4.440892098500626e-16,2,2.186178699641005,True,1.0,0.0,0.0
promotion,Random Forest,0,2324,-1,-1,leaf,,0.0,3,2.7327233745512567,True,1.0,0.0,0.0
promotion,Random Forest,0,2325,-1,-1,leaf,,0.0,8,6.558536098923016,True,1.0,0.0,0.0
promotion,Random Forest,0,2326,-1,-1,leaf,,0.018276025564465725,6,59.25838184684384,True,0.009223077949087818,0.9907769220509122,0.9907769220509122
promotion,Random Forest,0,2327,-1,-1,leaf,,0.0,2,1.0930893498205025,True,1.0,0.0,0.0
promotion,Random Forest,0,2328,-1,-1,leaf,,0.0,3,1.639634024730754,True,1.0,0.0,0.0
promotion,Random Forest,0,2329,-1,-1,leaf,,0.0,2,1.639634024730754,True,1.0,0.0,0.0
promotion,Random Forest,0,2330,-1,-1,leaf,,0.4745608214850364,20,30.324886381335258,True,0.6127811564822859,0.3872188435177141,0.3872188435177141
promotion,Random Forest,0,2331,-1,-1,leaf,,0.0,12,10.384348823294774,True,1.0,0.0,0.0
promotion,Random Forest,0,2332,-1,-1,leaf,,0.15581837355884398,2,6.4177283921036095,True,0.08516170232176253,0.9148382976782374,0.9148382976782374
promotion,Random Forest,0,2333,-1,-1,leaf,,0.0,4,2.7327233745512562,True,1.0,0.0,0.0
promotion,Random Forest,0,2334,-1,-1,leaf,,0.0,3,3.279268049461508,True,1.0,0.0,0.0
promotion,Random Forest,0,2335,-1,-1,leaf,,0.0,4,5.4654467491025125,True,1.0,0.0,0.0
promotion,Random Forest,0,2336,-1,-1,leaf,,0.0,4,4.918902074192261,True,1.0,0.0,0.0
promotion,Random Forest,0,2337,2338,2369,num__avg_training_score,52.5,0.4152327073858476,73,174.67005750262416,False,0.29412711128690033,0.7058728887130997,0.7058728887130997
promotion,Random Forest,0,2338,2339,2362,cat__region_region_2,0.5,0.4900896759607255,63,113.22549695613931,False,0.4296070882855584,0.5703929117144416,0.5703929117144416
promotion,Random Forest,0,2339,2340,2361,cat__region_region_10,0.5,0.46791651451752325,46,93.69069636618967,False,0.3733439984002399,0.6266560015997601,0.6266560015997601
promotion,Random Forest,0,2340,2341,2348,cat__recruitment_channel_sourcing,0.5,0.4640593162395704,44,92.59760701636917,False,0.3659464962031399,0.6340535037968601,0.6340535037968601
promotion,Random Forest,0,2341,2342,2347,cat__region_region_22,0.5,0.4713742446891206,24,30.87143105624551,False,0.6196364394966669,0.38036356050333314,0.38036356050333314
promotion,Random Forest,0,2342,2343,2346,cat__region_region_23,0.5,0.4994198700990642,17,24.312894957322495,False,0.5170312932705622,0.48296870672943787,0.48296870672943787
promotion,Random Forest,0,2343,2344,2345,cat__region_region_17,0.5,0.49811657853991664,15,22.12671625768149,False,0.4693126943176556,0.5306873056823443,0.5306873056823443
promotion,Random Forest,0,2344,-1,-1,leaf,,0.4932100503634781,13,21.033626907860988,True,0.4417335875631515,0.5582664124368485,0.5582664124368485
promotion,Random Forest,0,2345,-1,-1,leaf,,0.0,2,1.0930893498205025,True,1.0,0.0,0.0
promotion,Random Forest,0,2346,-1,-1,leaf,,0.0,2,2.186178699641005,True,1.0,0.0,0.0
promotion,Random Forest,0,2347,-1,-1,leaf,,0.0,7,6.558536098923016,True,1.0,0.0,0.0
promotion,Random Forest,0,2348,2349,2360,num__avg_training_score,50.5,0.3638281844454526,20,61.726175960123655,False,0.23906723514040318,0.7609327648595968,0.7609327648595968
promotion,Random Forest,0,2349,2350,2359,cat__region_region_13,0.5,0.2757461946258578,14,56.260729211021136,False,0.16514644590945277,0.8348535540905473,0.8348535540905473
promotion,Random Forest,0,2350,2351,2358,num__no_of_trainings,1.5,0.2282594866685641,12,54.07455051138013,False,0.1313941716878069,0.8686058283121931,0.8686058283121931
promotion,Random Forest,0,2351,2352,2357,num__age,31.5,0.26464259482182695,10,41.785638402083165,False,0.1569567044976881,0.8430432955023119,0.8430432955023119
promotion,Random Forest,0,2352,2353,2356,cat__region_region_14,0.5,0.1558183735588441,7,38.50637035262166,False,0.08516170232176253,0.9148382976782375,0.9148382976782375
promotion,Random Forest,0,2353,2354,2355,num__age,28.0,0.15581837355884398,5,32.088641960518046,False,0.08516170232176253,0.9148382976782374,0.9148382976782374
promotion,Random Forest,0,2354,-1,-1,leaf,,0.0,2,2.7327233745512562,True,1.0,0.0,0.0
promotion,Random Forest,0,2355,-1,-1,leaf,,0.0,3,29.35591858596679,True,0.0,1.0,1.0
promotion,Random Forest,0,2356,-1,-1,leaf,,0.1558183735588451,2,6.4177283921036095,True,0.08516170232176253,0.9148382976782374,0.9148382976782374
promotion,Random Forest,0,2357,-1,-1,leaf,,-2.220446049250313e-16,3,3.279268049461508,True,1.0,0.0,0.0
promotion,Random Forest,0,2358,-1,-1,leaf,,0.08499325318400885,2,12.288912109296968,True,0.04447461826151171,0.9555253817384883,0.9555253817384883
promotion,Random Forest,0,2359,-1,-1,leaf,,0.0,2,2.186178699641005,True,1.0,0.0,0.0
promotion,Random Forest,0,2360,-1,-1,leaf,,0.0,6,5.4654467491025125,True,1.0,0.0,0.0
promotion,Random Forest,0,2361,-1,-1,leaf,,0.0,2,1.0930893498205025,True,1.0,0.0,0.0
promotion,Random Forest,0,2362,2363,2366,cat__gender_m,0.5,0.4204393704912992,17,19.53480058994964,False,0.6994500307203548,0.30054996927964517,0.30054996927964517
promotion,Random Forest,0,2363,2364,2365,num__avg_training_score,50.5,0.4777546257315771,5,9.696996441565117,False,0.39453584905660377,0.6054641509433962,0.6054641509433962
promotion,Random Forest,0,2364,-1,-1,leaf,,0.26464259482182684,2,6.964273067013861,True,0.15695670449768812,0.8430432955023119,0.8430432955023119
promotion,Random Forest,0,2365,-1,-1,leaf,,0.0,3,2.7327233745512562,True,1.0,0.0,0.0
promotion,Random Forest,0,2366,2367,2368,num__age,29.0,4.440892098500626e-16,12,9.837804148384523,False,1.0,0.0,0.0
promotion,Random Forest,0,2367,-1,-1,leaf,,0.0,2,1.639634024730754,True,1.0,0.0,0.0
promotion,Random Forest,0,2368,-1,-1,leaf,,0.0,10,8.19817012365377,True,1.0,0.0,0.0
promotion,Random Forest,0,2369,2370,2371,cat__region_region_7,0.5,0.08499325318400897,10,61.444560546484844,False,0.0444746182615117,0.9555253817384883,0.9555253817384883
promotion,Random Forest,0,2370,-1,-1,leaf,,0.1964463887692267,6,19.79972985122108,True,0.11041457212135548,0.8895854278786446,0.8895854278786446
promotion,Random Forest,0,2371,-1,-1,leaf,,0.02590342383104105,4,41.64483069526376,True,0.013123949978560232,0.9868760500214397,0.9868760500214397
promotion,Random Forest,0,2372,-1,-1,leaf,,0.0,10,9.291259473474272,True,1.0,0.0,0.0
promotion,Random Forest,0,2373,2374,2387,cat__department_Technology,0.5,0.4207680787249042,28,67.19162270922617,False,0.30096241400793805,0.6990375859920619,0.6990375859920619
promotion,Random Forest,0,2374,2375,2386,num__no_of_trainings,1.5,0.489295351903807,24,40.974164465901474,False,0.42684042066758116,0.5731595793324189,0.5731595793324189
promotion,Random Forest,0,2375,2376,2377,cat__education_Bachelor's,0.5,0.4777546257315771,21,38.78798576626047,False,0.3945358490566037,0.6054641509433962,0.6054641509433962
promotion,Random Forest,0,2376,-1,-1,leaf,,0.0,2,1.0930893498205025,True,1.0,0.0,0.0
promotion,Random Forest,0,2377,2378,2385,num__previous_year_rating,3.5,0.4697313693660542,19,37.69489641643997,False,0.3769783949179131,0.6230216050820869,0.6230216050820869
promotion,Random Forest,0,2378,2379,2384,num__avg_training_score,58.0,0.3245535568861512,10,29.496726292786196,False,0.20381893788271255,0.7961810621172875,0.7961810621172875
promotion,Random Forest,0,2379,2380,2381,cat__recruitment_channel_sourcing,0.5,0.4892953519038068,6,10.243541116475368,False,0.42684042066758116,0.5731595793324189,0.5731595793324189
promotion,Random Forest,0,2380,-1,-1,leaf,,0.0,2,2.186178699641005,True,1.0,0.0,0.0
promotion,Random Forest,0,2381,2382,2383,num__age,29.5,0.3954171736469344,4,8.057362416834364,False,0.2713268420287749,0.7286731579712251,0.7286731579712251
promotion,Random Forest,0,2382,-1,-1,leaf,,0.26464259482182684,2,6.964273067013861,True,0.15695670449768812,0.8430432955023119,0.8430432955023119
promotion,Random Forest,0,2383,-1,-1,leaf,,1.3322676295501878e-15,2,1.0930893498205025,True,1.0,0.0,0.0
promotion,Random Forest,0,2384,-1,-1,leaf,,0.1558183735588441,4,19.25318517631083,True,0.08516170232176254,0.9148382976782375,0.9148382976782375
promotion,Random Forest,0,2385,-1,-1,leaf,,0.0,9,8.19817012365377,True,1.0,0.0,0.0
promotion,Random Forest,0,2386,-1,-1,leaf,,0.0,3,2.186178699641005,True,1.0,0.0,0.0
promotion,Random Forest,0,2387,2388,2389,num__avg_training_score,80.0,0.1867369060271873,4,26.21745824332469,False,0.10423296374457063,0.8957670362554294,0.8957670362554294
promotion,Random Forest,0,2388,-1,-1,leaf,,0.21502573346491882,2,13.38200145911747,True,0.12252532102465383,0.8774746789753463,0.8774746789753463
promotion,Random Forest,0,2389,-1,-1,leaf,,0.1558183735588441,2,12.835456784207219,True,0.08516170232176253,0.9148382976782374,0.9148382976782374
promotion,Random Forest,0,2390,2391,2392,cat__region_region_22,0.5,0.3386426884378908,26,27.186426038693156,False,0.7840398841378716,0.2159601158621284,0.2159601158621284
promotion,Random Forest,0,2391,-1,-1,leaf,,0.0,12,12.023982848025527,True,1.0,0.0,0.0
promotion,Random Forest,0,2392,2393,2396,num__age,29.5,0.4745608214850362,14,15.162443190667629,False,0.6127811564822859,0.3872188435177141,0.3872188435177141
promotion,Random Forest,0,2393,2394,2395,cat__gender_m,0.5,0.4961055060456644,8,10.79008579138562,False,0.45587237852356277,0.5441276214764372,0.5441276214764372
promotion,Random Forest,0,2394,-1,-1,leaf,,0.1558183735588441,2,6.4177283921036095,True,0.08516170232176253,0.9148382976782374,0.9148382976782374
promotion,Random Forest,0,2395,-1,-1,leaf,,0.0,6,4.37235739928201,True,1.0,0.0,0.0
promotion,Random Forest,0,2396,-1,-1,leaf,,0.0,6,4.37235739928201,True,1.0,0.0,0.0
promotion,Random Forest,0,2397,2398,2401,cat__gender_m,0.5,0.4072259885119427,35,41.255779879540285,False,0.7153764280139076,0.2846235719860924,0.2846235719860924
promotion,Random Forest,0,2398,2399,2400,cat__department_Analytics,0.5,0.4961055060456644,5,10.79008579138562,False,0.4558723785235628,0.5441276214764372,0.5441276214764372
promotion,Random Forest,0,2399,-1,-1,leaf,,0.26464259482182684,2,6.964273067013861,True,0.15695670449768812,0.8430432955023119,0.8430432955023119
promotion,Random Forest,0,2400,-1,-1,leaf,,-4.440892098500626e-16,3,3.825812724371759,True,1.0,0.0,0.0
promotion,Random Forest,0,2401,2402,2407,num__age,29.5,0.311151352469745,30,30.465694088154663,False,0.8072854109213902,0.1927145890786098,0.1927145890786098
promotion,Random Forest,0,2402,2403,2406,num__no_of_trainings,1.5,0.4863224159403401,11,14.069353840847127,False,0.5826969892428373,0.4173030107571628,0.4173030107571628
promotion,Random Forest,0,2403,2404,2405,num__avg_training_score,84.5,0.49935954122161175,8,11.33663046629587,False,0.4821050457057274,0.5178949542942726,0.5178949542942726
promotion,Random Forest,0,2404,-1,-1,leaf,,0.0,3,2.7327233745512562,True,1.0,0.0,0.0
promotion,Random Forest,0,2405,-1,-1,leaf,,0.4334708659252019,5,8.603907091744615,True,0.3176142356503691,0.6823857643496308,0.6823857643496308
promotion,Random Forest,0,2406,-1,-1,leaf,,0.0,3,2.7327233745512567,True,1.0,0.0,0.0
promotion,Random Forest,0,2407,-1,-1,leaf,,0.0,19,16.39634024730754,True,1.0,0.0,0.0
promotion,Random Forest,0,2408,-1,-1,leaf,,0.0,10,7.651625448743517,True,1.0,0.0,0.0
promotion,Random Forest,0,2409,-1,-1,leaf,,0.22097950001258282,15,60.49227890348374,True,0.126489290657272,0.873510709342728,0.873510709342728
promotion,Random Forest,0,2410,2411,2412,cat__recruitment_channel_sourcing,0.5,0.05838029916383003,12,90.80047913245164,False,0.030095913597162887,0.9699040864028371,0.9699040864028371
promotion,Random Forest,0,2411,-1,-1,leaf,,0.0,3,41.098286020353505,True,0.0,1.0,1.0
promotion,Random Forest,0,2412,2413,2418,num__no_of_trainings,1.5,0.10391786597797448,9,49.70219311209812,False,0.05498194754480719,0.9450180524551928,0.9450180524551928
promotion,Random Forest,0,2413,2414,2417,num__avg_training_score,90.5,0.18673690602718718,7,26.21745824332469,False,0.10423296374457063,0.8957670362554294,0.8957670362554294
promotion,Random Forest,0,2414,2415,2416,cat__department_Analytics,0.5,0.4334708659252019,4,8.603907091744615,False,0.31761423565036917,0.6823857643496308,0.6823857643496308
promotion,Random Forest,0,2415,-1,-1,leaf,,0.1558183735588441,2,6.4177283921036095,True,0.08516170232176253,0.9148382976782374,0.9148382976782374
promotion,Random Forest,0,2416,-1,-1,leaf,,0.0,2,2.186178699641005,True,1.0,0.0,0.0
promotion,Random Forest,0,2417,-1,-1,leaf,,0.0,3,17.613551151580076,True,0.0,1.0,1.0
promotion,Random Forest,0,2418,-1,-1,leaf,,0.0,2,23.484734868773433,True,0.0,1.0,1.0
promotion,Random Forest,0,2419,2420,2969,num__awards_won?,0.5,0.39531024822669036,1352,3407.717757646094,False,0.2712099742414224,0.728790025758557,0.7287900257585721
promotion,Random Forest,0,2420,2421,2952,cat__region_region_26,0.5,0.40388980254127027,1304,3200.0234626923075,False,0.280785267991908,0.7192147320080741,0.719214732008087
promotion,Random Forest,0,2421,2422,2939,num__avg_training_score,88.5,0.39817645066082386,1260,3147.4310523464756,False,0.2743636229026874,0.7256363770972927,0.7256363770973072
promotion,Random Forest,0,2422,2423,2658,num__avg_training_score,58.5,0.4141347881928277,1231,2930.6029917784085,False,0.2927981517852678,0.7072018482147135,0.7072018482147268
promotion,Random Forest,0,2423,2424,2647,cat__region_region_31,0.5,0.38368631573650724,469,1180.3248471366458,False,0.25884270251193037,0.7411572974880657,0.7411572974880687
promotion,Random Forest,0,2424,2425,2644,cat__region_region_5,0.5,0.3794300217715044,454,1157.6515862040526,False,0.2544699832724111,0.7455300167275858,0.7455300167275881
promotion,Random Forest,0,2425,2426,2643,cat__region_region_17,0.5,0.37557736819301357,448,1151.6395947800395,False,0.25057803644527343,0.7494219635547238,0.7494219635547259
promotion,Random Forest,0,2426,2427,2510,cat__education_Bachelor's,0.5,0.3723494586817322,442,1146.720692705847,False,0.24736336239742307,0.7526366376025743,0.7526366376025763
promotion,Random Forest,0,2427,2428,2509,cat__region_region_14,0.5,0.40273534015666645,147,342.23503423141494,False,0.27947260958859,0.7205273904114105,0.7205273904114101
promotion,Random Forest,0,2428,2429,2482,num__previous_year_rating,3.5,0.4006881368758538,145,341.14194488159444,False,0.27716389080296533,0.7228361091970351,0.7228361091970348
promotion,Random Forest,0,2429,2430,2481,cat__region_region_15,0.5,0.4271717657338622,99,220.96886101080875,False,0.30917516636174186,0.6908248336382582,0.6908248336382582
promotion,Random Forest,0,2430,2431,2478,cat__region_region_13,0.5,0.4085998713759491,93,213.86378023697546,False,0.28622426631625053,0.7137757336837495,0.7137757336837495
promotion,Random Forest,0,2431,2432,2477,cat__recruitment_channel_referred,0.5,0.3954171736469341,86,201.4340604208591,False,0.27132684202877483,0.7286731579712252,0.7286731579712252
promotion,Random Forest,0,2432,2433,2476,cat__department_Finance,0.5,0.39174897471064674,84,200.3409710710386,False,0.26735109575870214,0.7326489042412979,0.7326489042412979
promotion,Random Forest,0,2433,2434,2465,cat__region_region_2,0.5,0.37806861199222097,80,196.51515834666685,False,0.2530876795218807,0.7469123204781193,0.7469123204781193
promotion,Random Forest,0,2434,2435,2464,num__no_of_trainings,1.5,0.41985861753169096,62,125.77933832670773,False,0.299823349927734,0.700176650072266,0.700176650072266
promotion,Random Forest,0,2435,2436,2461,cat__gender_f,0.5,0.3892456138677226,53,119.76734690269497,False,0.26467640775702345,0.7353235922429765,0.7353235922429765
promotion,Random Forest,0,2436,2437,2460,cat__region_region_4,0.5,0.35022635384035494,40,106.24453773675809,False,0.2263454311000407,0.7736545688999592,0.7736545688999593
promotion,Random Forest,0,2437,2438,2443,num__age,33.5,0.33665815379702113,37,104.60490371202734,False,0.2142187495627303,0.7857812504372697,0.7857812504372697
promotion,Random Forest,0,2438,2439,2442,cat__region_region_28,0.5,0.4614583729927263,10,16.255532540488133,False,0.6388193556520017,0.36118064434799835,0.36118064434799835
promotion,Random Forest,0,2439,2440,2441,cat__recruitment_channel_sourcing,0.5,4.440892098500626e-16,7,8.19817012365377,False,1.0,0.0,0.0
promotion,Random Forest,0,2440,-1,-1,leaf,,0.0,3,3.279268049461508,True,1.0,0.0,0.0
promotion,Random Forest,0,2441,-1,-1,leaf,,0.0,4,4.918902074192262,True,1.0,0.0,0.0
promotion,Random Forest,0,2442,-1,-1,leaf,,0.3954171736469341,3,8.057362416834364,True,0.2713268420287749,0.7286731579712251,0.7286731579712251
promotion,Random Forest,0,2443,2444,2453,num__age,36.5,0.23514754056781972,27,88.34937117153919,False,0.13609585092212773,0.8639041490778723,0.8639041490778723
promotion,Random Forest,0,2444,2445,2446,cat__department_Sales & Marketing,0.5,0.38360352867839476,14,31.682904992427204,False,0.25875689510205213,0.7412431048979479,0.7412431048979479
promotion,Random Forest,0,2445,-1,-1,leaf,,0.0,4,3.8258127243717586,True,1.0,0.0,0.0
promotion,Random Forest,0,2446,2447,2450,num__age,34.5,0.26464259482182706,10,27.857092268055442,False,0.15695670449768812,0.8430432955023119,0.8430432955023119
promotion,Random Forest,0,2447,2448,2449,cat__region_region_7,0.5,0.21502573346491882,5,13.38200145911747,False,0.12252532102465383,0.8774746789753463,0.8774746789753463
promotion,Random Forest,0,2448,-1,-1,leaf,,-4.440892098500626e-16,3,1.639634024730754,True,1.0,0.0,0.0
promotion,Random Forest,0,2449,-1,-1,leaf,,0.0,2,11.742367434386717,True,0.0,1.0,1.0
promotion,Random Forest,0,2450,2451,2452,cat__recruitment_channel_other,0.5,0.3062941761706056,5,14.475090808937972,False,0.188787995227213,0.8112120047727871,0.8112120047727871
promotion,Random Forest,0,2451,-1,-1,leaf,,0.0,2,1.639634024730754,True,1.0,0.0,0.0
promotion,Random Forest,0,2452,-1,-1,leaf,,0.1558183735588441,3,12.835456784207219,True,0.08516170232176253,0.9148382976782374,0.9148382976782374
promotion,Random Forest,0,2453,2454,2459,cat__department_Legal,0.5,0.12591272481280935,13,56.666466179111985,False,0.06751458106244154,0.9324854189375584,0.9324854189375584
promotion,Random Forest,0,2454,2455,2458,num__age,38.5,0.07630180482063531,11,55.02683215438124,False,0.03972932138829186,0.9602706786117081,0.9602706786117081
promotion,Random Forest,0,2455,2456,2457,cat__region_region_23,0.5,0.06518645254308875,9,48.60910376227762,False,0.0337310071123584,0.9662689928876416,0.9662689928876416
promotion,Random Forest,0,2456,-1,-1,leaf,,0.050473335180281076,7,42.19137537017401,True,0.02590788615516978,0.9740921138448302,0.9740921138448302
promotion,Random Forest,0,2457,-1,-1,leaf,,0.15581837355884398,2,6.4177283921036095,True,0.08516170232176253,0.9148382976782374,0.9148382976782374
promotion,Random Forest,0,2458,-1,-1,leaf,,0.15581837355884398,2,6.4177283921036095,True,0.08516170232176253,0.9148382976782374,0.9148382976782374
promotion,Random Forest,0,2459,-1,-1,leaf,,-4.440892098500626e-16,2,1.639634024730754,True,1.0,0.0,0.0
promotion,Random Forest,0,2460,-1,-1,leaf,,0.0,3,1.639634024730754,True,1.0,0.0,0.0
promotion,Random Forest,0,2461,2462,2463,num__avg_training_score,57.5,0.49133254299669504,13,13.522809165936875,False,0.5658310603108628,0.43416893968913717,0.43416893968913717
promotion,Random Forest,0,2462,-1,-1,leaf,,0.0,11,7.105080773833266,True,1.0,0.0,0.0
promotion,Random Forest,0,2463,-1,-1,leaf,,0.1558183735588441,2,6.4177283921036095,True,0.08516170232176253,0.9148382976782374,0.9148382976782374
promotion,Random Forest,0,2464,-1,-1,leaf,,0.0,9,6.011991424012764,True,1.0,0.0,0.0
promotion,Random Forest,0,2465,2466,2473,cat__department_Operations,0.5,0.2821793500986418,18,70.73582001995912,False,0.1699843565061208,0.8300156434938791,0.8300156434938792
promotion,Random Forest,0,2466,2467,2472,num__avg_training_score,50.5,0.3245535568861512,12,29.496726292786196,False,0.20381893788271255,0.7961810621172875,0.7961810621172875
promotion,Random Forest,0,2467,2468,2469,num__previous_year_rating,2.5,0.499929796646275,9,11.883175141206124,False,0.5059246668144753,0.49407533318552455,0.4940753331855246
promotion,Random Forest,0,2468,-1,-1,leaf,,0.0,3,2.186178699641005,True,1.0,0.0,0.0
promotion,Random Forest,0,2469,2470,2471,num__age,35.0,0.47775462573157723,6,9.696996441565117,False,0.3945358490566037,0.6054641509433962,0.6054641509433962
promotion,Random Forest,0,2470,-1,-1,leaf,,0.1558183735588441,2,6.4177283921036095,True,0.08516170232176253,0.9148382976782374,0.9148382976782374
promotion,Random Forest,0,2471,-1,-1,leaf,,1.1102230246251565e-16,4,3.2792680494615074,True,1.0,0.0,0.0
promotion,Random Forest,0,2472,-1,-1,leaf,,0.0,3,17.613551151580076,True,0.0,1.0,1.0
promotion,Random Forest,0,2473,2474,2475,cat__recruitment_channel_sourcing,0.5,0.24906175466851044,6,41.239093727172914,False,0.14578379107422998,0.8542162089257701,0.8542162089257701
promotion,Random Forest,0,2474,-1,-1,leaf,,0.0,3,3.825812724371759,True,1.0,0.0,0.0
promotion,Random Forest,0,2475,-1,-1,leaf,,0.11003756798143471,3,37.413281002801156,True,0.058433225877124344,0.9415667741228757,0.9415667741228757
promotion,Random Forest,0,2476,-1,-1,leaf,,0.0,4,3.825812724371759,True,1.0,0.0,0.0
promotion,Random Forest,0,2477,-1,-1,leaf,,0.0,2,1.0930893498205025,True,1.0,0.0,0.0
promotion,Random Forest,0,2478,2479,2480,cat__department_Operations,0.5,0.49847100449088544,7,12.429719816116373,False,0.5276495525200189,0.4723504474799812,0.4723504474799812
promotion,Random Forest,0,2479,-1,-1,leaf,,-2.220446049250313e-16,5,4.918902074192261,True,1.0,0.0,0.0
promotion,Random Forest,0,2480,-1,-1,leaf,,0.34129359726386665,2,7.510817741924113,True,0.218302997232724,0.7816970027672759,0.7816970027672759
promotion,Random Forest,0,2481,-1,-1,leaf,,0.0,6,7.105080773833267,True,1.0,0.0,0.0
promotion,Random Forest,0,2482,2483,2498,num__age,35.5,0.34129359726386466,46,120.1730838707858,False,0.21830299723272398,0.781697002767276,0.781697002767276
promotion,Random Forest,0,2483,2484,2493,cat__recruitment_channel_sourcing,0.5,0.2502928544817278,27,89.44246052135969,False,0.14665374947633011,0.85334625052367,0.85334625052367
promotion,Random Forest,0,2484,2485,2492,cat__region_region_7,0.5,0.1867369060271873,20,78.65237472997407,False,0.10423296374457061,0.8957670362554294,0.8957670362554294
promotion,Random Forest,0,2485,2486,2491,num__length_of_service,7.5,0.23254274366399386,18,61.038823578393995,False,0.13431074917629454,0.8656892508237055,0.8656892508237055
promotion,Random Forest,0,2486,2487,2490,cat__region_region_28,0.5,0.12591272481280902,12,56.66646617911199,False,0.06751458106244154,0.9324854189375584,0.9324854189375584
promotion,Random Forest,0,2487,2488,2489,cat__region_region_4,0.5,0.17673546651351701,10,39.05291502753191,False,0.09796484389640568,0.9020351561035943,0.9020351561035943
promotion,Random Forest,0,2488,-1,-1,leaf,,0.3707094622444589,8,15.568180158758476,True,0.24574566104435794,0.754254338955642,0.7542543389556421
promotion,Random Forest,0,2489,-1,-1,leaf,,0.0,2,23.484734868773433,True,0.0,1.0,1.0
promotion,Random Forest,0,2490,-1,-1,leaf,,0.0,2,17.613551151580076,True,0.0,1.0,1.0
promotion,Random Forest,0,2491,-1,-1,leaf,,0.0,6,4.37235739928201,True,1.0,0.0,0.0
promotion,Random Forest,0,2492,-1,-1,leaf,,8.881784197001252e-16,2,17.613551151580076,True,0.0,1.0,1.0
promotion,Random Forest,0,2493,2494,2497,num__age,33.5,0.4961055060456645,7,10.79008579138562,False,0.45587237852356277,0.5441276214764372,0.5441276214764372
promotion,Random Forest,0,2494,2495,2496,num__avg_training_score,54.5,0.4334708659252019,4,8.603907091744615,False,0.3176142356503691,0.6823857643496308,0.6823857643496308
promotion,Random Forest,0,2495,-1,-1,leaf,,0.0,2,2.186178699641005,True,1.0,0.0,0.0
promotion,Random Forest,0,2496,-1,-1,leaf,,0.15581837355884443,2,6.4177283921036095,True,0.08516170232176253,0.9148382976782374,0.9148382976782374
promotion,Random Forest,0,2497,-1,-1,leaf,,0.0,3,2.186178699641005,True,1.0,0.0,0.0
promotion,Random Forest,0,2498,2499,2508,cat__region_region_7,0.5,0.4892953519038069,19,30.730623349426104,False,0.42684042066758116,0.5731595793324189,0.5731595793324189
promotion,Random Forest,0,2499,2500,2507,cat__region_region_1,0.5,0.47259528847904,16,28.5444446497851,False,0.38294293801534235,0.6170570619846577,0.6170570619846577
promotion,Random Forest,0,2500,2501,2506,cat__gender_f,0.5,0.443393068207407,14,26.358265950144094,False,0.331763660595291,0.6682363394047091,0.6682363394047091
promotion,Random Forest,0,2501,2502,2505,cat__department_HR,0.5,0.469731369366054,10,18.847448208219983,False,0.37697839491791313,0.6230216050820869,0.6230216050820869
promotion,Random Forest,0,2502,2503,2504,num__age,37.5,0.4334708659252019,7,17.20781418348923,False,0.31761423565036917,0.6823857643496308,0.6823857643496308
promotion,Random Forest,0,2503,-1,-1,leaf,,0.34129359726386665,5,15.021635483848225,True,0.218302997232724,0.7816970027672759,0.7816970027672759
promotion,Random Forest,0,2504,-1,-1,leaf,,-4.440892098500626e-16,2,2.186178699641005,True,1.0,0.0,0.0
promotion,Random Forest,0,2505,-1,-1,leaf,,0.0,3,1.639634024730754,True,1.0,0.0,0.0
promotion,Random Forest,0,2506,-1,-1,leaf,,0.34129359726386665,4,7.510817741924112,True,0.21830299723272403,0.781697002767276,0.781697002767276
promotion,Random Forest,0,2507,-1,-1,leaf,,0.0,2,2.186178699641005,True,1.0,0.0,0.0
promotion,Random Forest,0,2508,-1,-1,leaf,,0.0,3,2.186178699641005,True,1.0,0.0,0.0
promotion,Random Forest,0,2509,-1,-1,leaf,,0.0,2,1.0930893498205025,True,1.0,0.0,0.0
promotion,Random Forest,0,2510,2511,2636,cat__department_Finance,0.5,0.35817268459716056,295,804.4856584744288,False,0.2337038158339059,0.7662961841660942,0.766296184166094
promotion,Random Forest,0,2511,2512,2635,cat__region_region_1,0.5,0.3497229702399094,282,788.7766706088512,False,0.22588594548975566,0.7741140545102443,0.7741140545102443
promotion,Random Forest,0,2512,2513,2630,cat__region_region_14,0.5,0.34675764848264756,278,786.0439472342997,False,0.22319469701850678,0.7768053029814931,0.7768053029814932
promotion,Random Forest,0,2513,2514,2629,cat__region_region_25,0.5,0.33941729616434746,268,771.9745933934526,False,0.21664271331439824,0.7833572866856021,0.7833572866856018
promotion,Random Forest,0,2514,2515,2608,cat__region_region_7,0.5,0.3310636335366671,262,764.8695126196193,False,0.20936589458278274,0.7906341054172173,0.7906341054172173
promotion,Random Forest,0,2515,2516,2583,num__previous_year_rating,3.5,0.34274454825811074,232,662.0450506391421,False,0.2195936415290399,0.78040635847096,0.7804063584709601
promotion,Random Forest,0,2516,2517,2582,cat__region_region_27,0.5,0.3099531983093118,140,450.3674491018077,False,0.1917413410050844,0.8082586589949158,0.8082586589949156
promotion,Random Forest,0,2517,2518,2519,num__avg_training_score,44.5,0.29878871994219736,133,445.44854702761546,False,0.18281607854605683,0.8171839214539435,0.8171839214539433
promotion,Random Forest,0,2518,-1,-1,leaf,,0.0,3,1.639634024730754,True,1.0,0.0,0.0
promotion,Random Forest,0,2519,2520,2581,cat__region_region_6,0.5,0.2949401104983701,130,443.80891300288476,False,0.17979702569961234,0.8202029743003877,0.8202029743003877
promotion,Random Forest,0,2520,2521,2546,num__age,33.5,0.3017233935396826,127,425.1022725014842,False,0.18513764399319083,0.8148623560068093,0.8148623560068091
promotion,Random Forest,0,2521,2522,2545,cat__region_region_8,0.5,0.42733465412541993,60,136.0228794431831,False,0.30938868622956817,0.690611313770432,0.690611313770432
promotion,Random Forest,0,2522,2523,2528,cat__gender_m,0.5,0.45464213868420134,58,117.31623894178252,False,0.34940474556647105,0.6505952544335288,0.650595254433529
promotion,Random Forest,0,2523,2524,2527,num__avg_training_score,56.0,0.4614583729927263,15,16.255532540488133,False,0.6388193556520017,0.36118064434799835,0.36118064434799835
promotion,Random Forest,0,2524,2525,2526,cat__recruitment_channel_sourcing,0.5,3.3306690738754696e-16,13,9.837804148384523,False,1.0,0.0,0.0
promotion,Random Forest,0,2525,-1,-1,leaf,,0.0,7,6.011991424012764,True,1.0,0.0,0.0
promotion,Random Forest,0,2526,-1,-1,leaf,,0.0,6,3.825812724371759,True,1.0,0.0,0.0
promotion,Random Forest,0,2527,-1,-1,leaf,,0.15581837355884387,2,6.4177283921036095,True,0.08516170232176253,0.9148382976782374,0.9148382976782374
promotion,Random Forest,0,2528,2529,2544,num__age,32.5,0.4222658373666537,43,101.06070640129438,False,0.3028526406043612,0.6971473593956388,0.6971473593956388
promotion,Random Forest,0,2529,2530,2543,cat__region_region_15,0.5,0.37943002177150065,30,70.87662772677852,False,0.2544699832724118,0.7455300167275882,0.7455300167275882
promotion,Random Forest,0,2530,2531,2538,num__no_of_trainings,1.5,0.3550006349128886,26,68.6904490271375,False,0.23074234914573807,0.7692576508542621,0.7692576508542619
promotion,Random Forest,0,2531,2532,2537,num__length_of_service,8.5,0.3062941761706054,18,57.9003632357519,False,0.18878799522721296,0.8112120047727871,0.8112120047727871
promotion,Random Forest,0,2532,2533,2536,cat__recruitment_channel_other,0.5,0.38604983236501866,15,39.74026740926156,False,0.2613054591795393,0.7386945408204607,0.7386945408204607
promotion,Random Forest,0,2533,2534,2535,cat__region_region_22,0.5,0.22565919718173966,8,33.7282759852488,False,0.12963477294820164,0.8703652270517984,0.8703652270517984
promotion,Random Forest,0,2534,-1,-1,leaf,,0.34129359726386643,5,15.021635483848225,True,0.218302997232724,0.7816970027672759,0.7816970027672759
promotion,Random Forest,0,2535,-1,-1,leaf,,0.11003756798143471,3,18.706640501400578,True,0.058433225877124344,0.9415667741228757,0.9415667741228757
promotion,Random Forest,0,2536,-1,-1,leaf,,0.0,7,6.0119914240127645,True,1.0,0.0,0.0
promotion,Random Forest,0,2537,-1,-1,leaf,,0.05838029916383025,3,18.160095826490327,True,0.03009591359716289,0.9699040864028371,0.9699040864028371
promotion,Random Forest,0,2538,2539,2542,cat__region_region_22,0.5,0.4961055060456645,8,10.79008579138562,False,0.45587237852356277,0.5441276214764372,0.5441276214764372
promotion,Random Forest,0,2539,2540,2541,cat__region_region_2,0.5,0.4334708659252019,6,8.603907091744615,False,0.3176142356503691,0.6823857643496308,0.6823857643496308
promotion,Random Forest,0,2540,-1,-1,leaf,,0.34129359726386665,4,7.510817741924113,True,0.218302997232724,0.7816970027672759,0.7816970027672759
promotion,Random Forest,0,2541,-1,-1,leaf,,0.0,2,1.0930893498205025,True,1.0,0.0,0.0
promotion,Random Forest,0,2542,-1,-1,leaf,,-4.440892098500626e-16,2,2.186178699641005,True,1.0,0.0,0.0
promotion,Random Forest,0,2543,-1,-1,leaf,,0.0,4,2.186178699641005,True,1.0,0.0,0.0
promotion,Random Forest,0,2544,-1,-1,leaf,,0.4860428687670264,13,30.184078674515852,True,0.4164621904974347,0.5835378095025653,0.5835378095025653
promotion,Random Forest,0,2545,-1,-1,leaf,,0.1100375679814346,2,18.706640501400578,True,0.058433225877124344,0.9415667741228757,0.9415667741228757
promotion,Random Forest,0,2546,2547,2578,num__no_of_trainings,1.5,0.22125358838598375,67,289.07939305830126,False,0.1266727898920199,0.8733272101079803,0.8733272101079801
promotion,Random Forest,0,2547,2548,2567,cat__region_region_2,0.5,0.1964463887692266,60,277.19621791709517,False,0.11041457212135546,0.8895854278786447,0.8895854278786445
promotion,Random Forest,0,2548,2549,2550,num__avg_training_score,53.5,0.16990096801195775,45,233.224400815371,False,0.09373713436492712,0.9062628656350729,0.9062628656350729
promotion,Random Forest,0,2549,-1,-1,leaf,,0.2806352247322179,21,77.70009308697297,True,0.16881668575562117,0.8311833142443789,0.8311833142443789
promotion,Random Forest,0,2550,2551,2562,num__age,36.5,0.10613161446185371,24,155.52430772839799,False,0.056227318586336186,0.9437726814136638,0.9437726814136638
promotion,Random Forest,0,2551,2552,2561,cat__region_region_22,0.5,0.13686862362038088,15,88.75510813963004,False,0.07389474517461112,0.9261052548253889,0.9261052548253889
promotion,Random Forest,0,2552,2553,2560,num__age,35.5,0.23736160012851804,12,47.65682211927652,False,0.13762008894567435,0.8623799110543257,0.8623799110543257
promotion,Random Forest,0,2553,2554,2557,cat__recruitment_channel_other,0.5,0.1909333216145881,10,46.01718809454577,False,0.10689271287254683,0.8931072871274532,0.8931072871274532
promotion,Random Forest,0,2554,2555,2556,num__avg_training_score,56.0,0.3062941761706056,5,14.475090808937972,False,0.18878799522721296,0.8112120047727871,0.8112120047727871
promotion,Random Forest,0,2555,-1,-1,leaf,,0.0,2,1.0930893498205025,True,1.0,0.0,0.0
promotion,Random Forest,0,2556,-1,-1,leaf,,0.21502573346491882,3,13.38200145911747,True,0.12252532102465383,0.8774746789753463,0.8774746789753463
promotion,Random Forest,0,2557,2558,2559,num__avg_training_score,55.5,0.12901202587558025,5,31.542097285607795,False,0.06930987118090359,0.9306901288190964,0.9306901288190964
promotion,Random Forest,0,2558,-1,-1,leaf,,0.0,2,29.35591858596679,True,0.0,1.0,1.0
promotion,Random Forest,0,2559,-1,-1,leaf,,-4.440892098500626e-16,3,2.186178699641005,True,1.0,0.0,0.0
promotion,Random Forest,0,2560,-1,-1,leaf,,0.0,2,1.639634024730754,True,1.0,0.0,0.0
promotion,Random Forest,0,2561,-1,-1,leaf,,0.0,3,41.09828602035351,True,0.0,1.0,1.0
promotion,Random Forest,0,2562,2563,2564,num__previous_year_rating,2.5,0.06334052657624012,9,66.76919958876795,False,0.03274232300380561,0.9672576769961944,0.9672576769961944
promotion,Random Forest,0,2563,-1,-1,leaf,,0.0,2,17.613551151580076,True,0.0,1.0,1.0
promotion,Random Forest,0,2564,2565,2566,cat__gender_m,0.5,0.08499325318400885,7,49.15564843718787,False,0.04447461826151171,0.9555253817384883,0.9555253817384883
promotion,Random Forest,0,2565,-1,-1,leaf,,0.04445161392177521,3,24.031279543683684,True,0.022743053440693863,0.9772569465593062,0.9772569465593062
promotion,Random Forest,0,2566,-1,-1,leaf,,0.12200349063157245,4,25.12436889350419,True,0.06526070492280803,0.9347392950771919,0.934739295077192
promotion,Random Forest,0,2567,2568,2577,cat__department_HR,0.5,0.3186425290859828,15,43.97181710172417,False,0.19887089902002555,0.8011291009799745,0.8011291009799745
promotion,Random Forest,0,2568,2569,2572,cat__gender_m,0.5,0.3836035286783952,13,31.6829049924272,False,0.25875689510205213,0.7412431048979479,0.7412431048979479
promotion,Random Forest,0,2569,2570,2571,cat__department_Operations,0.5,0.489295351903807,5,10.243541116475368,False,0.42684042066758116,0.5731595793324189,0.5731595793324189
promotion,Random Forest,0,2570,-1,-1,leaf,,0.1558183735588441,2,6.4177283921036095,True,0.08516170232176253,0.9148382976782374,0.9148382976782374
promotion,Random Forest,0,2571,-1,-1,leaf,,0.0,3,3.825812724371759,True,1.0,0.0,0.0
promotion,Random Forest,0,2572,2573,2574,cat__recruitment_channel_sourcing,0.5,0.2932086897501166,8,21.439363875951834,False,0.1784480522140448,0.8215519477859552,0.8215519477859552
promotion,Random Forest,0,2573,-1,-1,leaf,,0.0,4,3.279268049461508,True,1.0,0.0,0.0
promotion,Random Forest,0,2574,2575,2576,num__avg_training_score,48.5,0.05838029916382992,4,18.160095826490327,False,0.03009591359716289,0.9699040864028371,0.9699040864028371
promotion,Random Forest,0,2575,-1,-1,leaf,,0.1558183735588441,2,6.4177283921036095,True,0.08516170232176253,0.9148382976782374,0.9148382976782374
promotion,Random Forest,0,2576,-1,-1,leaf,,0.0,2,11.742367434386717,True,0.0,1.0,1.0
promotion,Random Forest,0,2577,-1,-1,leaf,,0.08499325318400885,2,12.288912109296968,True,0.04447461826151171,0.9555253817384883,0.9555253817384883
promotion,Random Forest,0,2578,2579,2580,num__length_of_service,10.5,0.4999297966462726,7,11.883175141206122,False,0.5059246668144753,0.4940753331855246,0.4940753331855246
promotion,Random Forest,0,2579,-1,-1,leaf,,0.0,4,4.37235739928201,True,1.0,0.0,0.0
promotion,Random Forest,0,2580,-1,-1,leaf,,0.34129359726386665,3,7.510817741924113,True,0.218302997232724,0.7816970027672759,0.7816970027672759
promotion,Random Forest,0,2581,-1,-1,leaf,,0.11003756798143471,3,18.706640501400578,True,0.058433225877124344,0.9415667741228757,0.9415667741228757
promotion,Random Forest,0,2582,-1,-1,leaf,,0.0,7,4.918902074192261,True,1.0,0.0,0.0
promotion,Random Forest,0,2583,2584,2607,cat__region_region_33,0.5,0.40218755189301214,92,211.67760153733448,False,0.2788524835014078,0.7211475164985922,0.7211475164985922
promotion,Random Forest,0,2584,2585,2602,num__length_of_service,9.5,0.3988482512817404,90,210.58451218751398,False,0.2751091945873959,0.7248908054126041,0.7248908054126041
promotion,Random Forest,0,2585,2586,2601,cat__recruitment_channel_sourcing,0.5,0.4216694210504105,78,168.25232911052055,False,0.3020977779942966,0.6979022220057034,0.6979022220057034
promotion,Random Forest,0,2586,2587,2588,cat__recruitment_channel_other,0.5,0.3638281844454526,49,123.45235192024731,False,0.23906723514040318,0.7609327648595968,0.7609327648595968
promotion,Random Forest,0,2587,-1,-1,leaf,,0.0,3,2.186178699641005,True,1.0,0.0,0.0
promotion,Random Forest,0,2588,2589,2600,cat__region_region_4,0.5,0.3491338636455742,46,121.2661732206063,False,0.22534918864635986,0.7746508113536402,0.7746508113536402
promotion,Random Forest,0,2589,2590,2591,num__length_of_service,7.5,0.3331052944405727,44,119.0799945209653,False,0.21112744543706882,0.7888725545629311,0.7888725545629311
promotion,Random Forest,0,2590,-1,-1,leaf,,0.2720987550053606,25,84.11782147907658,True,0.16243426936769828,0.8375657306323018,0.8375657306323018
promotion,Random Forest,0,2591,2592,2593,cat__department_Sales & Marketing,0.5,0.4410255835279603,19,34.96217304188871,False,0.32828160192914735,0.6717183980708527,0.6717183980708527
promotion,Random Forest,0,2592,-1,-1,leaf,,0.0,7,5.4654467491025125,True,1.0,0.0,0.0
promotion,Random Forest,0,2593,2594,2599,num__avg_training_score,51.5,0.3245535568861512,12,29.496726292786196,False,0.20381893788271255,0.7961810621172875,0.7961810621172875
promotion,Random Forest,0,2594,2595,2598,cat__region_region_2,0.5,0.28637554470497006,10,28.403636942965694,False,0.1731785997711977,0.8268214002288024,0.8268214002288024
promotion,Random Forest,0,2595,2596,2597,cat__gender_m,0.5,0.3954171736469342,7,16.114724833668728,False,0.2713268420287749,0.7286731579712251,0.7286731579712251
promotion,Random Forest,0,2596,-1,-1,leaf,,0.0,2,1.639634024730754,True,1.0,0.0,0.0
promotion,Random Forest,0,2597,-1,-1,leaf,,0.3062941761706056,5,14.475090808937972,True,0.188787995227213,0.8112120047727871,0.8112120047727871
promotion,Random Forest,0,2598,-1,-1,leaf,,0.08499325318400885,3,12.288912109296968,True,0.04447461826151171,0.9555253817384883,0.9555253817384883
promotion,Random Forest,0,2599,-1,-1,leaf,,0.0,2,1.0930893498205025,True,1.0,0.0,0.0
promotion,Random Forest,0,2600,-1,-1,leaf,,0.0,2,2.186178699641005,True,1.0,0.0,0.0
promotion,Random Forest,0,2601,-1,-1,leaf,,0.4988274516936708,29,44.79997719027324,True,0.4757869012068976,0.5242130987931023,0.5242130987931024
promotion,Random Forest,0,2602,2603,2606,cat__gender_f,0.5,0.27934094915792007,12,42.33218307699342,False,0.167841114192259,0.832158885807741,0.832158885807741
promotion,Random Forest,0,2603,2604,2605,cat__department_Sales & Marketing,0.5,0.19644638876922693,9,39.59945970244216,False,0.11041457212135548,0.8895854278786446,0.8895854278786446
promotion,Random Forest,0,2604,-1,-1,leaf,,0.0,4,2.7327233745512562,True,1.0,0.0,0.0
promotion,Random Forest,0,2605,-1,-1,leaf,,0.08499325318400897,5,36.866736327890905,True,0.04447461826151171,0.9555253817384883,0.9555253817384883
promotion,Random Forest,0,2606,-1,-1,leaf,,0.0,3,2.7327233745512567,True,1.0,0.0,0.0
promotion,Random Forest,0,2607,-1,-1,leaf,,0.0,2,1.0930893498205025,True,1.0,0.0,0.0
promotion,Random Forest,0,2608,2609,2614,cat__gender_m,0.5,0.24583485877832312,30,102.82446198047717,False,0.14351357583936178,0.8564864241606382,0.8564864241606382
promotion,Random Forest,0,2609,2610,2613,num__age,35.0,0.21502573346491882,9,26.76400291823494,False,0.12252532102465381,0.8774746789753463,0.8774746789753463
promotion,Random Forest,0,2610,2611,2612,num__avg_training_score,55.5,0.08499325318400885,5,24.577824218593936,False,0.04447461826151171,0.9555253817384883,0.9555253817384883
promotion,Random Forest,0,2611,-1,-1,leaf,,0.0,3,23.484734868773433,True,0.0,1.0,1.0
promotion,Random Forest,0,2612,-1,-1,leaf,,-4.440892098500626e-16,2,1.0930893498205025,True,1.0,0.0,0.0
promotion,Random Forest,0,2613,-1,-1,leaf,,0.0,4,2.186178699641005,True,1.0,0.0,0.0
promotion,Random Forest,0,2614,2615,2622,cat__recruitment_channel_other,0.5,0.2562568176512837,21,76.06045906224222,False,0.150898881161406,0.849101118838594,0.849101118838594
promotion,Random Forest,0,2615,2616,2621,num__length_of_service,9.0,0.3566407443659112,12,30.589815642606702,False,0.23226948657830518,0.7677305134216947,0.7677305134216948
promotion,Random Forest,0,2616,2617,2620,cat__department_Operations,0.5,0.43347086592520223,9,17.20781418348923,False,0.3176142356503691,0.6823857643496308,0.6823857643496308
promotion,Random Forest,0,2617,2618,2619,num__length_of_service,6.5,0.3707094622444591,6,15.568180158758476,False,0.24574566104435794,0.754254338955642,0.7542543389556421
promotion,Random Forest,0,2618,-1,-1,leaf,,0.26464259482182684,2,6.964273067013861,True,0.15695670449768812,0.8430432955023119,0.8430432955023119
promotion,Random Forest,0,2619,-1,-1,leaf,,0.43347086592520223,4,8.603907091744615,True,0.3176142356503691,0.6823857643496308,0.6823857643496308
promotion,Random Forest,0,2620,-1,-1,leaf,,0.0,3,1.639634024730754,True,1.0,0.0,0.0
promotion,Random Forest,0,2621,-1,-1,leaf,,0.2150257334649185,3,13.38200145911747,True,0.12252532102465383,0.8774746789753463,0.8774746789753463
promotion,Random Forest,0,2622,2623,2626,num__age,35.5,0.1738229679106208,9,45.47064341963552,False,0.0961578079934075,0.9038421920065925,0.9038421920065925
promotion,Random Forest,0,2623,2624,2625,num__length_of_service,8.0,0.10020140816777456,5,30.995552610697544,False,0.05289900926511839,0.9471009907348816,0.9471009907348816
promotion,Random Forest,0,2624,-1,-1,leaf,,0.08499325318400885,3,24.577824218593936,True,0.04447461826151171,0.9555253817384883,0.9555253817384883
promotion,Random Forest,0,2625,-1,-1,leaf,,0.15581837355884398,2,6.4177283921036095,True,0.08516170232176253,0.9148382976782374,0.9148382976782374
promotion,Random Forest,0,2626,2627,2628,num__avg_training_score,48.5,0.3062941761706055,4,14.475090808937972,False,0.188787995227213,0.8112120047727871,0.8112120047727871
promotion,Random Forest,0,2627,-1,-1,leaf,,0.1558183735588441,2,12.835456784207219,True,0.08516170232176253,0.9148382976782374,0.9148382976782374
promotion,Random Forest,0,2628,-1,-1,leaf,,-8.881784197001252e-16,2,1.639634024730754,True,1.0,0.0,0.0
promotion,Random Forest,0,2629,-1,-1,leaf,,0.0,6,7.105080773833267,True,1.0,0.0,0.0
promotion,Random Forest,0,2630,2631,2632,cat__gender_f,0.5,0.48632241594034054,10,14.069353840847127,False,0.5826969892428373,0.4173030107571628,0.4173030107571628
promotion,Random Forest,0,2631,-1,-1,leaf,,-6.661338147750939e-16,6,5.4654467491025125,True,1.0,0.0,0.0
promotion,Random Forest,0,2632,2633,2634,cat__department_Operations,0.5,0.4334708659252019,4,8.603907091744615,False,0.31761423565036917,0.6823857643496308,0.6823857643496308
promotion,Random Forest,0,2633,-1,-1,leaf,,0.1558183735588441,2,6.4177283921036095,True,0.08516170232176253,0.9148382976782374,0.9148382976782374
promotion,Random Forest,0,2634,-1,-1,leaf,,0.0,2,2.186178699641005,True,1.0,0.0,0.0
promotion,Random Forest,0,2635,-1,-1,leaf,,0.0,4,2.7327233745512562,True,1.0,0.0,0.0
promotion,Random Forest,0,2636,2637,2642,num__avg_training_score,57.5,0.4681202516238867,13,15.708987865577882,False,0.6262532145652416,0.3737467854347583,0.3737467854347583
promotion,Random Forest,0,2637,2638,2641,num__previous_year_rating,3.5,0.49935954122161186,7,11.33663046629587,False,0.4821050457057274,0.5178949542942726,0.5178949542942726
promotion,Random Forest,0,2638,2639,2640,cat__gender_m,0.5,0.4777546257315771,5,9.696996441565117,False,0.39453584905660377,0.6054641509433962,0.6054641509433962
promotion,Random Forest,0,2639,-1,-1,leaf,,0.0,3,2.7327233745512567,True,1.0,0.0,0.0
promotion,Random Forest,0,2640,-1,-1,leaf,,0.26464259482182684,2,6.964273067013861,True,0.15695670449768812,0.8430432955023119,0.8430432955023119
promotion,Random Forest,0,2641,-1,-1,leaf,,0.0,2,1.639634024730754,True,1.0,0.0,0.0
promotion,Random Forest,0,2642,-1,-1,leaf,,0.0,6,4.37235739928201,True,1.0,0.0,0.0
promotion,Random Forest,0,2643,-1,-1,leaf,,1.3877787807814457e-13,6,4.918902074192261,True,1.0,0.0,0.0
promotion,Random Forest,0,2644,2645,2646,num__age,33.0,1.1357581541915351e-13,6,6.011991424012764,False,1.0,0.0,0.0
promotion,Random Forest,0,2645,-1,-1,leaf,,0.0,4,3.825812724371759,True,1.0,0.0,0.0
promotion,Random Forest,0,2646,-1,-1,leaf,,0.0,2,2.186178699641005,True,1.0,0.0,0.0
promotion,Random Forest,0,2647,2648,2657,cat__education_Master's & above,0.5,0.4993595412216618,15,22.67326093259174,False,0.4821050457057274,0.5178949542942726,0.5178949542942726
promotion,Random Forest,0,2648,2649,2650,num__avg_training_score,49.5,0.4777546257315771,11,19.393992883130235,False,0.39453584905660377,0.6054641509433962,0.6054641509433962
promotion,Random Forest,0,2649,-1,-1,leaf,,0.0,3,2.186178699641005,True,1.0,0.0,0.0
promotion,Random Forest,0,2650,2651,2652,cat__gender_m,0.5,0.4334708659252019,8,17.20781418348923,False,0.31761423565036917,0.6823857643496308,0.6823857643496308
promotion,Random Forest,0,2651,-1,-1,leaf,,0.34129359726386665,2,7.510817741924113,True,0.218302997232724,0.7816970027672759,0.7816970027672759
promotion,Random Forest,0,2652,2653,2654,cat__recruitment_channel_sourcing,0.5,0.4777546257315771,6,9.696996441565117,False,0.39453584905660377,0.6054641509433962,0.6054641509433962
promotion,Random Forest,0,2653,-1,-1,leaf,,0.0,2,2.186178699641005,True,1.0,0.0,0.0
promotion,Random Forest,0,2654,2655,2656,num__no_of_trainings,1.5,0.34129359726386665,4,7.510817741924112,False,0.21830299723272403,0.781697002767276,0.781697002767276
promotion,Random Forest,0,2655,-1,-1,leaf,,0.1558183735588441,2,6.4177283921036095,True,0.08516170232176253,0.9148382976782374,0.9148382976782374
promotion,Random Forest,0,2656,-1,-1,leaf,,-6.661338147750939e-16,2,1.0930893498205025,True,1.0,0.0,0.0
promotion,Random Forest,0,2657,-1,-1,leaf,,0.0,4,3.279268049461508,True,1.0,0.0,0.0
promotion,Random Forest,0,2658,2659,2814,num__previous_year_rating,3.5,0.4320644322126581,762,1750.2781446417337,False,0.31569648974127335,0.6843035102587132,0.6843035102587224
promotion,Random Forest,0,2659,2660,2779,num__no_of_trainings,1.5,0.39133499574954556,417,1081.1853901737165,False,0.26690666649338146,0.7330933335066177,0.7330933335066183
promotion,Random Forest,0,2660,2661,2778,cat__region_region_10,0.5,0.4060406698866196,344,868.2905777321088,False,0.2832520702366689,0.716747929763331,0.7167479297633311
promotion,Random Forest,0,2661,2662,2745,cat__education_Master's & above,0.5,0.4161382718544957,341,833.0634754289483,False,0.29522972854256363,0.7047702714574366,0.7047702714574365
promotion,Random Forest,0,2662,2663,2686,num__avg_training_score,62.5,0.445235004540218,216,485.238872893979,False,0.3345234224130496,0.6654765775869509,0.6654765775869506
promotion,Random Forest,0,2663,2664,2673,num__avg_training_score,59.5,0.4958745925386001,73,116.23983574432938,False,0.5454169982572604,0.4545830017427394,0.4545830017427395
promotion,Random Forest,0,2664,2665,2666,cat__department_Operations,0.5,0.4334708659252018,17,43.01953545872307,False,0.31761423565036917,0.6823857643496309,0.6823857643496309
promotion,Random Forest,0,2665,-1,-1,leaf,,0.0,6,5.4654467491025125,True,1.0,0.0,0.0
promotion,Random Forest,0,2666,2667,2672,cat__gender_f,0.5,0.34129359726386654,11,37.55408870962056,False,0.21830299723272403,0.781697002767276,0.781697002767276
promotion,Random Forest,0,2667,2668,2671,num__length_of_service,8.0,0.32455355688615095,8,29.496726292786196,False,0.20381893788271258,0.7961810621172875,0.7961810621172875
promotion,Random Forest,0,2668,2669,2670,cat__region_region_2,0.5,0.41613827185449526,5,16.66126950857898,False,0.29522972854256346,0.7047702714574365,0.7047702714574365
promotion,Random Forest,0,2669,-1,-1,leaf,,4.440892098500626e-16,3,3.825812724371759,True,1.0,0.0,0.0
promotion,Random Forest,0,2670,-1,-1,leaf,,0.1558183735588441,2,12.835456784207219,True,0.08516170232176253,0.9148382976782374,0.9148382976782374
promotion,Random Forest,0,2671,-1,-1,leaf,,0.15581837355884398,3,12.835456784207219,True,0.08516170232176253,0.9148382976782374,0.9148382976782374
promotion,Random Forest,0,2672,-1,-1,leaf,,0.3954171736469342,3,8.057362416834364,True,0.2713268420287749,0.7286731579712251,0.7286731579712251
promotion,Random Forest,0,2673,2674,2675,num__length_of_service,7.5,0.4357322508043274,56,73.2203002856063,False,0.6792592385285521,0.3207407614714478,0.32074076147144787
promotion,Random Forest,0,2674,-1,-1,leaf,,0.25462932915691205,36,39.21040888671868,True,0.8502646648201101,0.14973533517988996,0.14973533517988996
promotion,Random Forest,0,2675,2676,2677,num__avg_training_score,60.5,0.49935954122161175,20,34.00989139888761,False,0.48210504570572743,0.5178949542942727,0.5178949542942727
promotion,Random Forest,0,2676,-1,-1,leaf,,0.0,6,6.0119914240127645,True,1.0,0.0,0.0
promotion,Random Forest,0,2677,2678,2679,cat__department_Operations,0.5,0.4666650468851772,14,27.997899974874848,False,0.37089741847115776,0.6291025815288424,0.6291025815288424
promotion,Random Forest,0,2678,-1,-1,leaf,,0.0,3,2.7327233745512567,True,1.0,0.0,0.0
promotion,Random Forest,0,2679,2680,2685,cat__region_region_27,0.5,0.4222658373666536,11,25.265176600323592,False,0.3028526406043612,0.6971473593956389,0.6971473593956389
promotion,Random Forest,0,2680,2681,2682,cat__recruitment_channel_other,0.5,0.3954171736469342,9,24.17208725050309,False,0.2713268420287749,0.7286731579712251,0.7286731579712251
promotion,Random Forest,0,2681,-1,-1,leaf,,0.4777546257315771,4,9.696996441565117,True,0.39453584905660377,0.6054641509433962,0.6054641509433962
promotion,Random Forest,0,2682,2683,2684,cat__gender_f,0.5,0.3062941761706053,5,14.475090808937972,False,0.18878799522721296,0.8112120047727871,0.8112120047727871
promotion,Random Forest,0,2683,-1,-1,leaf,,0.0,2,1.639634024730754,True,1.0,0.0,0.0
promotion,Random Forest,0,2684,-1,-1,leaf,,0.1558183735588441,3,12.835456784207219,True,0.08516170232176253,0.9148382976782374,0.9148382976782374
promotion,Random Forest,0,2685,-1,-1,leaf,,0.0,2,1.0930893498205025,True,1.0,0.0,0.0
promotion,Random Forest,0,2686,2687,2744,cat__region_region_27,0.5,0.3924345844247188,143,368.99903714964984,False,0.2680890089115219,0.7319109910884785,0.7319109910884781
promotion,Random Forest,0,2687,2688,2727,cat__gender_f,0.5,0.38520379805541494,139,365.1732244252781,False,0.2604209922128145,0.739579007787186,0.7395790077871857
promotion,Random Forest,0,2688,2689,2726,cat__region_region_23,0.5,0.33242566164511234,90,275.16753307664095,False,0.21053986599629346,0.7894601340037066,0.7894601340037066
promotion,Random Forest,0,2689,2690,2725,cat__department_Finance,0.5,0.3450255768345938,87,256.4608925752404,False,0.2216347514816133,0.7783652485183866,0.7783652485183867
promotion,Random Forest,0,2690,2691,2724,cat__region_region_8,0.5,0.3374845546138717,85,254.27471387559936,False,0.21494259754732875,0.7850574024526713,0.7850574024526713
promotion,Random Forest,0,2691,2692,2723,cat__region_region_11,0.5,0.32962890961618885,83,252.08853517595836,False,0.20813437134204116,0.7918656286579588,0.7918656286579588
promotion,Random Forest,0,2692,2693,2722,cat__region_region_28,0.5,0.3107343587141559,78,247.1696331017661,False,0.19237552008508485,0.8076244799149151,0.8076244799149151
promotion,Random Forest,0,2693,2694,2717,cat__region_region_22,0.5,0.30176219790982683,75,244.9834544021251,False,0.1851684560831197,0.8148315439168804,0.8148315439168804
promotion,Random Forest,0,2694,2695,2716,cat__department_R&D,0.5,0.323204626803543,63,191.4554485656552,False,0.20268251548516616,0.7973174845148339,0.7973174845148339
promotion,Random Forest,0,2695,2696,2701,cat__recruitment_channel_other,0.5,0.30920764154620584,61,188.72272519110393,False,0.19113728093715,0.80886271906285,0.80886271906285
promotion,Random Forest,0,2696,2697,2700,cat__department_Operations,0.5,0.3772972261005305,26,62.81926530994415,False,0.2523078787087995,0.7476921212912006,0.7476921212912006
promotion,Random Forest,0,2697,2698,2699,cat__region_region_31,0.5,0.3954171736469342,24,56.401536917840545,False,0.27132684202877483,0.7286731579712252,0.7286731579712252
promotion,Random Forest,0,2698,-1,-1,leaf,,0.3668140412093166,22,54.21535821819954,True,0.24194384449244058,0.7580561555075594,0.7580561555075594
promotion,Random Forest,0,2699,-1,-1,leaf,,0.0,2,2.186178699641005,True,1.0,0.0,0.0
promotion,Random Forest,0,2700,-1,-1,leaf,,0.15581837355884398,2,6.4177283921036095,True,0.08516170232176253,0.9148382976782374,0.9148382976782374
promotion,Random Forest,0,2701,2702,2715,cat__department_Technology,0.5,0.26963746321317683,35,125.90345988115978,False,0.16061634041484624,0.8393836595851537,0.8393836595851537
promotion,Random Forest,0,2702,2703,2714,cat__department_Operations,0.5,0.24906175466851055,31,123.71728118151876,False,0.14578379107422995,0.8542162089257701,0.8542162089257701
promotion,Random Forest,0,2703,2704,2705,num__age,29.0,0.28932835190671413,28,99.68600163783506,False,0.17544519099750974,0.8245548090024903,0.8245548090024903
promotion,Random Forest,0,2704,-1,-1,leaf,,0.0,3,3.279268049461508,True,1.0,0.0,0.0
promotion,Random Forest,0,2705,2706,2711,cat__department_Analytics,0.5,0.2513436859675068,25,96.40673358837356,False,0.14739801898422836,0.8526019810157717,0.8526019810157717
promotion,Random Forest,0,2706,2707,2708,num__length_of_service,6.5,0.24906175466851044,10,41.239093727172914,False,0.14578379107422995,0.8542162089257701,0.8542162089257701
promotion,Random Forest,0,2707,-1,-1,leaf,,0.0,3,2.186178699641005,True,1.0,0.0,0.0
promotion,Random Forest,0,2708,2709,2710,num__length_of_service,8.0,0.17673546651351701,7,39.05291502753191,False,0.09796484389640568,0.9020351561035943,0.9020351561035943
promotion,Random Forest,0,2709,-1,-1,leaf,,0.1558183735588441,4,25.670913568414438,True,0.08516170232176253,0.9148382976782374,0.9148382976782374
promotion,Random Forest,0,2710,-1,-1,leaf,,0.2150257334649187,3,13.38200145911747,True,0.12252532102465383,0.8774746789753463,0.8774746789753463
promotion,Random Forest,0,2711,2712,2713,num__age,35.0,0.25304267487099086,15,55.16763986120064,False,0.14860469188604053,0.8513953081139595,0.8513953081139595
promotion,Random Forest,0,2712,-1,-1,leaf,,0.17162230990133354,12,51.88837181173913,True,0.09479777265008378,0.9052022273499163,0.9052022273499163
promotion,Random Forest,0,2713,-1,-1,leaf,,0.0,3,3.279268049461508,True,1.0,0.0,0.0
promotion,Random Forest,0,2714,-1,-1,leaf,,0.04445161392177499,3,24.031279543683684,True,0.022743053440693863,0.9772569465593062,0.9772569465593062
promotion,Random Forest,0,2715,-1,-1,leaf,,0.0,4,2.186178699641005,True,1.0,0.0,0.0
promotion,Random Forest,0,2716,-1,-1,leaf,,0.0,2,2.7327233745512567,True,1.0,0.0,0.0
promotion,Random Forest,0,2717,2718,2721,num__length_of_service,6.5,0.2150257334649186,12,53.52800583646988,False,0.12252532102465381,0.8774746789753463,0.8774746789753463
promotion,Random Forest,0,2718,2719,2720,cat__recruitment_channel_other,0.5,0.1558183735588441,9,51.341827136828876,False,0.08516170232176253,0.9148382976782374,0.9148382976782374
promotion,Random Forest,0,2719,-1,-1,leaf,,0.02590342383104105,4,41.64483069526376,True,0.013123949978560232,0.9868760500214397,0.9868760500214397
promotion,Random Forest,0,2720,-1,-1,leaf,,0.4777546257315769,5,9.696996441565117,True,0.39453584905660377,0.6054641509433962,0.6054641509433962
promotion,Random Forest,0,2721,-1,-1,leaf,,0.0,3,2.186178699641005,True,1.0,0.0,0.0
promotion,Random Forest,0,2722,-1,-1,leaf,,0.0,3,2.186178699641005,True,1.0,0.0,0.0
promotion,Random Forest,0,2723,-1,-1,leaf,,0.0,5,4.918902074192261,True,1.0,0.0,0.0
promotion,Random Forest,0,2724,-1,-1,leaf,,0.0,2,2.186178699641005,True,1.0,0.0,0.0
promotion,Random Forest,0,2725,-1,-1,leaf,,0.0,2,2.186178699641005,True,1.0,0.0,0.0
promotion,Random Forest,0,2726,-1,-1,leaf,,0.11003756798143183,3,18.706640501400578,True,0.058433225877124344,0.9415667741228757,0.9415667741228757
promotion,Random Forest,0,2727,2728,2743,cat__region_region_6,0.5,0.484833713071399,49,90.00569134863733,False,0.4129187536590125,0.5870812463409875,0.5870812463409875
promotion,Random Forest,0,2728,2729,2742,cat__region_region_5,0.5,0.4808019747001152,47,88.36605732390656,False,0.4020254489678956,0.5979745510321044,0.5979745510321044
promotion,Random Forest,0,2729,2730,2741,cat__recruitment_channel_referred,0.5,0.47070800299334814,44,85.08678927444505,False,0.37897934679020284,0.6210206532097972,0.6210206532097972
promotion,Random Forest,0,2730,2731,2740,cat__region_region_7,0.5,0.46224377757654045,42,82.90061057480405,False,0.3626023609674104,0.6373976390325895,0.6373976390325896
promotion,Random Forest,0,2731,2732,2733,num__length_of_service,6.5,0.48796832116244615,40,71.15824314041733,False,0.4224381574562793,0.5775618425437208,0.5775618425437208
promotion,Random Forest,0,2732,-1,-1,leaf,,0.0,16,12.023982848025527,True,1.0,0.0,0.0
promotion,Random Forest,0,2733,2734,2737,cat__recruitment_channel_sourcing,0.5,0.42395032821259315,24,59.13426029239181,False,0.30500042078582984,0.6949995792141701,0.6949995792141701
promotion,Random Forest,0,2734,2735,2736,num__previous_year_rating,2.0,0.48420454778537725,12,19.940537558040486,False,0.4111308483932058,0.5888691516067942,0.5888691516067942
promotion,Random Forest,0,2735,-1,-1,leaf,,0.0,2,1.639634024730754,True,1.0,0.0,0.0
promotion,Random Forest,0,2736,-1,-1,leaf,,0.4598831646567927,10,18.300903533309732,True,0.3583722567022842,0.6416277432977158,0.6416277432977158
promotion,Random Forest,0,2737,2738,2739,cat__department_Technology,0.5,0.37600256760504025,12,39.19372273435132,False,0.251004585991067,0.7489954140089329,0.748995414008933
promotion,Random Forest,0,2738,-1,-1,leaf,,0.29853415829880403,10,35.914454684889805,True,0.18261549998369797,0.817384500016302,0.817384500016302
promotion,Random Forest,0,2739,-1,-1,leaf,,0.0,2,3.279268049461508,True,1.0,0.0,0.0
promotion,Random Forest,0,2740,-1,-1,leaf,,0.0,2,11.742367434386717,True,0.0,1.0,1.0
promotion,Random Forest,0,2741,-1,-1,leaf,,0.0,2,2.186178699641005,True,1.0,0.0,0.0
promotion,Random Forest,0,2742,-1,-1,leaf,,0.0,3,3.279268049461508,True,1.0,0.0,0.0
promotion,Random Forest,0,2743,-1,-1,leaf,,0.0,2,1.639634024730754,True,1.0,0.0,0.0
promotion,Random Forest,0,2744,-1,-1,leaf,,0.0,4,3.825812724371759,True,1.0,0.0,0.0
promotion,Random Forest,0,2745,2746,2763,cat__recruitment_channel_sourcing,0.5,0.3652285193927496,125,347.8246025349695,False,0.2404123648868724,0.7595876351131281,0.7595876351131278
promotion,Random Forest,0,2746,2747,2762,num__length_of_service,7.5,0.33711178945562137,77,231.74226064982702,False,0.21461586366409682,0.7853841363359032,0.7853841363359032
promotion,Random Forest,0,2747,2748,2761,cat__region_region_8,0.5,0.4936827231391001,41,73.89096651496858,False,0.44379823463226786,0.5562017653677322,0.5562017653677322
promotion,Random Forest,0,2748,2749,2756,cat__department_Procurement,0.5,0.4865414185901369,38,70.61169846550708,False,0.41796774594751457,0.5820322540524855,0.5820322540524855
promotion,Random Forest,0,2749,2750,2753,num__avg_training_score,62.0,0.49282350417453546,26,40.02188282290038,False,0.5599019858830413,0.44009801411695865,0.44009801411695865
promotion,Random Forest,0,2750,2751,2752,num__age,32.5,0.4161382718544955,6,16.66126950857898,False,0.29522972854256346,0.7047702714574365,0.7047702714574365
promotion,Random Forest,0,2751,-1,-1,leaf,,0.21502573346491882,3,13.38200145911747,True,0.12252532102465383,0.8774746789753463,0.8774746789753463
promotion,Random Forest,0,2752,-1,-1,leaf,,7.771561172376096e-16,3,3.279268049461508,True,1.0,0.0,0.0
promotion,Random Forest,0,2753,2754,2755,num__avg_training_score,86.5,0.37632479192969903,20,23.360613314321398,False,0.748671679197995,0.251328320802005,0.251328320802005
promotion,Random Forest,0,2754,-1,-1,leaf,,0.0,18,15.303250897487034,True,1.0,0.0,0.0
promotion,Random Forest,0,2755,-1,-1,leaf,,0.3954171736469341,2,8.057362416834364,True,0.2713268420287749,0.7286731579712251,0.7286731579712251
promotion,Random Forest,0,2756,2757,2758,num__avg_training_score,67.5,0.35664074436591175,12,30.5898156426067,False,0.23226948657830518,0.7677305134216948,0.7677305134216948
promotion,Random Forest,0,2757,-1,-1,leaf,,0.1558183735588441,3,12.835456784207219,True,0.08516170232176253,0.9148382976782374,0.9148382976782374
promotion,Random Forest,0,2758,2759,2760,num__avg_training_score,70.5,0.44791337032217093,9,17.75435885839948,False,0.33862058731388806,0.6613794126861119,0.6613794126861119
promotion,Random Forest,0,2759,-1,-1,leaf,,0.0,4,4.37235739928201,True,1.0,0.0,0.0
promotion,Random Forest,0,2760,-1,-1,leaf,,0.21502573346491893,5,13.38200145911747,True,0.12252532102465383,0.8774746789753463,0.8774746789753463
promotion,Random Forest,0,2761,-1,-1,leaf,,0.0,3,3.279268049461508,True,1.0,0.0,0.0
promotion,Random Forest,0,2762,-1,-1,leaf,,0.1916275623776339,36,157.8512941348584,True,0.10733446954031835,0.8926655304596817,0.8926655304596817
promotion,Random Forest,0,2763,2764,2765,num__length_of_service,6.5,0.41339834732505987,48,116.08234188514261,False,0.29191149398040034,0.7080885060195996,0.7080885060195996
promotion,Random Forest,0,2764,-1,-1,leaf,,0.0,7,5.4654467491025125,True,1.0,0.0,0.0
promotion,Random Forest,0,2765,2766,2777,cat__region_region_23,0.5,0.3818297683102191,41,110.6168951360401,False,0.2569256989213164,0.7430743010786836,0.7430743010786836
promotion,Random Forest,0,2766,2767,2776,cat__department_Procurement,0.5,0.3545291143074619,38,106.79108241166833,False,0.23030490763406694,0.769695092365933,0.769695092365933
promotion,Random Forest,0,2767,2768,2775,cat__region_region_3,0.5,0.4385840328191011,24,52.169987225377945,False,0.32476306442290964,0.6752369355770903,0.6752369355770903
promotion,Random Forest,0,2768,2769,2774,num__avg_training_score,85.0,0.4222658373666537,22,50.530353200647184,False,0.3028526406043612,0.6971473593956389,0.6971473593956389
promotion,Random Forest,0,2769,2770,2773,num__avg_training_score,82.5,0.3954171736469342,19,48.34417450100619,False,0.27132684202877483,0.7286731579712251,0.7286731579712251
promotion,Random Forest,0,2770,2771,2772,num__avg_training_score,71.0,0.4334708659252017,16,34.41562836697846,False,0.3176142356503691,0.6823857643496308,0.6823857643496308
promotion,Random Forest,0,2771,-1,-1,leaf,,0.3707094622444591,13,31.13636031751695,True,0.24574566104435794,0.7542543389556421,0.7542543389556421
promotion,Random Forest,0,2772,-1,-1,leaf,,0.0,3,3.279268049461508,True,1.0,0.0,0.0
promotion,Random Forest,0,2773,-1,-1,leaf,,0.2646425948218277,3,13.928546134027723,True,0.1569567044976881,0.8430432955023118,0.8430432955023119
promotion,Random Forest,0,2774,-1,-1,leaf,,0.0,3,2.186178699641005,True,1.0,0.0,0.0
promotion,Random Forest,0,2775,-1,-1,leaf,,0.0,2,1.639634024730754,True,1.0,0.0,0.0
promotion,Random Forest,0,2776,-1,-1,leaf,,0.24092315859528646,14,54.62109518629039,True,0.14008553696418807,0.859914463035812,0.859914463035812
promotion,Random Forest,0,2777,-1,-1,leaf,,0.0,3,3.825812724371759,True,1.0,0.0,0.0
promotion,Random Forest,0,2778,-1,-1,leaf,,0.0,3,35.22710230316015,True,0.0,1.0,1.0
promotion,Random Forest,0,2779,2780,2813,cat__region_region_11,0.5,0.32029029193997205,73,212.89481244160703,False,0.20024200756273627,0.7997579924372638,0.7997579924372638
promotion,Random Forest,0,2780,2781,2812,cat__department_Finance,0.5,0.312770559902121,71,211.25517841687628,False,0.19403477313763334,0.8059652268623666,0.8059652268623666
promotion,Random Forest,0,2781,2782,2809,cat__recruitment_channel_referred,0.5,0.3062941761706057,66,202.65127132513166,False,0.18878799522721293,0.811212004772787,0.8112120047727871
promotion,Random Forest,0,2782,2783,2786,cat__gender_m,0.5,0.36241560502204395,61,154.04216756285402,False,0.23771733284683458,0.7622826671531655,0.7622826671531655
promotion,Random Forest,0,2783,2784,2785,cat__education_Master's & above,0.5,0.49993491023520664,15,23.219805607501993,False,0.49429518778602854,0.5057048122139715,0.5057048122139715
promotion,Random Forest,0,2784,-1,-1,leaf,,0.0,7,6.558536098923015,True,1.0,0.0,0.0
promotion,Random Forest,0,2785,-1,-1,leaf,,0.4161382718544955,8,16.66126950857898,True,0.2952297285425635,0.7047702714574365,0.7047702714574365
promotion,Random Forest,0,2786,2787,2790,cat__education_Bachelor's,0.5,0.31049005774188676,46,130.822361955352,False,0.19217704580545547,0.8078229541945446,0.8078229541945446
promotion,Random Forest,0,2787,2788,2789,cat__recruitment_channel_sourcing,0.5,0.4999297966462749,10,11.883175141206122,False,0.5059246668144753,0.4940753331855246,0.4940753331855246
promotion,Random Forest,0,2788,-1,-1,leaf,,0.0,7,4.918902074192261,True,1.0,0.0,0.0
promotion,Random Forest,0,2789,-1,-1,leaf,,0.26464259482182684,3,6.964273067013861,True,0.15695670449768812,0.8430432955023119,0.8430432955023119
promotion,Random Forest,0,2790,2791,2808,num__length_of_service,8.5,0.26992826863621977,36,118.9391868141459,False,0.1608306239032038,0.8391693760967962,0.8391693760967962
promotion,Random Forest,0,2791,2792,2807,cat__region_region_2,0.5,0.3347715259234153,29,74.56163274433086,False,0.2125730753073187,0.7874269246926813,0.7874269246926813
promotion,Random Forest,0,2792,2793,2804,cat__region_region_15,0.5,0.2985341582988038,24,71.82890936977961,False,0.18261549998369794,0.817384500016302,0.817384500016302
promotion,Random Forest,0,2793,2794,2795,num__previous_year_rating,1.5,0.33190623757989557,20,52.02917951855853,False,0.21009159858663606,0.7899084014133639,0.7899084014133639
promotion,Random Forest,0,2794,-1,-1,leaf,,0.0,3,2.186178699641005,True,1.0,0.0,0.0
promotion,Random Forest,0,2795,2796,2799,cat__recruitment_channel_sourcing,0.5,0.28932835190671413,17,49.84300081891753,False,0.17544519099750974,0.8245548090024901,0.8245548090024902
promotion,Random Forest,0,2796,2797,2798,cat__department_Operations,0.5,0.4984710044908859,10,12.429719816116373,False,0.5276495525200188,0.4723504474799812,0.4723504474799812
promotion,Random Forest,0,2797,-1,-1,leaf,,0.0,7,5.4654467491025125,True,1.0,0.0,0.0
promotion,Random Forest,0,2798,-1,-1,leaf,,0.26464259482182684,3,6.964273067013861,True,0.15695670449768812,0.8430432955023119,0.8430432955023119
promotion,Random Forest,0,2799,2800,2803,num__avg_training_score,84.5,0.11003756798143471,7,37.413281002801156,False,0.058433225877124344,0.9415667741228757,0.9415667741228757
promotion,Random Forest,0,2800,2801,2802,cat__department_Technology,0.5,0.26464259482182684,5,13.928546134027721,False,0.15695670449768812,0.8430432955023119,0.8430432955023119
promotion,Random Forest,0,2801,-1,-1,leaf,,0.08499325318400885,2,12.288912109296968,True,0.04447461826151171,0.9555253817384883,0.9555253817384883
promotion,Random Forest,0,2802,-1,-1,leaf,,-4.440892098500626e-16,3,1.639634024730754,True,1.0,0.0,0.0
promotion,Random Forest,0,2803,-1,-1,leaf,,0.0,2,23.484734868773433,True,0.0,1.0,1.0
promotion,Random Forest,0,2804,2805,2806,num__age,32.5,0.19644638876922693,4,19.79972985122108,False,0.11041457212135548,0.8895854278786446,0.8895854278786446
promotion,Random Forest,0,2805,-1,-1,leaf,,0.0,2,17.613551151580076,True,0.0,1.0,1.0
promotion,Random Forest,0,2806,-1,-1,leaf,,-4.440892098500626e-16,2,2.186178699641005,True,1.0,0.0,0.0
promotion,Random Forest,0,2807,-1,-1,leaf,,0.0,5,2.7327233745512562,True,1.0,0.0,0.0
promotion,Random Forest,0,2808,-1,-1,leaf,,0.13686862362038077,7,44.37755406981502,True,0.07389474517461113,0.9261052548253889,0.9261052548253889
promotion,Random Forest,0,2809,2810,2811,num__avg_training_score,69.5,0.06518645254308875,5,48.60910376227763,False,0.033731007112358394,0.9662689928876416,0.9662689928876416
promotion,Random Forest,0,2810,-1,-1,leaf,,0.34129359726386665,2,7.510817741924113,True,0.218302997232724,0.7816970027672759,0.7816970027672759
promotion,Random Forest,0,2811,-1,-1,leaf,,0.0,3,41.09828602035351,True,0.0,1.0,1.0
promotion,Random Forest,0,2812,-1,-1,leaf,,0.4334708659252017,5,8.603907091744615,True,0.3176142356503691,0.6823857643496308,0.6823857643496308
promotion,Random Forest,0,2813,-1,-1,leaf,,0.0,2,1.639634024730754,True,1.0,0.0,0.0
promotion,Random Forest,0,2814,2815,2872,num__length_of_service,7.5,0.47775462573161254,345,669.0927544679929,False,0.3945358490566039,0.605464150943396,0.6054641509433961
promotion,Random Forest,0,2815,2816,2837,cat__education_Bachelor's,0.5,0.49948044286474913,201,318.5187424061048,False,0.4838823522924246,0.5161176477075757,0.5161176477075755
promotion,Random Forest,0,2816,2817,2828,cat__recruitment_channel_sourcing,0.5,0.47948332013066963,57,73.62603725369715,False,0.601283463283328,0.3987165367166719,0.3987165367166719
promotion,Random Forest,0,2817,2818,2827,cat__department_Analytics,0.5,0.4271913224259861,33,37.97651183007878,False,0.690799210656142,0.3092007893438579,0.3092007893438579
promotion,Random Forest,0,2818,2819,2822,cat__gender_m,0.5,0.4512279451691237,29,34.15069910570702,False,0.6561602619600716,0.34383973803992834,0.34383973803992834
promotion,Random Forest,0,2819,2820,2821,cat__region_region_17,0.5,4.440892098500626e-16,15,13.66361687275628,False,1.0,0.0,0.0
promotion,Random Forest,0,2820,-1,-1,leaf,,0.0,13,12.570527522935778,True,1.0,0.0,0.0
promotion,Random Forest,0,2821,-1,-1,leaf,,0.0,2,1.0930893498205025,True,1.0,0.0,0.0
promotion,Random Forest,0,2822,2823,2826,num__avg_training_score,76.5,0.489295351903807,14,20.487082232950737,False,0.42684042066758116,0.5731595793324189,0.5731595793324189
promotion,Random Forest,0,2823,2824,2825,cat__department_Procurement,0.5,0.3954171736469343,8,16.114724833668728,False,0.2713268420287749,0.7286731579712251,0.7286731579712251
promotion,Random Forest,0,2824,-1,-1,leaf,,0.43347086592520223,5,8.603907091744615,True,0.3176142356503691,0.6823857643496308,0.6823857643496308
promotion,Random Forest,0,2825,-1,-1,leaf,,0.34129359726386643,3,7.510817741924112,True,0.21830299723272403,0.781697002767276,0.781697002767276
promotion,Random Forest,0,2826,-1,-1,leaf,,0.0,6,4.37235739928201,True,1.0,0.0,0.0
promotion,Random Forest,0,2827,-1,-1,leaf,,0.0,4,3.825812724371759,True,1.0,0.0,0.0
promotion,Random Forest,0,2828,2829,2836,cat__region_region_22,0.5,0.4999297966462751,24,35.649525423618364,False,0.5059246668144755,0.49407533318552466,0.49407533318552466
promotion,Random Forest,0,2829,2830,2835,num__no_of_trainings,1.5,0.49753695932140596,21,32.91680204906711,False,0.46490697591690083,0.5350930240830992,0.5350930240830992
promotion,Random Forest,0,2830,2831,2834,cat__region_region_15,0.5,0.4935301718714217,19,26.4990736569635,False,0.5568763049458136,0.44312369505418636,0.44312369505418636
promotion,Random Forest,0,2831,2832,2833,cat__region_region_7,0.5,0.4137795993733372,17,20.08134526485989,False,0.7076299600571445,0.2923700399428555,0.2923700399428555
promotion,Random Forest,0,2832,-1,-1,leaf,,1.1102230246251565e-16,15,13.11707219784603,True,1.0,0.0,0.0
promotion,Random Forest,0,2833,-1,-1,leaf,,0.2646425948218267,2,6.964273067013861,True,0.15695670449768812,0.8430432955023119,0.8430432955023119
promotion,Random Forest,0,2834,-1,-1,leaf,,0.15581837355884387,2,6.4177283921036095,True,0.08516170232176253,0.9148382976782374,0.9148382976782374
promotion,Random Forest,0,2835,-1,-1,leaf,,0.15581837355884398,2,6.4177283921036095,True,0.08516170232176253,0.9148382976782374,0.9148382976782374
promotion,Random Forest,0,2836,-1,-1,leaf,,0.0,3,2.7327233745512562,True,1.0,0.0,0.0
promotion,Random Forest,0,2837,2838,2863,cat__region_region_22,0.5,0.4947132353227165,144,244.89270515240776,False,0.44858616588269745,0.5514138341173026,0.5514138341173026
promotion,Random Forest,0,2838,2839,2862,cat__region_region_4,0.5,0.49935954122161175,126,204.0593483933257,False,0.4821050457057273,0.5178949542942726,0.5178949542942727
promotion,Random Forest,0,2839,2840,2861,cat__region_region_11,0.5,0.4982906516682264,122,199.6869909940437,False,0.47076518914227733,0.5292348108577226,0.5292348108577226
promotion,Random Forest,0,2840,2841,2860,num__avg_training_score,83.5,0.4946142687729591,113,191.48882087038993,False,0.44810717184889165,0.5518928281511083,0.5518928281511083
promotion,Random Forest,0,2841,2842,2849,cat__gender_m,0.5,0.48929535190380713,105,184.38374009655664,False,0.42684042066758116,0.5731595793324189,0.5731595793324189
promotion,Random Forest,0,2842,2843,2848,cat__region_region_15,0.5,0.2381712181083795,41,42.48967693618019,False,0.8618209376830067,0.13817906231699337,0.13817906231699337
promotion,Random Forest,0,2843,2844,2847,num__avg_training_score,60.5,0.2489065904510529,38,40.303498236539184,False,0.8543257043660162,0.1456742956339839,0.1456742956339839
promotion,Random Forest,0,2844,2845,2846,cat__recruitment_channel_sourcing,0.5,0.4954790627121378,8,12.976264491026624,False,0.5475443860401109,0.45245561395988904,0.45245561395988904
promotion,Random Forest,0,2845,-1,-1,leaf,,0.49935954122161175,6,11.33663046629587,True,0.4821050457057274,0.5178949542942726,0.5178949542942726
promotion,Random Forest,0,2846,-1,-1,leaf,,0.0,2,1.639634024730754,True,1.0,0.0,0.0
promotion,Random Forest,0,2847,-1,-1,leaf,,-6.661338147750939e-16,30,27.32723374551256,True,1.0,0.0,0.0
promotion,Random Forest,0,2848,-1,-1,leaf,,0.0,3,2.186178699641005,True,1.0,0.0,0.0
promotion,Random Forest,0,2849,2850,2859,cat__department_Procurement,0.5,0.4172463341567566,64,141.89406316037648,False,0.29658703846209383,0.703412961537906,0.7034129615379061
promotion,Random Forest,0,2850,2851,2858,cat__region_region_13,0.5,0.46166323518013996,56,110.35196587476865,False,0.3615500725535397,0.6384499274464602,0.6384499274464602
promotion,Random Forest,0,2851,2852,2857,cat__department_Sales & Marketing,0.5,0.45418400911562895,53,108.16578717512763,False,0.34864612511671333,0.6513538748832867,0.6513538748832867
promotion,Random Forest,0,2852,2853,2856,num__no_of_trainings,1.5,0.49907665683566216,49,78.80986858916086,False,0.47851345578812465,0.5214865442118751,0.5214865442118752
promotion,Random Forest,0,2853,2854,2855,cat__department_Technology,0.5,0.4569361354677758,39,49.859686971284894,False,0.646737630709073,0.3532623692909272,0.35326236929092714
promotion,Random Forest,0,2854,-1,-1,leaf,,-6.661338147750939e-16,25,21.86178699641005,True,1.0,0.0,0.0
promotion,Random Forest,0,2855,-1,-1,leaf,,0.4666650468851773,14,27.997899974874848,True,0.37089741847115776,0.6291025815288424,0.6291025815288424
promotion,Random Forest,0,2856,-1,-1,leaf,,0.3062941761706054,10,28.950181617875945,True,0.18878799522721296,0.8112120047727871,0.8112120047727871
promotion,Random Forest,0,2857,-1,-1,leaf,,4.440892098500626e-16,4,29.35591858596679,True,0.0,1.0,1.0
promotion,Random Forest,0,2858,-1,-1,leaf,,0.0,3,2.186178699641005,True,1.0,0.0,0.0
promotion,Random Forest,0,2859,-1,-1,leaf,,0.12901202587558025,8,31.542097285607795,True,0.06930987118090359,0.9306901288190964,0.9306901288190964
promotion,Random Forest,0,2860,-1,-1,leaf,,0.0,8,7.105080773833267,True,1.0,0.0,0.0
promotion,Random Forest,0,2861,-1,-1,leaf,,0.0,9,8.19817012365377,True,1.0,0.0,0.0
promotion,Random Forest,0,2862,-1,-1,leaf,,0.0,4,4.372357399282011,True,1.0,0.0,0.0
promotion,Random Forest,0,2863,2864,2871,num__length_of_service,6.5,0.4041480297839446,18,40.83335675908207,False,0.2810799572720038,0.718920042727996,0.7189200427279961
promotion,Random Forest,0,2864,2865,2868,cat__department_Analytics,0.5,0.3280188819776312,14,37.007544034710314,False,0.2067585312218196,0.7932414687781802,0.7932414687781804
promotion,Random Forest,0,2865,2866,2867,num__age,32.0,0.49610550604566506,8,10.79008579138562,False,0.45587237852356277,0.5441276214764372,0.5441276214764372
promotion,Random Forest,0,2866,-1,-1,leaf,,0.0,6,4.37235739928201,True,1.0,0.0,0.0
promotion,Random Forest,0,2867,-1,-1,leaf,,0.1558183735588441,2,6.4177283921036095,True,0.08516170232176253,0.9148382976782374,0.9148382976782374
promotion,Random Forest,0,2868,2869,2870,num__age,28.5,0.1867369060271873,6,26.21745824332469,False,0.10423296374457061,0.8957670362554294,0.8957670362554294
promotion,Random Forest,0,2869,-1,-1,leaf,,0.0,2,23.484734868773433,True,0.0,1.0,1.0
promotion,Random Forest,0,2870,-1,-1,leaf,,-2.220446049250313e-16,4,2.7327233745512562,True,1.0,0.0,0.0
promotion,Random Forest,0,2871,-1,-1,leaf,,0.0,4,3.825812724371759,True,1.0,0.0,0.0
promotion,Random Forest,0,2872,2873,2938,cat__region_region_8,0.5,0.4303301843950452,144,350.57401206188814,False,0.31335887965810566,0.6866411203418947,0.6866411203418944
promotion,Random Forest,0,2873,2874,2929,cat__region_region_22,0.5,0.4270762850120716,142,348.38783336224725,False,0.3090501178477348,0.6909498821522653,0.6909498821522653
promotion,Random Forest,0,2874,2875,2928,cat__region_region_19,0.5,0.4065011170936329,124,319.7025810056427,False,0.2837838085314063,0.7162161914685939,0.7162161914685938
promotion,Random Forest,0,2875,2876,2877,num__age,31.5,0.39425268290752846,118,313.69058958162987,False,0.27005727116032663,0.7299427288396737,0.7299427288396734
promotion,Random Forest,0,2876,-1,-1,leaf,,0.18248687008467934,15,91.4878315141813,True,0.10155732538085195,0.8984426746191481,0.8984426746191481
promotion,Random Forest,0,2877,2878,2927,cat__region_region_14,0.5,0.44843710239553236,103,222.20275806744866,False,0.33943397369856365,0.6605660263014363,0.6605660263014363
promotion,Random Forest,0,2878,2879,2926,cat__region_region_15,0.5,0.44413533179618636,100,220.01657936780765,False,0.3328703075396033,0.6671296924603968,0.6671296924603968
promotion,Random Forest,0,2879,2880,2883,num__avg_training_score,61.5,0.42959193994299716,94,213.45804326888464,False,0.3123726298524083,0.6876273701475918,0.6876273701475918
promotion,Random Forest,0,2880,2881,2882,cat__region_region_13,0.5,0.4776659129740968,22,29.778341706425007,False,0.6056742329659959,0.3943257670340041,0.3943257670340041
promotion,Random Forest,0,2881,-1,-1,leaf,,0.0,18,15.303250897487034,True,1.0,0.0,0.0
promotion,Random Forest,0,2882,-1,-1,leaf,,0.3062941761706054,4,14.475090808937972,True,0.18878799522721296,0.8112120047727871,0.8112120047727871
promotion,Random Forest,0,2883,2884,2925,cat__region_region_16,0.5,0.38938287342205413,72,183.67970156245963,False,0.26482227297430394,0.7351777270256962,0.7351777270256962
promotion,Random Forest,0,2884,2885,2924,cat__department_Analytics,0.5,0.3954171736469342,70,177.26197317035601,False,0.27132684202877483,0.7286731579712252,0.7286731579712252
promotion,Random Forest,0,2885,2886,2921,cat__region_region_7,0.5,0.3694217503766568,60,163.1926193295089,False,0.24448263305271878,0.7555173669472812,0.7555173669472812
promotion,Random Forest,0,2886,2887,2920,cat__department_Sales & Marketing,0.5,0.3536770905341178,54,152.40253353812327,False,0.2295162579138238,0.7704837420861762,0.7704837420861762
promotion,Random Forest,0,2887,2888,2911,cat__department_Procurement,0.5,0.3954171736469342,51,128.91779866934985,False,0.27132684202877483,0.728673157971225,0.7286731579712251
promotion,Random Forest,0,2888,2889,2898,cat__recruitment_channel_other,0.5,0.4373348748370096,34,69.37780140886717,False,0.3229899364965505,0.6770100635034495,0.6770100635034495
promotion,Random Forest,0,2889,2890,2897,cat__region_region_4,0.5,0.34129359726386643,15,37.55408870962056,False,0.21830299723272403,0.781697002767276,0.781697002767276
promotion,Random Forest,0,2890,2891,2892,num__length_of_service,9.5,0.313788883328058,13,36.460999359800056,False,0.19486796573291262,0.8051320342670875,0.8051320342670875
promotion,Random Forest,0,2891,-1,-1,leaf,,0.49935954122161175,7,11.33663046629587,True,0.4821050457057274,0.5178949542942726,0.5178949542942726
promotion,Random Forest,0,2892,2893,2896,num__no_of_trainings,1.5,0.12200349063157234,6,25.124368893504187,False,0.06526070492280804,0.934739295077192,0.934739295077192
promotion,Random Forest,0,2893,2894,2895,cat__gender_f,0.5,0.2150257334649186,4,13.38200145911747,False,0.12252532102465383,0.8774746789753463,0.8774746789753463
promotion,Random Forest,0,2894,-1,-1,leaf,,0.26464259482182684,2,6.964273067013861,True,0.15695670449768812,0.8430432955023119,0.8430432955023119
promotion,Random Forest,0,2895,-1,-1,leaf,,0.1558183735588441,2,6.4177283921036095,True,0.08516170232176253,0.9148382976782374,0.9148382976782374
promotion,Random Forest,0,2896,-1,-1,leaf,,0.0,2,11.742367434386717,True,0.0,1.0,1.0
promotion,Random Forest,0,2897,-1,-1,leaf,,0.0,2,1.0930893498205025,True,1.0,0.0,0.0
promotion,Random Forest,0,2898,2899,2900,num__length_of_service,8.5,0.4942813745844309,19,31.823712699246606,False,0.4465274583754944,0.5534725416245057,0.5534725416245057
promotion,Random Forest,0,2899,-1,-1,leaf,,0.0,7,6.558536098923015,True,1.0,0.0,0.0
promotion,Random Forest,0,2900,2901,2910,num__length_of_service,10.5,0.4222658373666536,12,25.265176600323592,False,0.3028526406043612,0.6971473593956389,0.6971473593956389
promotion,Random Forest,0,2901,2902,2909,cat__department_Operations,0.5,0.3954171736469342,10,24.17208725050309,False,0.2713268420287749,0.7286731579712251,0.7286731579712251
promotion,Random Forest,0,2902,2903,2904,cat__region_region_2,0.5,0.34129359726386654,8,22.532453225772336,False,0.218302997232724,0.781697002767276,0.781697002767276
promotion,Random Forest,0,2903,-1,-1,leaf,,0.21502573346491882,2,13.38200145911747,True,0.12252532102465383,0.8774746789753463,0.8774746789753463
promotion,Random Forest,0,2904,2905,2908,num__age,38.5,0.45988316465679246,6,9.150451766654866,False,0.3583722567022842,0.6416277432977158,0.6416277432977158
promotion,Random Forest,0,2905,2906,2907,cat__department_R&D,0.5,3.3306690738754696e-16,4,2.7327233745512562,False,1.0,0.0,0.0
promotion,Random Forest,0,2906,-1,-1,leaf,,0.0,2,1.0930893498205025,True,1.0,0.0,0.0
promotion,Random Forest,0,2907,-1,-1,leaf,,0.0,2,1.639634024730754,True,1.0,0.0,0.0
promotion,Random Forest,0,2908,-1,-1,leaf,,0.1558183735588441,2,6.4177283921036095,True,0.08516170232176253,0.9148382976782374,0.9148382976782374
promotion,Random Forest,0,2909,-1,-1,leaf,,0.0,2,1.639634024730754,True,1.0,0.0,0.0
promotion,Random Forest,0,2910,-1,-1,leaf,,0.0,2,1.0930893498205025,True,1.0,0.0,0.0
promotion,Random Forest,0,2911,2912,2913,num__avg_training_score,70.5,0.333105294440573,17,59.53999726048264,False,0.21112744543706885,0.7888725545629311,0.7888725545629311
promotion,Random Forest,0,2912,-1,-1,leaf,,0.0,7,6.558536098923015,True,1.0,0.0,0.0
promotion,Random Forest,0,2913,2914,2917,cat__education_Bachelor's,0.5,0.20119451765703467,10,52.98146116155963,False,0.11347349227836562,0.8865265077216344,0.8865265077216344
promotion,Random Forest,0,2914,2915,2916,cat__region_region_13,0.5,0.05838029916382992,4,36.320191652980654,False,0.03009591359716289,0.9699040864028371,0.9699040864028371
promotion,Random Forest,0,2915,-1,-1,leaf,,0.0,2,23.484734868773433,True,0.0,1.0,1.0
promotion,Random Forest,0,2916,-1,-1,leaf,,0.1558183735588441,2,12.835456784207219,True,0.08516170232176253,0.9148382976782374,0.9148382976782374
promotion,Random Forest,0,2917,2918,2919,num__avg_training_score,72.5,0.41613827185449537,6,16.66126950857898,False,0.29522972854256346,0.7047702714574365,0.7047702714574365
promotion,Random Forest,0,2918,-1,-1,leaf,,4.440892098500626e-16,4,3.279268049461508,True,1.0,0.0,0.0
promotion,Random Forest,0,2919,-1,-1,leaf,,0.21502573346491882,2,13.38200145911747,True,0.12252532102465383,0.8774746789753463,0.8774746789753463
promotion,Random Forest,0,2920,-1,-1,leaf,,0.0,3,23.484734868773433,True,0.0,1.0,1.0
promotion,Random Forest,0,2921,2922,2923,cat__gender_m,0.5,0.4961055060456645,6,10.79008579138562,False,0.45587237852356277,0.5441276214764372,0.5441276214764372
promotion,Random Forest,0,2922,-1,-1,leaf,,0.0,4,4.37235739928201,True,1.0,0.0,0.0
promotion,Random Forest,0,2923,-1,-1,leaf,,0.1558183735588441,2,6.4177283921036095,True,0.08516170232176253,0.9148382976782374,0.9148382976782374
promotion,Random Forest,0,2924,-1,-1,leaf,,0.4863224159403402,10,14.069353840847127,True,0.5826969892428373,0.4173030107571628,0.4173030107571628
promotion,Random Forest,0,2925,-1,-1,leaf,,0.15581837355884398,2,6.4177283921036095,True,0.08516170232176253,0.9148382976782374,0.9148382976782374
promotion,Random Forest,0,2926,-1,-1,leaf,,0.0,6,6.558536098923016,True,1.0,0.0,0.0
promotion,Random Forest,0,2927,-1,-1,leaf,,0.0,3,2.186178699641005,True,1.0,0.0,0.0
promotion,Random Forest,0,2928,-1,-1,leaf,,0.0,6,6.011991424012764,True,1.0,0.0,0.0
promotion,Random Forest,0,2929,2930,2937,cat__department_Procurement,0.5,0.48356590562068147,18,28.685252356604504,False,0.5906479298696793,0.40935207013032077,0.40935207013032077
promotion,Random Forest,0,2930,2931,2936,num__avg_training_score,81.5,0.4994198700990642,14,24.312894957322495,False,0.5170312932705622,0.48296870672943787,0.48296870672943787
promotion,Random Forest,0,2931,2932,2935,cat__education_Bachelor's,0.5,0.489295351903807,11,20.487082232950737,False,0.42684042066758116,0.5731595793324189,0.5731595793324189
promotion,Random Forest,0,2932,2933,2934,cat__recruitment_channel_other,0.5,4.440892098500626e-16,8,7.651625448743518,False,1.0,0.0,0.0
promotion,Random Forest,0,2933,-1,-1,leaf,,0.0,4,3.825812724371759,True,1.0,0.0,0.0
promotion,Random Forest,0,2934,-1,-1,leaf,,0.0,4,3.825812724371759,True,1.0,0.0,0.0
promotion,Random Forest,0,2935,-1,-1,leaf,,0.15581837355884387,3,12.835456784207219,True,0.08516170232176253,0.9148382976782374,0.9148382976782374
promotion,Random Forest,0,2936,-1,-1,leaf,,0.0,3,3.825812724371759,True,1.0,0.0,0.0
promotion,Random Forest,0,2937,-1,-1,leaf,,0.0,4,4.37235739928201,True,1.0,0.0,0.0
promotion,Random Forest,0,2938,-1,-1,leaf,,0.0,2,2.186178699641005,True,1.0,0.0,0.0
promotion,Random Forest,0,2939,2940,2949,cat__gender_f,0.5,0.04914200405423097,29,216.82806056806348,False,0.02520636275020723,0.9747936372497927,0.9747936372497927
promotion,Random Forest,0,2940,2941,2944,cat__education_Bachelor's,0.5,0.07067836500561053,21,134.08494385244617,False,0.03668496948923116,0.9633150305107688,0.9633150305107688
promotion,Random Forest,0,2941,2942,2943,cat__region_region_7,0.5,0.02026513891036741,10,53.387198129650486,False,0.010237373266582953,0.9897626267334171,0.9897626267334171
promotion,Random Forest,0,2942,-1,-1,leaf,,0.0,7,41.09828602035351,True,0.0,1.0,1.0
promotion,Random Forest,0,2943,-1,-1,leaf,,0.08499325318400885,3,12.288912109296968,True,0.04447461826151171,0.9555253817384883,0.9555253817384883
promotion,Random Forest,0,2944,2945,2946,cat__department_Analytics,0.5,0.10249244807211477,11,80.69774572279567,False,0.054181902606071156,0.9458180973939289,0.9458180973939289
promotion,Random Forest,0,2945,-1,-1,leaf,,0.0,3,35.22710230316015,True,0.0,1.0,1.0
promotion,Random Forest,0,2946,2947,2948,num__length_of_service,7.5,0.1738229679106208,8,45.47064341963552,False,0.0961578079934075,0.9038421920065925,0.9038421920065925
promotion,Random Forest,0,2947,-1,-1,leaf,,0.09591251125736322,6,43.28446471999452,True,0.050507236575138635,0.9494927634248613,0.9494927634248613
promotion,Random Forest,0,2948,-1,-1,leaf,,-4.440892098500626e-16,2,2.186178699641005,True,1.0,0.0,0.0
promotion,Random Forest,0,2949,2950,2951,cat__education_Bachelor's,0.5,0.01312337737749747,8,82.74311671561728,False,0.006605318926874484,0.9933946810731256,0.9933946810731256
promotion,Random Forest,0,2950,-1,-1,leaf,,0.04445161392177521,3,24.031279543683684,True,0.022743053440693863,0.9772569465593062,0.9772569465593062
promotion,Random Forest,0,2951,-1,-1,leaf,,0.0,5,58.71183717193359,True,0.0,1.0,1.0
promotion,Random Forest,0,2952,2953,2960,cat__education_Bachelor's,0.5,0.445488411591898,44,52.59241034583616,False,0.6650932893975152,0.3349067106024848,0.3349067106024848
promotion,Random Forest,0,2953,2954,2957,cat__department_Operations,0.5,0.4777546257315771,12,19.393992883130235,False,0.3945358490566037,0.6054641509433962,0.6054641509433962
promotion,Random Forest,0,2954,2955,2956,num__age,37.5,0.49610550604566483,8,10.79008579138562,False,0.45587237852356277,0.5441276214764372,0.5441276214764372
promotion,Random Forest,0,2955,-1,-1,leaf,,0.0,6,4.37235739928201,True,1.0,0.0,0.0
promotion,Random Forest,0,2956,-1,-1,leaf,,0.1558183735588441,2,6.4177283921036095,True,0.08516170232176253,0.9148382976782374,0.9148382976782374
promotion,Random Forest,0,2957,2958,2959,num__age,35.5,0.4334708659252017,4,8.603907091744615,False,0.3176142356503691,0.6823857643496308,0.6823857643496308
promotion,Random Forest,0,2958,-1,-1,leaf,,0.0,2,2.186178699641005,True,1.0,0.0,0.0
promotion,Random Forest,0,2959,-1,-1,leaf,,0.15581837355884443,2,6.4177283921036095,True,0.08516170232176253,0.9148382976782374,0.9148382976782374
promotion,Random Forest,0,2960,2961,2962,num__age,34.5,0.2911498521566669,32,33.19841746270592,False,0.8231486870183236,0.17685131298167647,0.17685131298167647
promotion,Random Forest,0,2961,-1,-1,leaf,,0.0,19,16.39634024730754,True,1.0,0.0,0.0
promotion,Random Forest,0,2962,2963,2964,cat__recruitment_channel_other,0.5,0.4546585644897584,13,16.802077215398384,False,0.6505679838316258,0.3494320161683741,0.3494320161683741
promotion,Random Forest,0,2963,-1,-1,leaf,,0.0,6,5.4654467491025125,True,1.0,0.0,0.0
promotion,Random Forest,0,2964,2965,2968,cat__department_Operations,0.5,0.49935954122161186,7,11.33663046629587,False,0.4821050457057274,0.5178949542942726,0.5178949542942726
promotion,Random Forest,0,2965,2966,2967,num__length_of_service,8.5,0.4777546257315771,5,9.696996441565117,False,0.39453584905660377,0.6054641509433962,0.6054641509433962
promotion,Random Forest,0,2966,-1,-1,leaf,,0.0,2,2.186178699641005,True,1.0,0.0,0.0
promotion,Random Forest,0,2967,-1,-1,leaf,,0.34129359726386665,3,7.510817741924112,True,0.21830299723272403,0.781697002767276,0.781697002767276
promotion,Random Forest,0,2968,-1,-1,leaf,,0.0,2,1.639634024730754,True,1.0,0.0,0.0
promotion,Random Forest,0,2969,2970,3001,cat__department_HR,0.5,0.2167662928508911,48,207.69429495377597,False,0.12367985228722238,0.8763201477127776,0.8763201477127777
promotion,Random Forest,0,2970,2971,3000,cat__region_region_20,0.5,0.2061725384775852,46,206.0546609290452,False,0.11670673008620734,0.8832932699137925,0.8832932699137926
promotion,Random Forest,0,2971,2972,2981,cat__gender_m,0.5,0.19520963389096502,44,204.41502690431446,False,0.10962174361970715,0.8903782563802927,0.8903782563802929
promotion,Random Forest,0,2972,2973,2974,num__previous_year_rating,2.5,0.14488262056112322,13,76.46619603033307,False,0.07862286521521081,0.9213771347847892,0.9213771347847892
promotion,Random Forest,0,2973,-1,-1,leaf,,0.0,2,2.186178699641005,True,1.0,0.0,0.0
promotion,Random Forest,0,2974,2975,2980,num__avg_training_score,85.5,0.09770496340906143,11,74.28001733069206,False,0.051505275063943146,0.9484947249360569,0.9484947249360569
promotion,Random Forest,0,2975,2976,2979,num__avg_training_score,70.5,0.17673546651351701,8,39.05291502753191,False,0.09796484389640567,0.9020351561035943,0.9020351561035943
promotion,Random Forest,0,2976,2977,2978,num__avg_training_score,63.5,0.05838029916382992,5,36.320191652980654,False,0.03009591359716289,0.9699040864028371,0.9699040864028371
promotion,Random Forest,0,2977,-1,-1,leaf,,0.1558183735588441,3,12.835456784207219,True,0.08516170232176253,0.9148382976782374,0.9148382976782374
promotion,Random Forest,0,2978,-1,-1,leaf,,0.0,2,23.484734868773433,True,0.0,1.0,1.0
promotion,Random Forest,0,2979,-1,-1,leaf,,-2.220446049250313e-16,3,2.7327233745512562,True,1.0,0.0,0.0
promotion,Random Forest,0,2980,-1,-1,leaf,,0.0,3,35.22710230316015,True,0.0,1.0,1.0
promotion,Random Forest,0,2981,2982,2983,num__previous_year_rating,1.5,0.22345163926164968,31,127.94883087398135,False,0.12814763632702927,0.8718523636729707,0.8718523636729707
promotion,Random Forest,0,2982,-1,-1,leaf,,0.0,5,3.2792680494615074,True,1.0,0.0,0.0
promotion,Random Forest,0,2983,2984,2999,cat__region_region_13,0.5,0.18828915339208951,26,124.66956282451984,False,0.10521471240184843,0.8947852875981516,0.8947852875981516
promotion,Random Forest,0,2984,2985,2998,cat__region_region_2,0.5,0.1767354665135169,24,117.15874508259574,False,0.09796484389640565,0.9020351561035942,0.9020351561035943
promotion,Random Forest,0,2985,2986,2997,cat__education_Master's & above,0.5,0.22391289928288038,20,80.83855342961509,False,0.1284578753915515,0.8715421246084484,0.8715421246084485
promotion,Random Forest,0,2986,2987,2996,num__no_of_trainings,1.5,0.16643257545553702,16,77.55928538015358,False,0.09160838369007672,0.9083916163099232,0.9083916163099233
promotion,Random Forest,0,2987,2988,2995,cat__department_Analytics,0.5,0.2793409491579205,13,42.33218307699342,False,0.16784111419225903,0.832158885807741,0.832158885807741
promotion,Random Forest,0,2988,2989,2994,num__length_of_service,6.5,0.2150257334649186,11,40.14600437735241,False,0.12252532102465381,0.8774746789753463,0.8774746789753463
promotion,Random Forest,0,2989,2990,2993,cat__region_region_1,0.5,0.18673690602718707,7,26.217458243324693,False,0.1042329637445706,0.8957670362554293,0.8957670362554294
promotion,Random Forest,0,2990,2991,2992,cat__department_Sales & Marketing,0.5,0.39541717364693474,5,8.057362416834364,False,0.2713268420287749,0.7286731579712251,0.7286731579712251
promotion,Random Forest,0,2991,-1,-1,leaf,,0.26464259482182706,3,6.964273067013861,True,0.15695670449768812,0.8430432955023119,0.8430432955023119
promotion,Random Forest,0,2992,-1,-1,leaf,,0.0,2,1.0930893498205025,True,1.0,0.0,0.0
promotion,Random Forest,0,2993,-1,-1,leaf,,0.05838029916382992,2,18.160095826490327,True,0.03009591359716289,0.9699040864028371,0.9699040864028371
promotion,Random Forest,0,2994,-1,-1,leaf,,0.2646425948218273,4,13.928546134027723,True,0.1569567044976881,0.8430432955023118,0.8430432955023119
promotion,Random Forest,0,2995,-1,-1,leaf,,0.0,2,2.186178699641005,True,1.0,0.0,0.0
promotion,Random Forest,0,2996,-1,-1,leaf,,0.0,3,35.22710230316015,True,0.0,1.0,1.0
promotion,Random Forest,0,2997,-1,-1,leaf,,0.0,4,3.279268049461508,True,1.0,0.0,0.0
promotion,Random Forest,0,2998,-1,-1,leaf,,0.058380299163830696,4,36.320191652980654,True,0.03009591359716289,0.9699040864028371,0.9699040864028371
promotion,Random Forest,0,2999,-1,-1,leaf,,0.34129359726386643,2,7.510817741924113,True,0.218302997232724,0.7816970027672759,0.7816970027672759
promotion,Random Forest,0,3000,-1,-1,leaf,,0.0,2,1.639634024730754,True,1.0,0.0,0.0
promotion,Random Forest,0,3001,-1,-1,leaf,,0.0,2,1.639634024730754,True,1.0,0.0,0.0
promotion,Random Forest,0,3002,3003,3038,num__no_of_trainings,1.5,0.49992979664592685,119,178.24762711809186,False,0.5059246668144753,0.4940753331855246,0.4940753331855246
promotion,Random Forest,0,3003,3004,3037,cat__department_Procurement,0.5,0.49861098140794036,104,167.31673361988683,False,0.47364645572167147,0.5263535442783285,0.5263535442783285
promotion,Random Forest,0,3004,3005,3034,cat__gender_f,0.5,0.49700916626476077,99,163.49092089551505,False,0.4613293797874969,0.5386706202125032,0.5386706202125032
promotion,Random Forest,0,3005,3006,3025,num__age,31.5,0.4865414185901369,79,141.22339693101415,False,0.41796774594751457,0.5820322540524855,0.5820322540524855
promotion,Random Forest,0,3006,3007,3024,cat__department_Operations,0.5,0.443393068207407,46,105.43306380057639,False,0.33176366059529094,0.668236339404709,0.6682363394047091
promotion,Random Forest,0,3007,3008,3023,cat__department_Finance,0.5,0.4553681655988622,42,90.41142831672815,False,0.3506148695466349,0.6493851304533652,0.6493851304533652
promotion,Random Forest,0,3008,3009,3022,num__length_of_service,3.5,0.44245483966348387,38,87.67870494217689,False,0.3303751782071443,0.6696248217928558,0.6696248217928558
promotion,Random Forest,0,3009,3010,3021,cat__department_Technology,0.5,0.3954171736469342,28,80.57362416834364,False,0.27132684202877483,0.7286731579712251,0.7286731579712251
promotion,Random Forest,0,3010,3011,3020,num__age,28.5,0.38111403543079103,25,78.93399014361289,False,0.2561906845819781,0.7438093154180219,0.7438093154180219
promotion,Random Forest,0,3011,3012,3013,num__age,26.5,0.49428137458443133,17,31.823712699246606,False,0.4465274583754944,0.5534725416245057,0.5534725416245057
promotion,Random Forest,0,3012,-1,-1,leaf,,0.0,3,2.186178699641005,True,1.0,0.0,0.0
promotion,Random Forest,0,3013,3014,3017,cat__recruitment_channel_other,0.5,0.4822154693197751,14,29.6375339996056,False,0.405701191205231,0.594298808794769,0.594298808794769
promotion,Random Forest,0,3014,3015,3016,num__age,27.5,0.3707094622444589,6,15.568180158758475,False,0.24574566104435797,0.7542543389556421,0.7542543389556421
promotion,Random Forest,0,3015,-1,-1,leaf,,0.21502573346491882,3,13.38200145911747,True,0.12252532102465383,0.8774746789753463,0.8774746789753463
promotion,Random Forest,0,3016,-1,-1,leaf,,-4.440892098500626e-16,3,2.186178699641005,True,1.0,0.0,0.0
promotion,Random Forest,0,3017,3018,3019,cat__department_Analytics,0.5,0.4863224159403402,8,14.069353840847127,False,0.5826969892428373,0.4173030107571628,0.4173030107571628
promotion,Random Forest,0,3018,-1,-1,leaf,,0.489295351903807,4,10.243541116475368,True,0.42684042066758116,0.5731595793324189,0.5731595793324189
promotion,Random Forest,0,3019,-1,-1,leaf,,-4.440892098500626e-16,4,3.825812724371759,True,1.0,0.0,0.0
promotion,Random Forest,0,3020,-1,-1,leaf,,0.2226592462197372,8,47.110277444366275,True,0.12761528375867617,0.8723847162413239,0.8723847162413239
promotion,Random Forest,0,3021,-1,-1,leaf,,0.0,3,1.639634024730754,True,1.0,0.0,0.0
promotion,Random Forest,0,3022,-1,-1,leaf,,0.0,10,7.105080773833266,True,1.0,0.0,0.0
promotion,Random Forest,0,3023,-1,-1,leaf,,0.0,4,2.7327233745512562,True,1.0,0.0,0.0
promotion,Random Forest,0,3024,-1,-1,leaf,,0.3412935972638672,4,15.021635483848224,True,0.21830299723272403,0.781697002767276,0.781697002767276
promotion,Random Forest,0,3025,3026,3029,num__avg_training_score,62.5,0.44089230983230965,33,35.79033313043777,False,0.6719123180107966,0.32808768198920335,0.32808768198920335
promotion,Random Forest,0,3026,3027,3028,num__previous_year_rating,2.5,4.440892098500626e-16,20,15.303250897487034,False,1.0,0.0,0.0
promotion,Random Forest,0,3027,-1,-1,leaf,,0.0,5,3.825812724371759,True,1.0,0.0,0.0
promotion,Random Forest,0,3028,-1,-1,leaf,,0.0,15,11.477438173115276,True,1.0,0.0,0.0
promotion,Random Forest,0,3029,3030,3033,num__awards_won?,0.5,0.489295351903807,13,20.487082232950737,False,0.42684042066758116,0.5731595793324189,0.5731595793324189
promotion,Random Forest,0,3030,3031,3032,cat__education_Master's & above,0.5,0.4863224159403402,11,14.069353840847127,False,0.5826969892428373,0.4173030107571628,0.4173030107571628
promotion,Random Forest,0,3031,-1,-1,leaf,,-4.440892098500626e-16,9,7.651625448743517,True,1.0,0.0,0.0
promotion,Random Forest,0,3032,-1,-1,leaf,,0.15581837355884443,2,6.4177283921036095,True,0.08516170232176253,0.9148382976782374,0.9148382976782374
promotion,Random Forest,0,3033,-1,-1,leaf,,0.15581837355884387,2,6.4177283921036095,True,0.08516170232176253,0.9148382976782374,0.9148382976782374
promotion,Random Forest,0,3034,3035,3036,cat__department_Analytics,0.5,0.388292257733612,20,22.267523964500896,False,0.7363342360581601,0.26366576394184,0.26366576394184
promotion,Random Forest,0,3035,-1,-1,leaf,,0.4340169933276202,15,18.441711240129138,True,0.6816356334428623,0.3183643665571376,0.3183643665571377
promotion,Random Forest,0,3036,-1,-1,leaf,,0.0,5,3.825812724371759,True,1.0,0.0,0.0
promotion,Random Forest,0,3037,-1,-1,leaf,,0.0,5,3.825812724371759,True,1.0,0.0,0.0
promotion,Random Forest,0,3038,-1,-1,leaf,,0.0,15,10.930893498205025,True,1.0,0.0,0.0
promotion,Random Forest,0,3039,3040,4121,cat__education_Master's & above,0.5,0.4278633454051667,4596,10697.057564542343,False,0.31008336750709986,0.6899166324929198,0.6899166324929064
promotion,Random Forest,0,3040,3041,3990,cat__department_Technology,0.5,0.439205543200747,3518,7888.052419855676,False,0.3256519905486816,0.6743480094512943,0.6743480094513106
promotion,Random Forest,0,3041,3042,3769,cat__region_region_22,0.5,0.4579813690939649,3226,6763.806803430594,False,0.35505409473519167,0.6449459052647833,0.6449459052647994
promotion,Random Forest,0,3042,3043,3574,cat__department_Sales & Marketing,0.5,0.4681100641837672,2750,5549.877801863097,False,0.3737266144108989,0.6262733855890751,0.6262733855890914
promotion,Random Forest,0,3043,3044,3473,num__no_of_trainings,1.5,0.44751741476662865,1902,4132.939801282832,False,0.33800835633682025,0.6619916436631562,0.6619916436631718
promotion,Random Forest,0,3044,3045,3242,num__avg_training_score,65.5,0.4326326472274643,1568,3581.8172658335843,False,0.31646886807333163,0.6835311319266449,0.6835311319266609
promotion,Random Forest,0,3045,3046,3233,num__awards_won?,0.5,0.497554127407254,952,1591.3431288215454,False,0.4650294939071351,0.5349705060928467,0.5349705060928565
promotion,Random Forest,0,3046,3047,3188,cat__region_region_2,0.5,0.4991443347959542,933,1522.246942826311,False,0.47931588527318025,0.5206841147268048,0.5206841147268125
promotion,Random Forest,0,3047,3048,3179,cat__region_region_31,0.5,0.4950515284037339,758,1324.3070212590717,False,0.45025830925533916,0.5497416907446518,0.5497416907446568
promotion,Random Forest,0,3048,3049,3176,cat__region_region_4,0.5,0.4932100503634851,712,1262.0176144716702,False,0.4417335875631477,0.5582664124368432,0.5582664124368483
promotion,Random Forest,0,3049,3050,3083,cat__gender_m,0.5,0.4966758888168541,669,1150.8541746607154,False,0.45923168397423003,0.540768316025764,0.5407683160257672
promotion,Random Forest,0,3050,3051,3078,cat__recruitment_channel_other,0.5,0.4978502218637907,269,402.12339151500584,False,0.5327855008823171,0.4672144991176833,0.4672144991176831
promotion,Random Forest,0,3051,3052,3077,cat__department_Procurement,0.5,0.4305963009779583,120,149.7198686206741,False,0.6862843243835102,0.3137156756164898,0.3137156756164898
promotion,Random Forest,0,3052,3053,3076,cat__department_Finance,0.5,0.41189579146727584,116,141.66250620383974,False,0.7098859315589353,0.2901140684410647,0.2901140684410647
promotion,Random Forest,0,3053,3054,3073,cat__region_region_23,0.5,0.36826905093264684,104,120.62887929597875,False,0.7566426981888955,0.24335730181110446,0.24335730181110446
promotion,Random Forest,0,3054,3055,3072,cat__region_region_17,0.5,0.27565040908230054,100,106.70033316195104,False,0.8349250594668151,0.16507494053318483,0.16507494053318486
promotion,Random Forest,0,3055,3056,3061,cat__department_Operations,0.5,0.29240933218527265,92,99.04870771320752,False,0.8221728323545666,0.1778271676454333,0.17782716764543333
promotion,Random Forest,0,3056,3057,3060,num__avg_training_score,48.5,0.44089230983230954,13,17.895166565218886,False,0.6719123180107966,0.32808768198920335,0.32808768198920335
promotion,Random Forest,0,3057,3058,3059,num__avg_training_score,47.5,0.489295351903807,6,10.243541116475368,False,0.42684042066758116,0.5731595793324189,0.5731595793324189
promotion,Random Forest,0,3058,-1,-1,leaf,,0.0,3,3.279268049461508,True,1.0,0.0,0.0
promotion,Random Forest,0,3059,-1,-1,leaf,,0.26464259482182684,3,6.964273067013861,True,0.15695670449768812,0.8430432955023119,0.8430432955023119
promotion,Random Forest,0,3060,-1,-1,leaf,,2.220446049250313e-16,7,7.651625448743518,True,1.0,0.0,0.0
promotion,Random Forest,0,3061,3062,3071,cat__region_region_32,0.5,0.24751418857271457,79,81.15354114798862,False,0.8553067769036257,0.1446932230963744,0.1446932230963744
promotion,Random Forest,0,3062,3063,3064,num__age,33.5,0.278509944445267,71,70.2226476497836,False,0.832783755278659,0.16721624472134103,0.16721624472134103
promotion,Random Forest,0,3063,-1,-1,leaf,,-4.440892098500626e-16,42,35.52540386916633,True,1.0,0.0,0.0
promotion,Random Forest,0,3064,3065,3066,num__length_of_service,4.0,0.4477861578444994,29,34.69724378061727,False,0.6615763629920861,0.3384236370079139,0.3384236370079139
promotion,Random Forest,0,3065,-1,-1,leaf,,0.4334708659252019,3,8.603907091744615,True,0.31761423565036917,0.6823857643496308,0.6823857643496308
promotion,Random Forest,0,3066,3067,3070,num__age,34.5,0.34875771292124536,26,26.093336688872654,False,0.7749929881640208,0.22500701183597915,0.22500701183597915
promotion,Random Forest,0,3067,3068,3069,num__length_of_service,6.5,0.49847100449088555,9,12.429719816116375,False,0.5276495525200188,0.4723504474799811,0.4723504474799812
promotion,Random Forest,0,3068,-1,-1,leaf,,0.0,3,2.7327233745512562,True,1.0,0.0,0.0
promotion,Random Forest,0,3069,-1,-1,leaf,,0.47775462573157723,6,9.696996441565117,True,0.39453584905660377,0.6054641509433962,0.6054641509433962
promotion,Random Forest,0,3070,-1,-1,leaf,,-2.220446049250313e-16,17,13.66361687275628,True,1.0,0.0,0.0
promotion,Random Forest,0,3071,-1,-1,leaf,,0.0,8,10.930893498205025,True,1.0,0.0,0.0
promotion,Random Forest,0,3072,-1,-1,leaf,,0.0,8,7.651625448743518,True,1.0,0.0,0.0
promotion,Random Forest,0,3073,3074,3075,num__age,33.0,0.2646425948218277,4,13.928546134027721,False,0.15695670449768812,0.8430432955023119,0.8430432955023119
promotion,Random Forest,0,3074,-1,-1,leaf,,0.1558183735588441,2,12.835456784207219,True,0.08516170232176253,0.9148382976782374,0.9148382976782374
promotion,Random Forest,0,3075,-1,-1,leaf,,-4.440892098500626e-16,2,1.0930893498205025,True,1.0,0.0,0.0
promotion,Random Forest,0,3076,-1,-1,leaf,,0.4932100503634784,12,21.033626907860988,True,0.4417335875631515,0.5582664124368485,0.5582664124368485
promotion,Random Forest,0,3077,-1,-1,leaf,,0.3954171736469341,4,8.057362416834364,True,0.2713268420287749,0.7286731579712251,0.7286731579712251
promotion,Random Forest,0,3078,3079,3080,num__length_of_service,2.5,0.4932100503634773,149,252.4035228943319,False,0.4417335875631514,0.5582664124368485,0.5582664124368486
promotion,Random Forest,0,3079,-1,-1,leaf,,0.4207680787249052,26,67.19162270922617,True,0.30096241400793805,0.6990375859920619,0.6990375859920619
promotion,Random Forest,0,3080,3081,3082,cat__region_region_13,0.5,0.49989640337638863,123,185.2119001851057,False,0.4928028955957546,0.5071971044042455,0.5071971044042455
promotion,Random Forest,0,3081,-1,-1,leaf,,0.49897674772155975,115,179.7464534360032,True,0.4773808457448107,0.5226191542551892,0.5226191542551892
promotion,Random Forest,0,3082,-1,-1,leaf,,0.0,8,5.4654467491025125,True,1.0,0.0,0.0
promotion,Random Forest,0,3083,3084,3091,num__age,26.5,0.4871127751194091,400,748.7307831457025,False,0.41972788503907293,0.5802721149609276,0.5802721149609273
promotion,Random Forest,0,3084,3085,3086,num__KPIs_met >80%,0.5,0.3201363728072716,37,117.44036049623453,False,0.20011366553915103,0.799886334460849,0.799886334460849
promotion,Random Forest,0,3085,-1,-1,leaf,,0.0,12,10.384348823294774,True,1.0,0.0,0.0
promotion,Random Forest,0,3086,3087,3088,cat__education_Below Secondary,0.5,0.21502573346491882,25,107.05601167293977,False,0.1225253210246538,0.8774746789753463,0.8774746789753463
promotion,Random Forest,0,3087,-1,-1,leaf,,0.1887018615214212,21,98.45210458119516,True,0.1054761487067107,0.8945238512932894,0.8945238512932894
promotion,Random Forest,0,3088,3089,3090,cat__department_Operations,0.5,0.4334708659252017,4,8.603907091744615,False,0.3176142356503691,0.6823857643496308,0.6823857643496308
promotion,Random Forest,0,3089,-1,-1,leaf,,0.1558183735588441,2,6.4177283921036095,True,0.08516170232176253,0.9148382976782374,0.9148382976782374
promotion,Random Forest,0,3090,-1,-1,leaf,,3.3306690738754696e-16,2,2.186178699641005,True,1.0,0.0,0.0
promotion,Random Forest,0,3091,3092,3175,cat__recruitment_channel_referred,0.5,0.4968926327692722,363,631.2904226494683,False,0.4605832064297017,0.5394167935702985,0.5394167935702984
promotion,Random Forest,0,3092,3093,3174,cat__region_region_16,0.5,0.49635243678046825,358,627.4646099250964,False,0.45729424383334527,0.5427057561666553,0.5427057561666551
promotion,Random Forest,0,3093,3094,3145,num__length_of_service,4.5,0.49332602894269284,341,610.5217250028787,False,0.4422333528006576,0.5577666471993425,0.5577666471993424
promotion,Random Forest,0,3094,3095,3110,cat__recruitment_channel_other,0.5,0.4604668569254984,162,339.1132600411402,False,0.3594063602532085,0.6405936397467918,0.6405936397467915
promotion,Random Forest,0,3095,3096,3109,cat__region_region_13,0.5,0.49353017187142156,58,79.4972209708905,False,0.5568763049458137,0.4431236950541864,0.4431236950541863
promotion,Random Forest,0,3096,3097,3108,cat__region_region_17,0.5,0.4976232585019724,55,75.67140824651874,False,0.5344727537196221,0.46552724628037795,0.46552724628037795
promotion,Random Forest,0,3097,3098,3099,num__KPIs_met >80%,0.5,0.4991493539024443,53,73.48522954687773,False,0.5206233617234869,0.4793766382765133,0.47937663827651317
promotion,Random Forest,0,3098,-1,-1,leaf,,0.0,21,18.035974272038292,True,1.0,0.0,0.0
promotion,Random Forest,0,3099,3100,3107,num__age,33.0,0.46338596135592225,32,55.449255274839444,False,0.3646965657418895,0.6353034342581105,0.6353034342581105
promotion,Random Forest,0,3100,3101,3106,cat__region_region_6,0.5,0.4334708659252018,27,51.623442550467686,False,0.31761423565036917,0.6823857643496309,0.6823857643496309
promotion,Random Forest,0,3101,3102,3103,cat__department_HR,0.5,0.4222658373666536,25,50.530353200647184,False,0.3028526406043612,0.6971473593956389,0.6971473593956389
promotion,Random Forest,0,3102,-1,-1,leaf,,0.46505276952980434,21,37.148351741529716,True,0.367812197101632,0.632187802898368,0.632187802898368
promotion,Random Forest,0,3103,3104,3105,cat__region_region_29,0.5,0.2150257334649187,4,13.38200145911747,False,0.12252532102465383,0.8774746789753463,0.8774746789753463
promotion,Random Forest,0,3104,-1,-1,leaf,,0.0,2,1.0930893498205025,True,1.0,0.0,0.0
promotion,Random Forest,0,3105,-1,-1,leaf,,0.08499325318400885,2,12.288912109296968,True,0.04447461826151171,0.9555253817384883,0.9555253817384883
promotion,Random Forest,0,3106,-1,-1,leaf,,0.0,2,1.0930893498205025,True,1.0,0.0,0.0
promotion,Random Forest,0,3107,-1,-1,leaf,,0.0,5,3.825812724371759,True,1.0,0.0,0.0
promotion,Random Forest,0,3108,-1,-1,leaf,,0.0,2,2.186178699641005,True,1.0,0.0,0.0
promotion,Random Forest,0,3109,-1,-1,leaf,,0.0,3,3.825812724371759,True,1.0,0.0,0.0
promotion,Random Forest,0,3110,3111,3144,cat__region_region_32,0.5,0.4191489012655252,104,259.6160390702498,False,0.2989389411963691,0.7010610588036308,0.7010610588036309
promotion,Random Forest,0,3111,3112,3143,cat__region_region_28,0.5,0.4078932717389364,98,254.69713699605757,False,0.28539952439350974,0.7146004756064903,0.7146004756064903
promotion,Random Forest,0,3112,3113,3142,cat__region_region_20,0.5,0.40112024530730817,94,251.9644136215063,False,0.2776492020559722,0.7223507979440278,0.7223507979440278
promotion,Random Forest,0,3113,3114,3141,cat__region_region_8,0.5,0.3909666733175108,90,248.13860089713455,False,0.26651196317317544,0.7334880368268246,0.7334880368268246
promotion,Random Forest,0,3114,3115,3122,num__length_of_service,2.5,0.38159927736862775,86,244.85933284767304,False,0.2566887562900431,0.7433112437099569,0.7433112437099569
promotion,Random Forest,0,3115,3116,3121,cat__region_region_7,0.5,0.494209240549897,29,39.47533814799012,False,0.5538087327954437,0.4461912672045563,0.4461912672045563
promotion,Random Forest,0,3116,3117,3120,num__age,29.5,0.49861098140794036,24,33.46334672397736,False,0.4736464557216716,0.5263535442783285,0.5263535442783285
promotion,Random Forest,0,3117,3118,3119,cat__department_Operations,0.5,0.443393068207407,14,26.358265950144094,False,0.331763660595291,0.6682363394047091,0.6682363394047091
promotion,Random Forest,0,3118,-1,-1,leaf,,0.2932086897501166,8,21.439363875951834,True,0.1784480522140448,0.8215519477859552,0.8215519477859552
promotion,Random Forest,0,3119,-1,-1,leaf,,0.0,6,4.918902074192261,True,1.0,0.0,0.0
promotion,Random Forest,0,3120,-1,-1,leaf,,0.0,10,7.105080773833266,True,1.0,0.0,0.0
promotion,Random Forest,0,3121,-1,-1,leaf,,0.0,5,6.011991424012764,True,1.0,0.0,0.0
promotion,Random Forest,0,3122,3123,3140,cat__region_region_13,0.5,0.3194974782683869,57,205.38399469968292,False,0.19958152376092686,0.8004184762390731,0.8004184762390731
promotion,Random Forest,0,3123,3124,3139,cat__region_region_27,0.5,0.2979694676872011,53,201.0116373004009,False,0.18217101114530249,0.8178289888546976,0.8178289888546976
promotion,Random Forest,0,3124,3125,3130,num__age,31.5,0.28338573902120223,50,198.27891392584965,False,0.1708995130824039,0.8291004869175962,0.8291004869175962
promotion,Random Forest,0,3125,3126,3129,num__age,29.5,0.20532621981272414,21,112.92719539013314,False,0.1161551223558689,0.8838448776441311,0.8838448776441311
promotion,Random Forest,0,3126,3127,3128,num__avg_training_score,61.5,0.3412935972638663,13,52.57572419346879,False,0.21830299723272398,0.781697002767276,0.781697002767276
promotion,Random Forest,0,3127,-1,-1,leaf,,0.23736160012851792,9,47.65682211927653,True,0.13762008894567435,0.8623799110543257,0.8623799110543257
promotion,Random Forest,0,3128,-1,-1,leaf,,0.0,4,4.918902074192261,True,1.0,0.0,0.0
promotion,Random Forest,0,3129,-1,-1,leaf,,0.05285996424424133,8,60.35147119666434,True,0.02716808707757529,0.9728319129224248,0.9728319129224248
promotion,Random Forest,0,3130,3131,3132,num__age,33.5,0.36824179174582394,29,85.35171853571649,False,0.243330749548981,0.7566692504510191,0.7566692504510191
promotion,Random Forest,0,3131,-1,-1,leaf,,0.0,10,7.105080773833266,True,1.0,0.0,0.0
promotion,Random Forest,0,3132,3133,3138,cat__region_region_7,0.5,0.28825885471086665,19,78.24663776188322,False,0.17462241527024852,0.8253775847297515,0.8253775847297515
promotion,Random Forest,0,3133,3134,3135,num__avg_training_score,59.5,0.2727658805741868,17,77.15354841206272,False,0.16292870233004625,0.8370712976699538,0.8370712976699538
promotion,Random Forest,0,3134,-1,-1,leaf,,-6.661338147750939e-16,10,10.384348823294774,True,1.0,0.0,0.0
promotion,Random Forest,0,3135,3136,3137,cat__region_region_15,0.5,0.06334052657624012,7,66.76919958876795,False,0.03274232300380561,0.9672576769961944,0.9672576769961944
promotion,Random Forest,0,3136,-1,-1,leaf,,0.04445161392177521,5,48.06255908736737,True,0.022743053440693863,0.9772569465593062,0.9772569465593062
promotion,Random Forest,0,3137,-1,-1,leaf,,0.11003756798143471,2,18.706640501400578,True,0.058433225877124344,0.9415667741228757,0.9415667741228757
promotion,Random Forest,0,3138,-1,-1,leaf,,0.0,2,1.0930893498205025,True,1.0,0.0,0.0
promotion,Random Forest,0,3139,-1,-1,leaf,,0.0,3,2.7327233745512562,True,1.0,0.0,0.0
promotion,Random Forest,0,3140,-1,-1,leaf,,0.0,4,4.37235739928201,True,1.0,0.0,0.0
promotion,Random Forest,0,3141,-1,-1,leaf,,0.0,4,3.279268049461508,True,1.0,0.0,0.0
promotion,Random Forest,0,3142,-1,-1,leaf,,0.0,4,3.825812724371759,True,1.0,0.0,0.0
promotion,Random Forest,0,3143,-1,-1,leaf,,0.0,4,2.7327233745512562,True,1.0,0.0,0.0
promotion,Random Forest,0,3144,-1,-1,leaf,,0.0,6,4.918902074192261,True,1.0,0.0,0.0
promotion,Random Forest,0,3145,3146,3147,num__avg_training_score,54.5,0.49581897277935727,179,271.4084649617386,False,0.5457221347961942,0.4542778652038058,0.4542778652038058
promotion,Random Forest,0,3146,-1,-1,leaf,,0.0,21,19.675608296769045,True,1.0,0.0,0.0
promotion,Random Forest,0,3147,3148,3173,cat__region_region_6,0.5,0.4997912882112556,158,251.73285666496957,False,0.510215473281848,0.48978452671815215,0.48978452671815204
promotion,Random Forest,0,3148,3149,3172,cat__department_HR,0.5,0.49998588177831826,155,247.90704394059782,False,0.5026568987261055,0.4973431012738945,0.4973431012738945
promotion,Random Forest,0,3149,3150,3171,cat__region_region_29,0.5,0.4996800001415199,153,240.94277087358398,False,0.5126491078436374,0.4873508921563625,0.48735089215636257
promotion,Random Forest,0,3150,3151,3170,cat__region_region_26,0.5,0.49998757613093814,147,236.0238687993917,False,0.5024923752789116,0.4975076247210885,0.4975076247210885
promotion,Random Forest,0,3151,3152,3169,cat__department_Legal,0.5,0.4992668330534139,137,226.1860646510072,False,0.4808536302842284,0.5191463697157715,0.5191463697157715
promotion,Random Forest,0,3152,3153,3154,num__KPIs_met >80%,0.5,0.49741045309671594,130,219.08098387717394,False,0.4640170394263891,0.5359829605736108,0.5359829605736108
promotion,Random Forest,0,3153,-1,-1,leaf,,0.0,40,36.071948544076584,True,1.0,0.0,0.0
promotion,Random Forest,0,3154,3155,3168,num__avg_training_score,63.5,0.4598831646567927,90,183.00903533309733,False,0.3583722567022842,0.6416277432977159,0.6416277432977159
promotion,Random Forest,0,3155,3156,3167,num__length_of_service,10.5,0.4504930384802617,84,178.63667793381532,False,0.34266761058234346,0.6573323894176566,0.6573323894176566
promotion,Random Forest,0,3156,3157,3166,cat__region_region_20,0.5,0.44245483966348387,82,175.3574098843538,False,0.33037517820714424,0.6696248217928558,0.6696248217928558
promotion,Random Forest,0,3157,3158,3159,num__age,28.5,0.4302502312893973,78,170.9850524850718,False,0.3132518156572833,0.6867481843427168,0.6867481843427168
promotion,Random Forest,0,3158,-1,-1,leaf,,0.0,5,4.37235739928201,True,1.0,0.0,0.0
promotion,Random Forest,0,3159,3160,3161,cat__region_region_27,0.5,0.41613827185449537,73,166.6126950857898,False,0.2952297285425634,0.7047702714574366,0.7047702714574366
promotion,Random Forest,0,3160,-1,-1,leaf,,0.4182215480710475,66,150.49797025212106,True,0.2977891546813667,0.7022108453186333,0.7022108453186333
promotion,Random Forest,0,3161,3162,3163,cat__department_Finance,0.5,0.3954171736469341,7,16.114724833668728,False,0.2713268420287749,0.7286731579712251,0.7286731579712251
promotion,Random Forest,0,3162,-1,-1,leaf,,0.08499325318400885,3,12.288912109296968,True,0.04447461826151171,0.9555253817384883,0.9555253817384883
promotion,Random Forest,0,3163,3164,3165,num__avg_training_score,58.5,4.440892098500626e-16,4,3.8258127243717586,False,1.0,0.0,0.0
promotion,Random Forest,0,3164,-1,-1,leaf,,0.0,2,2.7327233745512562,True,1.0,0.0,0.0
promotion,Random Forest,0,3165,-1,-1,leaf,,0.0,2,1.0930893498205025,True,1.0,0.0,0.0
promotion,Random Forest,0,3166,-1,-1,leaf,,0.0,4,4.37235739928201,True,1.0,0.0,0.0
promotion,Random Forest,0,3167,-1,-1,leaf,,0.0,2,3.279268049461508,True,1.0,0.0,0.0
promotion,Random Forest,0,3168,-1,-1,leaf,,0.0,6,4.37235739928201,True,1.0,0.0,0.0
promotion,Random Forest,0,3169,-1,-1,leaf,,0.0,7,7.105080773833266,True,1.0,0.0,0.0
promotion,Random Forest,0,3170,-1,-1,leaf,,0.0,10,9.837804148384523,True,1.0,0.0,0.0
promotion,Random Forest,0,3171,-1,-1,leaf,,0.0,6,4.918902074192261,True,1.0,0.0,0.0
promotion,Random Forest,0,3172,-1,-1,leaf,,0.26464259482182684,2,6.964273067013861,True,0.15695670449768812,0.8430432955023119,0.8430432955023119
promotion,Random Forest,0,3173,-1,-1,leaf,,0.0,3,3.825812724371759,True,1.0,0.0,0.0
promotion,Random Forest,0,3174,-1,-1,leaf,,0.0,17,16.94288492221779,True,1.0,0.0,0.0
promotion,Random Forest,0,3175,-1,-1,leaf,,0.0,5,3.825812724371759,True,1.0,0.0,0.0
promotion,Random Forest,0,3176,3177,3178,num__KPIs_met >80%,0.5,0.38535525384040803,43,111.16343981095034,False,0.26057908804824415,0.7394209119517559,0.7394209119517559
promotion,Random Forest,0,3177,-1,-1,leaf,,0.0,11,9.837804148384523,True,1.0,0.0,0.0
promotion,Random Forest,0,3178,-1,-1,leaf,,0.3062941761706056,32,101.32563566256582,True,0.18878799522721296,0.8112120047727871,0.8112120047727871
promotion,Random Forest,0,3179,3180,3187,cat__department_Legal,0.5,0.4697548616047984,46,62.28940678740127,False,0.6229738557483986,0.37702614425160147,0.37702614425160147
promotion,Random Forest,0,3180,3181,3182,num__KPIs_met >80%,0.5,0.4745608214850362,44,60.649772762670516,False,0.6127811564822859,0.3872188435177141,0.3872188435177141
promotion,Random Forest,0,3181,-1,-1,leaf,,0.0,12,9.837804148384523,True,1.0,0.0,0.0
promotion,Random Forest,0,3182,3183,3184,num__age,34.5,0.497140662233982,32,50.811968614285995,False,0.5378109624713379,0.46218903752866214,0.46218903752866214
promotion,Random Forest,0,3183,-1,-1,leaf,,-4.440892098500626e-16,27,23.501421021140803,True,1.0,0.0,0.0
promotion,Random Forest,0,3184,3185,3186,num__length_of_service,6.0,0.24092315859528657,5,27.31054759314519,False,0.1400855369641881,0.859914463035812,0.859914463035812
promotion,Random Forest,0,3185,-1,-1,leaf,,0.0,2,23.484734868773433,True,0.0,1.0,1.0
promotion,Random Forest,0,3186,-1,-1,leaf,,-4.440892098500626e-16,3,3.825812724371759,True,1.0,0.0,0.0
promotion,Random Forest,0,3187,-1,-1,leaf,,0.0,2,1.639634024730754,True,1.0,0.0,0.0
promotion,Random Forest,0,3188,3189,3190,cat__education_Bachelor's,0.5,0.43963985602194156,175,197.93992156722825,False,0.6737241260995853,0.3262758739004147,0.3262758739004147
promotion,Random Forest,0,3189,-1,-1,leaf,,0.0,10,9.291259473474272,True,1.0,0.0,0.0
promotion,Random Forest,0,3190,3191,3192,num__age,28.5,0.4502901183970931,165,188.64866209375398,False,0.6576544981960661,0.34234550180393375,0.3423455018039338
promotion,Random Forest,0,3191,-1,-1,leaf,,0.0,31,26.78068907060231,True,1.0,0.0,0.0
promotion,Random Forest,0,3192,3193,3220,cat__department_HR,0.5,0.47959225824888685,134,161.86797302315168,False,0.60101421125543,0.39898578874457,0.39898578874457
promotion,Random Forest,0,3193,3194,3217,cat__recruitment_channel_sourcing,0.5,0.4631396880300749,113,128.95117097408456,False,0.6357577105911945,0.36424228940880554,0.36424228940880554
promotion,Random Forest,0,3194,3195,3216,num__avg_training_score,59.5,0.4926167141593234,73,93.56657481173764,False,0.5607588916977447,0.43924110830225516,0.4392411083022552
promotion,Random Forest,0,3195,3196,3215,cat__recruitment_channel_referred,0.5,0.4865414185901371,44,70.61169846550708,False,0.41796774594751457,0.5820322540524855,0.5820322540524855
promotion,Random Forest,0,3196,3197,3206,cat__department_Operations,0.5,0.48337097407969554,42,69.51860911568657,False,0.4088160487796661,0.5911839512203338,0.5911839512203338
promotion,Random Forest,0,3197,3198,3205,cat__gender_f,0.5,0.47259528847904,18,28.5444446497851,False,0.38294293801534235,0.6170570619846577,0.6170570619846577
promotion,Random Forest,0,3198,3199,3200,cat__department_Finance,0.5,0.4961055060456644,15,21.58017158277124,False,0.45587237852356277,0.5441276214764372,0.5441276214764372
promotion,Random Forest,0,3199,-1,-1,leaf,,0.26464259482182684,2,6.964273067013861,True,0.15695670449768812,0.8430432955023119,0.8430432955023119
promotion,Random Forest,0,3200,3201,3202,num__avg_training_score,58.5,0.48067360886874677,13,14.615898515757378,False,0.5983015542381029,0.40169844576189717,0.40169844576189717
promotion,Random Forest,0,3201,-1,-1,leaf,,-6.661338147750939e-16,9,5.4654467491025125,True,1.0,0.0,0.0
promotion,Random Forest,0,3202,3203,3204,num__length_of_service,5.5,0.4598831646567927,4,9.150451766654866,False,0.35837225670228423,0.6416277432977158,0.6416277432977158
promotion,Random Forest,0,3203,-1,-1,leaf,,0.0,2,2.186178699641005,True,1.0,0.0,0.0
promotion,Random Forest,0,3204,-1,-1,leaf,,0.26464259482182706,2,6.964273067013861,True,0.15695670449768812,0.8430432955023119,0.8430432955023119
promotion,Random Forest,0,3205,-1,-1,leaf,,0.26464259482182695,3,6.964273067013861,True,0.15695670449768812,0.8430432955023119,0.8430432955023119
promotion,Random Forest,0,3206,3207,3214,num__length_of_service,6.5,0.48929535190380713,24,40.974164465901474,False,0.42684042066758116,0.5731595793324189,0.5731595793324189
promotion,Random Forest,0,3207,3208,3209,num__avg_training_score,55.5,0.35664074436591153,13,30.5898156426067,False,0.23226948657830518,0.7677305134216948,0.7677305134216948
promotion,Random Forest,0,3208,-1,-1,leaf,,0.0,2,1.639634024730754,True,1.0,0.0,0.0
promotion,Random Forest,0,3209,3210,3213,cat__gender_f,0.5,0.3062941761706056,11,28.95018161787595,False,0.18878799522721296,0.811212004772787,0.811212004772787
promotion,Random Forest,0,3210,3211,3212,num__length_of_service,4.5,0.29320868975011694,7,21.439363875951834,False,0.1784480522140448,0.8215519477859552,0.8215519477859552
promotion,Random Forest,0,3211,-1,-1,leaf,,0.26464259482182684,3,6.964273067013861,True,0.15695670449768812,0.8430432955023119,0.8430432955023119
promotion,Random Forest,0,3212,-1,-1,leaf,,0.3062941761706054,4,14.475090808937972,True,0.188787995227213,0.8112120047727871,0.8112120047727871
promotion,Random Forest,0,3213,-1,-1,leaf,,0.34129359726386665,4,7.510817741924112,True,0.21830299723272403,0.781697002767276,0.781697002767276
promotion,Random Forest,0,3214,-1,-1,leaf,,0.0,11,10.384348823294774,True,1.0,0.0,0.0
promotion,Random Forest,0,3215,-1,-1,leaf,,0.0,2,1.0930893498205025,True,1.0,0.0,0.0
promotion,Random Forest,0,3216,-1,-1,leaf,,0.0,29,22.954876346230552,True,1.0,0.0,0.0
promotion,Random Forest,0,3217,3218,3219,num__length_of_service,10.5,0.276787584779414,40,35.384596162346924,False,0.8340751526382845,0.16592484736171553,0.16592484736171553
promotion,Random Forest,0,3218,-1,-1,leaf,,0.0,38,28.966867770243315,True,1.0,0.0,0.0
promotion,Random Forest,0,3219,-1,-1,leaf,,0.15581837355884387,2,6.4177283921036095,True,0.08516170232176253,0.9148382976782374,0.9148382976782374
promotion,Random Forest,0,3220,3221,3232,num__age,36.5,0.49753695932140596,21,32.91680204906711,False,0.46490697591690083,0.5350930240830992,0.5350930240830992
promotion,Random Forest,0,3221,3222,3223,num__KPIs_met >80%,0.5,0.4860428687670262,17,30.184078674515852,False,0.4164621904974347,0.5835378095025653,0.5835378095025653
promotion,Random Forest,0,3222,-1,-1,leaf,,0.0,6,6.558536098923016,True,1.0,0.0,0.0
promotion,Random Forest,0,3223,3224,3231,num__age,35.5,0.37943002177150065,11,23.62554257559284,False,0.2544699832724118,0.7455300167275882,0.7455300167275882
promotion,Random Forest,0,3224,3225,3228,cat__gender_m,0.5,0.4334708659252017,9,17.20781418348923,False,0.3176142356503691,0.6823857643496308,0.6823857643496308
promotion,Random Forest,0,3225,3226,3227,num__avg_training_score,50.5,0.43347086592520223,5,8.603907091744615,False,0.3176142356503691,0.6823857643496308,0.6823857643496308
promotion,Random Forest,0,3226,-1,-1,leaf,,7.771561172376096e-16,3,1.639634024730754,True,1.0,0.0,0.0
promotion,Random Forest,0,3227,-1,-1,leaf,,0.26464259482182684,2,6.964273067013861,True,0.15695670449768812,0.8430432955023119,0.8430432955023119
promotion,Random Forest,0,3228,3229,3230,num__avg_training_score,50.5,0.4334708659252017,4,8.603907091744615,False,0.3176142356503691,0.6823857643496308,0.6823857643496308
promotion,Random Forest,0,3229,-1,-1,leaf,,0.34129359726386665,2,7.510817741924113,True,0.218302997232724,0.7816970027672759,0.7816970027672759
promotion,Random Forest,0,3230,-1,-1,leaf,,0.0,2,1.0930893498205025,True,1.0,0.0,0.0
promotion,Random Forest,0,3231,-1,-1,leaf,,0.15581837355884398,2,6.4177283921036095,True,0.08516170232176253,0.9148382976782374,0.9148382976782374
promotion,Random Forest,0,3232,-1,-1,leaf,,0.0,4,2.7327233745512562,True,1.0,0.0,0.0
promotion,Random Forest,0,3233,3234,3241,cat__region_region_30,0.5,0.255403463758904,19,69.09618599522835,False,0.15028830714349264,0.8497116928565074,0.8497116928565074
promotion,Random Forest,0,3234,3235,3236,cat__recruitment_channel_other,0.5,0.23592440880169463,17,68.00309664540785,False,0.13662994674966314,0.8633700532503369,0.8633700532503369
promotion,Random Forest,0,3235,-1,-1,leaf,,0.40963502106792826,10,24.71863192541334,True,0.28743826904629377,0.7125617309537063,0.7125617309537063
promotion,Random Forest,0,3236,3237,3238,cat__gender_m,0.5,0.09591251125736322,7,43.28446471999451,False,0.05050723657513865,0.9494927634248613,0.9494927634248613
promotion,Random Forest,0,3237,-1,-1,leaf,,0.0,2,23.484734868773433,True,0.0,1.0,1.0
promotion,Random Forest,0,3238,3239,3240,num__age,33.5,0.19644638876922693,5,19.79972985122108,False,0.11041457212135548,0.8895854278786446,0.8895854278786446
promotion,Random Forest,0,3239,-1,-1,leaf,,0.08499325318400885,2,12.288912109296968,True,0.04447461826151171,0.9555253817384883,0.9555253817384883
promotion,Random Forest,0,3240,-1,-1,leaf,,0.34129359726386643,3,7.510817741924112,True,0.21830299723272403,0.781697002767276,0.781697002767276
promotion,Random Forest,0,3241,-1,-1,leaf,,0.0,2,1.0930893498205025,True,1.0,0.0,0.0
promotion,Random Forest,0,3242,3243,3454,cat__department_Operations,0.5,0.3172266431661479,616,1990.4741370119943,False,0.19769770358639413,0.8023022964135967,0.8023022964136041
promotion,Random Forest,0,3243,3244,3341,cat__department_Analytics,0.5,0.36182563052287786,574,1631.6445778814616,False,0.2371555883444182,0.762844411655575,0.7628444116555803
promotion,Random Forest,0,3244,3245,3332,num__awards_won?,0.5,0.302706426277896,319,1081.805997945977,False,0.18591913961362264,0.8140808603863763,0.8140808603863772
promotion,Random Forest,0,3245,3246,3325,cat__region_region_4,0.5,0.3365824418810782,302,926.4224979243974,False,0.21415252483280225,0.7858474751671976,0.7858474751671978
promotion,Random Forest,0,3246,3247,3314,num__avg_training_score,74.5,0.329924406121739,289,904.8423263416264,False,0.20838759124630735,0.7916124087536923,0.7916124087536925
promotion,Random Forest,0,3247,3248,3313,cat__region_region_13,0.5,0.4155628941230072,222,549.2753491081958,False,0.29452846197466553,0.7054715380253345,0.7054715380253345
promotion,Random Forest,0,3248,3249,3264,num__avg_training_score,67.5,0.4084106484259904,213,542.7168130092728,False,0.28600309397796253,0.7139969060220376,0.7139969060220376
promotion,Random Forest,0,3249,3250,3261,num__age,36.5,0.4952448662043021,39,64.19397007340346,False,0.45123969957179405,0.548760300428206,0.548760300428206
promotion,Random Forest,0,3250,3251,3258,cat__gender_m,0.5,0.43401699332762,32,36.883422480258275,False,0.6816356334428623,0.3183643665571376,0.3183643665571377
promotion,Random Forest,0,3251,3252,3257,cat__region_region_17,0.5,0.49714066223398223,16,25.405984307142997,False,0.5378109624713379,0.46218903752866214,0.46218903752866214
promotion,Random Forest,0,3252,3253,3254,num__age,29.0,0.4999297966462749,14,23.766350282412244,False,0.5059246668144753,0.4940753331855246,0.4940753331855246
promotion,Random Forest,0,3253,-1,-1,leaf,,0.0,2,2.186178699641005,True,1.0,0.0,0.0
promotion,Random Forest,0,3254,3255,3256,num__age,30.5,0.4961055060456645,12,21.58017158277124,False,0.45587237852356277,0.5441276214764372,0.5441276214764372
promotion,Random Forest,0,3255,-1,-1,leaf,,0.26464259482182684,2,6.964273067013861,True,0.15695670449768812,0.8430432955023119,0.8430432955023119
promotion,Random Forest,0,3256,-1,-1,leaf,,0.48067360886874677,10,14.61589851575738,True,0.5983015542381028,0.4016984457618971,0.4016984457618971
promotion,Random Forest,0,3257,-1,-1,leaf,,0.0,2,1.639634024730754,True,1.0,0.0,0.0
promotion,Random Forest,0,3258,3259,3260,num__avg_training_score,66.5,4.440892098500626e-16,16,11.477438173115276,False,1.0,0.0,0.0
promotion,Random Forest,0,3259,-1,-1,leaf,,0.0,8,6.011991424012764,True,1.0,0.0,0.0
promotion,Random Forest,0,3260,-1,-1,leaf,,0.0,8,5.4654467491025125,True,1.0,0.0,0.0
promotion,Random Forest,0,3261,3262,3263,num__length_of_service,5.0,0.24092315859528668,7,27.31054759314519,False,0.1400855369641881,0.859914463035812,0.859914463035812
promotion,Random Forest,0,3262,-1,-1,leaf,,0.1558183735588441,3,19.25318517631083,True,0.08516170232176254,0.9148382976782375,0.9148382976782375
promotion,Random Forest,0,3263,-1,-1,leaf,,0.3954171736469342,4,8.057362416834364,True,0.2713268420287749,0.7286731579712251,0.7286731579712251
promotion,Random Forest,0,3264,3265,3312,cat__region_region_10,0.5,0.3884536575222307,174,478.5228429358693,False,0.2638365582083363,0.7361634417916638,0.7361634417916638
promotion,Random Forest,0,3265,3266,3311,cat__region_region_12,0.5,0.3827785319387804,170,474.6970302114976,False,0.25790346134112174,0.7420965386588785,0.7420965386588784
promotion,Random Forest,0,3266,3267,3280,num__length_of_service,2.5,0.3777262728113363,165,471.41776216203607,False,0.252741302287803,0.7472586977121973,0.747258697712197
promotion,Random Forest,0,3267,3268,3269,num__avg_training_score,68.5,0.2191599917847974,24,87.25628182171869,False,0.1252734275400244,0.8747265724599756,0.8747265724599756
promotion,Random Forest,0,3268,-1,-1,leaf,,0.0,4,2.7327233745512562,True,1.0,0.0,0.0
promotion,Random Forest,0,3269,3270,3271,cat__department_Procurement,0.5,0.17517026998446195,20,84.52355844716743,False,0.09699272338111681,0.9030072766188832,0.9030072766188832
promotion,Random Forest,0,3270,-1,-1,leaf,,0.0,3,17.613551151580076,True,0.0,1.0,1.0
promotion,Random Forest,0,3271,3272,3275,cat__recruitment_channel_other,0.5,0.21502573346491838,17,66.91000729558736,False,0.1225253210246538,0.8774746789753461,0.8774746789753461
promotion,Random Forest,0,3272,3273,3274,num__avg_training_score,70.5,0.1558183735588441,7,25.670913568414438,False,0.08516170232176253,0.9148382976782374,0.9148382976782374
promotion,Random Forest,0,3273,-1,-1,leaf,,0.08499325318400885,5,24.577824218593936,True,0.04447461826151171,0.9555253817384883,0.9555253817384883
promotion,Random Forest,0,3274,-1,-1,leaf,,0.0,2,1.0930893498205025,True,1.0,0.0,0.0
promotion,Random Forest,0,3275,3276,3279,num__age,32.0,0.249061754668511,10,41.239093727172914,False,0.14578379107422995,0.8542162089257701,0.8542162089257701
promotion,Random Forest,0,3276,3277,3278,num__age,27.0,0.1558183735588441,8,38.50637035262166,False,0.08516170232176254,0.9148382976782375,0.9148382976782375
promotion,Random Forest,0,3277,-1,-1,leaf,,0.0,3,1.639634024730754,True,1.0,0.0,0.0
promotion,Random Forest,0,3278,-1,-1,leaf,,0.08499325318400897,5,36.866736327890905,True,0.04447461826151171,0.9555253817384883,0.9555253817384883
promotion,Random Forest,0,3279,-1,-1,leaf,,-6.661338147750939e-16,2,2.7327233745512567,True,1.0,0.0,0.0
promotion,Random Forest,0,3280,3281,3282,cat__gender_f,0.5,0.4046846661111012,141,384.16148034031744,False,0.281693639706835,0.7183063602931654,0.7183063602931651
promotion,Random Forest,0,3281,-1,-1,leaf,,0.45566067557205514,68,144.7675942417471,True,0.35110519749174457,0.6488948025082555,0.6488948025082555
promotion,Random Forest,0,3282,3283,3304,cat__region_region_7,0.5,0.3645072884449594,73,239.39388609857053,False,0.23971869875551952,0.7602813012444805,0.7602813012444805
promotion,Random Forest,0,3283,3284,3303,num__age,35.5,0.43673646391042076,63,164.5673240929682,False,0.32214677949278053,0.6778532205072195,0.6778532205072195
promotion,Random Forest,0,3284,3285,3302,cat__region_region_11,0.5,0.388076901602151,52,151.45025189512216,False,0.2634380647717718,0.7365619352282283,0.7365619352282283
promotion,Random Forest,0,3285,3286,3301,cat__region_region_17,0.5,0.3721203387658837,48,148.17098384566066,False,0.24713673533496786,0.7528632646650322,0.7528632646650322
promotion,Random Forest,0,3286,3287,3300,num__avg_training_score,71.5,0.3614670315331432,45,138.47398740409554,False,0.23681473401151726,0.7631852659884828,0.7631852659884828
promotion,Random Forest,0,3287,3288,3299,cat__region_region_26,0.5,0.31864252908598467,39,131.91545130517255,False,0.19887089902002547,0.8011291009799744,0.8011291009799746
promotion,Random Forest,0,3288,3289,3298,cat__region_region_5,0.5,0.31292061978974695,36,123.85808888833816,False,0.19415740959584019,0.8058425904041598,0.8058425904041598
promotion,Random Forest,0,3289,3290,3297,num__length_of_service,8.5,0.25924702659369525,31,117.8460974643254,False,0.15304685229392664,0.8469531477060734,0.8469531477060734
promotion,Random Forest,0,3290,3291,3296,cat__region_region_23,0.5,0.23053491973387374,27,115.11337408977414,False,0.13294068581077642,0.8670593141892236,0.8670593141892236
promotion,Random Forest,0,3291,3292,3295,cat__recruitment_channel_other,0.5,0.2513436859675068,24,96.40673358837356,False,0.14739801898422836,0.8526019810157717,0.8526019810157717
promotion,Random Forest,0,3292,3293,3294,cat__region_region_16,0.5,0.16738191516929646,14,71.14155698804996,False,0.09218994321455025,0.9078100567854498,0.9078100567854498
promotion,Random Forest,0,3293,-1,-1,leaf,,0.16851773765754752,12,64.72382859594634,True,0.09288683247624345,0.9071131675237566,0.9071131675237566
promotion,Random Forest,0,3294,-1,-1,leaf,,0.15581837355884398,2,6.4177283921036095,True,0.08516170232176253,0.9148382976782374,0.9148382976782374
promotion,Random Forest,0,3295,-1,-1,leaf,,0.4222658373666536,10,25.265176600323592,True,0.3028526406043612,0.6971473593956389,0.6971473593956389
promotion,Random Forest,0,3296,-1,-1,leaf,,0.1100375679814346,3,18.706640501400578,True,0.058433225877124344,0.9415667741228757,0.9415667741228757
promotion,Random Forest,0,3297,-1,-1,leaf,,0.0,4,2.7327233745512567,True,1.0,0.0,0.0
promotion,Random Forest,0,3298,-1,-1,leaf,,0.0,5,6.011991424012764,True,1.0,0.0,0.0
promotion,Random Forest,0,3299,-1,-1,leaf,,0.3954171736469341,3,8.057362416834364,True,0.2713268420287749,0.7286731579712251,0.7286731579712251
promotion,Random Forest,0,3300,-1,-1,leaf,,0.0,6,6.558536098923015,True,1.0,0.0,0.0
promotion,Random Forest,0,3301,-1,-1,leaf,,0.4777546257315769,3,9.696996441565117,True,0.39453584905660377,0.6054641509433962,0.6054641509433962
promotion,Random Forest,0,3302,-1,-1,leaf,,0.0,4,3.2792680494615074,True,1.0,0.0,0.0
promotion,Random Forest,0,3303,-1,-1,leaf,,0.0,11,13.11707219784603,True,1.0,0.0,0.0
promotion,Random Forest,0,3304,3305,3308,cat__recruitment_channel_other,0.5,0.11003756798143505,10,74.82656200560231,False,0.058433225877124344,0.9415667741228757,0.9415667741228757
promotion,Random Forest,0,3305,3306,3307,num__length_of_service,5.5,0.15581837355884443,5,25.67091356841444,False,0.08516170232176253,0.9148382976782373,0.9148382976782374
promotion,Random Forest,0,3306,-1,-1,leaf,,0.05838029916382992,2,18.160095826490327,True,0.03009591359716289,0.9699040864028371,0.9699040864028371
promotion,Random Forest,0,3307,-1,-1,leaf,,0.3412935972638671,3,7.510817741924112,True,0.21830299723272403,0.781697002767276,0.781697002767276
promotion,Random Forest,0,3308,3309,3310,num__avg_training_score,70.5,0.08499325318400852,5,49.15564843718787,False,0.04447461826151171,0.9555253817384883,0.9555253817384883
promotion,Random Forest,0,3309,-1,-1,leaf,,0.0,2,41.098286020353505,True,0.0,1.0,1.0
promotion,Random Forest,0,3310,-1,-1,leaf,,0.3954171736469341,3,8.057362416834364,True,0.2713268420287749,0.7286731579712251,0.7286731579712251
promotion,Random Forest,0,3311,-1,-1,leaf,,0.0,5,3.2792680494615074,True,1.0,0.0,0.0
promotion,Random Forest,0,3312,-1,-1,leaf,,0.0,4,3.825812724371759,True,1.0,0.0,0.0
promotion,Random Forest,0,3313,-1,-1,leaf,,0.0,9,6.558536098923016,True,1.0,0.0,0.0
promotion,Random Forest,0,3314,3315,3320,cat__region_region_11,0.5,0.13929085390619622,67,355.5669772334303,False,0.07531826852700313,0.924681731472997,0.9246817314729968
promotion,Random Forest,0,3315,3316,3319,num__avg_training_score,80.5,0.12331092632318985,61,339.4522523997616,False,0.06601320660830601,0.933986793391694,0.933986793391694
promotion,Random Forest,0,3316,3317,3318,num__KPIs_met >80%,0.5,0.01225928003570076,8,88.61430043281064,False,0.006167680298110052,0.9938323197018899,0.9938323197018899
promotion,Random Forest,0,3317,-1,-1,leaf,,0.0,5,64.58302088912694,True,0.0,1.0,1.0
promotion,Random Forest,0,3318,-1,-1,leaf,,0.04445161392177499,3,24.031279543683684,True,0.022743053440693863,0.9772569465593062,0.9772569465593062
promotion,Random Forest,0,3319,-1,-1,leaf,,0.15911804679444408,53,250.8379519669511,True,0.0871550211001979,0.9128449788998021,0.9128449788998021
promotion,Random Forest,0,3320,3321,3322,cat__gender_m,0.5,0.3954171736469341,6,16.114724833668728,False,0.2713268420287749,0.7286731579712251,0.7286731579712251
promotion,Random Forest,0,3321,-1,-1,leaf,,0.0,2,2.186178699641005,True,1.0,0.0,0.0
promotion,Random Forest,0,3322,3323,3324,num__age,33.5,0.26464259482182706,4,13.928546134027721,False,0.15695670449768812,0.8430432955023119,0.8430432955023119
promotion,Random Forest,0,3323,-1,-1,leaf,,0.08499325318400885,2,12.288912109296968,True,0.04447461826151171,0.9555253817384883,0.9555253817384883
promotion,Random Forest,0,3324,-1,-1,leaf,,-4.440892098500626e-16,2,1.639634024730754,True,1.0,0.0,0.0
promotion,Random Forest,0,3325,3326,3331,cat__department_R&D,0.5,0.4961055060456643,13,21.58017158277124,False,0.45587237852356277,0.5441276214764372,0.5441276214764372
promotion,Random Forest,0,3326,3327,3330,cat__gender_m,0.5,0.4697313693660542,9,18.847448208219983,False,0.37697839491791313,0.6230216050820869,0.6230216050820869
promotion,Random Forest,0,3327,3328,3329,num__age,34.0,0.4161382718544955,7,16.66126950857898,False,0.29522972854256346,0.7047702714574365,0.7047702714574365
promotion,Random Forest,0,3328,-1,-1,leaf,,0.48929535190380724,5,10.243541116475368,True,0.4268404206675812,0.5731595793324189,0.5731595793324189
promotion,Random Forest,0,3329,-1,-1,leaf,,0.15581837355884387,2,6.4177283921036095,True,0.08516170232176253,0.9148382976782374,0.9148382976782374
promotion,Random Forest,0,3330,-1,-1,leaf,,0.0,2,2.186178699641005,True,1.0,0.0,0.0
promotion,Random Forest,0,3331,-1,-1,leaf,,0.0,4,2.7327233745512562,True,1.0,0.0,0.0
promotion,Random Forest,0,3332,3333,3338,num__length_of_service,6.0,0.034555317365596694,17,155.3835000215786,False,0.017586959839183403,0.9824130401608167,0.9824130401608167
promotion,Random Forest,0,3333,3334,3337,cat__region_region_26,0.5,0.023705026291220732,13,136.676859520178,False,0.011996427416366631,0.9880035725836334,0.9880035725836334
promotion,Random Forest,0,3334,3335,3336,num__age,32.0,0.018276025564465725,11,118.5167636936877,False,0.009223077949087817,0.9907769220509122,0.9907769220509122
promotion,Random Forest,0,3335,-1,-1,leaf,,0.0,8,105.68130690948044,True,0.0,1.0,1.0
promotion,Random Forest,0,3336,-1,-1,leaf,,0.15581837355884398,3,12.835456784207219,True,0.08516170232176253,0.9148382976782374,0.9148382976782374
promotion,Random Forest,0,3337,-1,-1,leaf,,0.05838029916382992,2,18.160095826490327,True,0.03009591359716289,0.9699040864028371,0.9699040864028371
promotion,Random Forest,0,3338,3339,3340,num__KPIs_met >80%,0.5,0.1100375679814346,4,18.706640501400578,False,0.058433225877124344,0.9415667741228757,0.9415667741228757
promotion,Random Forest,0,3339,-1,-1,leaf,,0.0,2,17.613551151580076,True,0.0,1.0,1.0
promotion,Random Forest,0,3340,-1,-1,leaf,,-4.440892098500626e-16,2,1.0930893498205025,True,1.0,0.0,0.0
promotion,Random Forest,0,3341,3342,3453,cat__region_region_27,0.5,0.44748813145444166,255,549.8385799354735,False,0.33796317001126586,0.6620368299887341,0.6620368299887341
promotion,Random Forest,0,3342,3343,3432,num__avg_training_score,87.5,0.4403244617642945,245,541.0938651369094,False,0.32726387431155946,0.6727361256884409,0.6727361256884405
promotion,Random Forest,0,3343,3344,3431,cat__region_region_8,0.5,0.48880471769073175,209,377.91793195976805,False,0.4251826146231129,0.5748173853768874,0.5748173853768872
promotion,Random Forest,0,3344,3345,3430,cat__region_region_16,0.5,0.4864212200182497,204,372.9990298855758,False,0.41760224523159056,0.5823977547684098,0.5823977547684096
promotion,Random Forest,0,3345,3346,3429,cat__region_region_6,0.5,0.48496757291597536,199,370.2663065110246,False,0.4133039012295704,0.5866960987704298,0.5866960987704297
promotion,Random Forest,0,3346,3347,3348,num__avg_training_score,80.5,0.4898136945865583,194,349.373487309983,False,0.42863367245877965,0.5713663275412207,0.5713663275412205
promotion,Random Forest,0,3347,-1,-1,leaf,,0.0,11,12.570527522935778,True,1.0,0.0,0.0
promotion,Random Forest,0,3348,3349,3428,cat__region_region_13,0.5,0.48281657722139926,183,336.80295978704726,False,0.4073085150118946,0.5926914849881055,0.5926914849881055
promotion,Random Forest,0,3349,3350,3427,cat__region_region_1,0.5,0.47980473624353615,176,332.4306023877652,False,0.3995130263256384,0.600486973674362,0.6004869736743618
promotion,Random Forest,0,3350,3351,3406,num__length_of_service,4.5,0.476017005706598,170,327.51170031357293,False,0.3904943054142809,0.6095056945857193,0.6095056945857192
promotion,Random Forest,0,3351,3352,3403,cat__region_region_2,0.5,0.4468950768653649,106,230.26012048428302,False,0.3370507392857596,0.6629492607142404,0.6629492607142404
promotion,Random Forest,0,3352,3353,3402,num__age,35.5,0.4309037613942357,93,214.0045879437949,False,0.314128756116278,0.6858712438837221,0.6858712438837221
promotion,Random Forest,0,3353,3354,3401,cat__region_region_15,0.5,0.40245079986378474,83,203.62023912050012,False,0.27915027718353913,0.7208497228164609,0.7208497228164609
promotion,Random Forest,0,3354,3355,3400,cat__region_region_3,0.5,0.39359596734271485,79,200.88751574594886,False,0.26934437720132953,0.7306556227986705,0.7306556227986705
promotion,Random Forest,0,3355,3356,3399,cat__region_region_10,0.5,0.38211506154724084,77,197.60824769648735,False,0.25721929807668087,0.7427807019233191,0.7427807019233191
promotion,Random Forest,0,3356,3357,3398,cat__region_region_4,0.5,0.37600256760504003,75,195.9686136717566,False,0.25100458599106695,0.7489954140089331,0.7489954140089331
promotion,Random Forest,0,3357,3358,3359,num__avg_training_score,82.5,0.36744384384973394,73,193.7824349721156,False,0.24255470857843797,0.757445291421562,0.757445291421562
promotion,Random Forest,0,3358,-1,-1,leaf,,0.2932086897501166,11,42.87872775190367,True,0.1784480522140448,0.8215519477859552,0.8215519477859552
promotion,Random Forest,0,3359,3360,3397,cat__region_region_19,0.5,0.3855383747748229,62,150.9037072202119,False,0.2607703768079955,0.7392296231920046,0.7392296231920046
promotion,Random Forest,0,3360,3361,3374,num__length_of_service,2.5,0.3803187909291772,60,149.8106178703914,False,0.2553766067290143,0.7446233932709857,0.7446233932709857
promotion,Random Forest,0,3361,3362,3373,num__awards_won?,0.5,0.48690773414498945,24,40.42761979099122,False,0.4190918240997531,0.5809081759002469,0.5809081759002469
promotion,Random Forest,0,3362,3363,3366,num__avg_training_score,85.5,0.4889200332256677,21,27.592163006784002,False,0.5744310646650045,0.4255689353349955,0.4255689353349955
promotion,Random Forest,0,3363,3364,3365,cat__region_region_29,0.5,3.3306690738754696e-16,12,9.837804148384523,False,1.0,0.0,0.0
promotion,Random Forest,0,3364,-1,-1,leaf,,0.0,8,7.651625448743517,True,1.0,0.0,0.0
promotion,Random Forest,0,3365,-1,-1,leaf,,0.0,4,2.186178699641005,True,1.0,0.0,0.0
promotion,Random Forest,0,3366,3367,3372,cat__region_region_31,0.5,0.44791337032217104,9,17.75435885839948,False,0.3386205873138881,0.6613794126861119,0.6613794126861119
promotion,Random Forest,0,3367,3368,3371,cat__region_region_32,0.5,0.3954171736469343,7,16.114724833668728,False,0.2713268420287749,0.7286731579712251,0.7286731579712251
promotion,Random Forest,0,3368,3369,3370,cat__recruitment_channel_other,0.5,0.34129359726386665,5,15.021635483848225,False,0.218302997232724,0.7816970027672759,0.7816970027672759
promotion,Random Forest,0,3369,-1,-1,leaf,,0.0,2,2.7327233745512567,True,1.0,0.0,0.0
promotion,Random Forest,0,3370,-1,-1,leaf,,0.08499325318400919,3,12.288912109296968,True,0.04447461826151171,0.9555253817384883,0.9555253817384883
promotion,Random Forest,0,3371,-1,-1,leaf,,0.0,2,1.0930893498205025,True,1.0,0.0,0.0
promotion,Random Forest,0,3372,-1,-1,leaf,,0.0,2,1.639634024730754,True,1.0,0.0,0.0
promotion,Random Forest,0,3373,-1,-1,leaf,,0.15581837355884465,3,12.835456784207219,True,0.08516170232176253,0.9148382976782374,0.9148382976782374
promotion,Random Forest,0,3374,3375,3388,num__KPIs_met >80%,0.5,0.31378888332805777,36,109.38299807940018,False,0.1948679657329126,0.8051320342670875,0.8051320342670875
promotion,Random Forest,0,3375,3376,3383,cat__recruitment_channel_sourcing,0.5,0.23866188813233602,19,74.96736971242171,False,0.13851824951481712,0.8614817504851829,0.8614817504851829
promotion,Random Forest,0,3376,3377,3382,cat__region_region_29,0.5,0.4777546257315771,10,19.393992883130235,False,0.39453584905660377,0.6054641509433962,0.6054641509433962
promotion,Random Forest,0,3377,3378,3381,cat__region_region_30,0.5,0.4334708659252019,8,17.20781418348923,False,0.3176142356503691,0.6823857643496308,0.6823857643496308
promotion,Random Forest,0,3378,3379,3380,cat__region_region_32,0.5,3.3306690738754696e-16,6,4.37235739928201,False,1.0,0.0,0.0
promotion,Random Forest,0,3379,-1,-1,leaf,,0.0,4,3.279268049461508,True,1.0,0.0,0.0
promotion,Random Forest,0,3380,-1,-1,leaf,,0.0,2,1.0930893498205025,True,1.0,0.0,0.0
promotion,Random Forest,0,3381,-1,-1,leaf,,0.1558183735588441,2,12.835456784207219,True,0.08516170232176253,0.9148382976782374,0.9148382976782374
promotion,Random Forest,0,3382,-1,-1,leaf,,0.0,2,2.186178699641005,True,1.0,0.0,0.0
promotion,Random Forest,0,3383,3384,3387,num__avg_training_score,85.5,0.0935104772052725,9,55.57337682929148,False,0.04917324680387064,0.9508267531961294,0.9508267531961294
promotion,Random Forest,0,3384,3385,3386,num__avg_training_score,83.5,0.03008888882194649,5,35.7736469780704,False,0.01527785733574462,0.9847221426642554,0.9847221426642554
promotion,Random Forest,0,3385,-1,-1,leaf,,0.0,2,17.613551151580076,True,0.0,1.0,1.0
promotion,Random Forest,0,3386,-1,-1,leaf,,0.05838029916382992,3,18.160095826490327,True,0.03009591359716289,0.9699040864028371,0.9699040864028371
promotion,Random Forest,0,3387,-1,-1,leaf,,0.19644638876922693,4,19.79972985122108,True,0.11041457212135548,0.8895854278786446,0.8895854278786446
promotion,Random Forest,0,3388,3389,3394,num__length_of_service,3.5,0.4334708659252017,17,34.41562836697846,False,0.3176142356503691,0.6823857643496308,0.6823857643496308
promotion,Random Forest,0,3389,3390,3393,cat__recruitment_channel_sourcing,0.5,0.43347086592520223,9,17.20781418348923,False,0.3176142356503691,0.6823857643496308,0.6823857643496308
promotion,Random Forest,0,3390,3391,3392,num__avg_training_score,85.5,0.34129359726386665,5,15.021635483848224,False,0.21830299723272403,0.781697002767276,0.781697002767276
promotion,Random Forest,0,3391,-1,-1,leaf,,-6.661338147750939e-16,3,2.7327233745512567,True,1.0,0.0,0.0
promotion,Random Forest,0,3392,-1,-1,leaf,,0.08499325318400885,2,12.288912109296968,True,0.04447461826151171,0.9555253817384883,0.9555253817384883
promotion,Random Forest,0,3393,-1,-1,leaf,,0.0,4,2.186178699641005,True,1.0,0.0,0.0
promotion,Random Forest,0,3394,3395,3396,num__avg_training_score,85.0,0.4334708659252017,8,17.20781418348923,False,0.3176142356503691,0.6823857643496308,0.6823857643496308
promotion,Random Forest,0,3395,-1,-1,leaf,,0.0,4,3.825812724371759,True,1.0,0.0,0.0
promotion,Random Forest,0,3396,-1,-1,leaf,,0.21502573346491893,4,13.38200145911747,True,0.12252532102465383,0.8774746789753463,0.8774746789753463
promotion,Random Forest,0,3397,-1,-1,leaf,,0.0,2,1.0930893498205025,True,1.0,0.0,0.0
promotion,Random Forest,0,3398,-1,-1,leaf,,0.0,2,2.186178699641005,True,1.0,0.0,0.0
promotion,Random Forest,0,3399,-1,-1,leaf,,0.0,2,1.639634024730754,True,1.0,0.0,0.0
promotion,Random Forest,0,3400,-1,-1,leaf,,0.0,2,3.279268049461508,True,1.0,0.0,0.0
promotion,Random Forest,0,3401,-1,-1,leaf,,0.0,4,2.7327233745512562,True,1.0,0.0,0.0
promotion,Random Forest,0,3402,-1,-1,leaf,,0.0,10,10.384348823294774,True,1.0,0.0,0.0
promotion,Random Forest,0,3403,3404,3405,num__KPIs_met >80%,0.5,0.4614583729927263,13,16.255532540488133,False,0.6388193556520017,0.36118064434799835,0.36118064434799835
promotion,Random Forest,0,3404,-1,-1,leaf,,0.3954171736469344,3,8.057362416834364,True,0.2713268420287749,0.7286731579712251,0.7286731579712251
promotion,Random Forest,0,3405,-1,-1,leaf,,0.0,10,8.19817012365377,True,1.0,0.0,0.0
promotion,Random Forest,0,3406,3407,3426,cat__region_region_2,0.5,0.4994198700990633,64,97.25157982929,False,0.5170312932705621,0.48296870672943776,0.48296870672943787
promotion,Random Forest,0,3407,3408,3425,cat__region_region_32,0.5,0.49546947936538266,52,85.7741416561747,False,0.4524052490571833,0.5475947509428167,0.5475947509428167
promotion,Random Forest,0,3408,3409,3414,num__length_of_service,5.5,0.48559702639682156,45,80.3086949070722,False,0.4151384256474748,0.5848615743525253,0.5848615743525253
promotion,Random Forest,0,3409,3410,3411,num__age,29.5,0.46812025162388604,11,15.708987865577882,False,0.6262532145652416,0.3737467854347583,0.3737467854347583
promotion,Random Forest,0,3410,-1,-1,leaf,,0.26464259482182684,2,6.964273067013861,True,0.15695670449768812,0.8430432955023119,0.8430432955023119
promotion,Random Forest,0,3411,3412,3413,num__KPIs_met >80%,0.5,3.3306690738754696e-16,9,8.74471479856402,False,1.0,0.0,0.0
promotion,Random Forest,0,3412,-1,-1,leaf,,0.0,2,2.186178699641005,True,1.0,0.0,0.0
promotion,Random Forest,0,3413,-1,-1,leaf,,0.0,7,6.558536098923015,True,1.0,0.0,0.0
promotion,Random Forest,0,3414,3415,3416,num__age,30.5,0.46289952142763424,34,64.59970704149431,False,0.36380073683685815,0.6361992631631419,0.6361992631631419
promotion,Random Forest,0,3415,-1,-1,leaf,,0.0,6,4.37235739928201,True,1.0,0.0,0.0
promotion,Random Forest,0,3416,3417,3424,cat__region_region_29,0.5,0.4334708659252018,28,60.2273496422123,False,0.31761423565036917,0.6823857643496309,0.6823857643496309
promotion,Random Forest,0,3417,3418,3423,num__age,37.5,0.41880920821944356,25,58.58771561748155,False,0.2985170084342647,0.7014829915657353,0.7014829915657353
promotion,Random Forest,0,3418,3419,3422,num__avg_training_score,86.5,0.38879363432684244,22,55.854992242930294,False,0.26419672852867643,0.7358032714713236,0.7358032714713236
promotion,Random Forest,0,3419,3420,3421,cat__region_region_15,0.5,0.35022635384035483,19,53.12226886837904,False,0.22634543110004074,0.7736545688999593,0.7736545688999593
promotion,Random Forest,0,3420,-1,-1,leaf,,0.3954171736469341,17,40.28681208417182,True,0.27132684202877483,0.728673157971225,0.7286731579712251
promotion,Random Forest,0,3421,-1,-1,leaf,,0.15581837355884398,2,12.835456784207219,True,0.08516170232176253,0.9148382976782374,0.9148382976782374
promotion,Random Forest,0,3422,-1,-1,leaf,,0.0,3,2.7327233745512562,True,1.0,0.0,0.0
promotion,Random Forest,0,3423,-1,-1,leaf,,0.0,3,2.7327233745512567,True,1.0,0.0,0.0
promotion,Random Forest,0,3424,-1,-1,leaf,,0.0,3,1.639634024730754,True,1.0,0.0,0.0
promotion,Random Forest,0,3425,-1,-1,leaf,,0.0,7,5.4654467491025125,True,1.0,0.0,0.0
promotion,Random Forest,0,3426,-1,-1,leaf,,0.0,12,11.477438173115276,True,1.0,0.0,0.0
promotion,Random Forest,0,3427,-1,-1,leaf,,0.0,6,4.918902074192262,True,1.0,0.0,0.0
promotion,Random Forest,0,3428,-1,-1,leaf,,0.0,7,4.37235739928201,True,1.0,0.0,0.0
promotion,Random Forest,0,3429,-1,-1,leaf,,0.26464259482182484,5,20.892819201041583,True,0.15695670449768812,0.8430432955023119,0.8430432955023119
promotion,Random Forest,0,3430,-1,-1,leaf,,0.0,5,2.7327233745512562,True,1.0,0.0,0.0
promotion,Random Forest,0,3431,-1,-1,leaf,,0.0,5,4.918902074192261,True,1.0,0.0,0.0
promotion,Random Forest,0,3432,3433,3450,cat__region_region_2,0.5,0.1807716768035298,36,163.17593317714153,False,0.10048258911752568,0.8995174108824744,0.8995174108824744
promotion,Random Forest,0,3433,3434,3449,num__age,36.5,0.17962335910373217,29,136.95847493381683,False,0.09976466866587863,0.9002353313341214,0.9002353313341214
promotion,Random Forest,0,3434,3435,3448,cat__region_region_4,0.5,0.16792324288086946,27,135.86538558399633,False,0.09252192873779669,0.9074780712622034,0.9074780712622034
promotion,Random Forest,0,3435,3436,3437,num__length_of_service,2.5,0.17673546651351701,25,117.15874508259574,False,0.09796484389640565,0.9020351561035943,0.9020351561035943
promotion,Random Forest,0,3436,-1,-1,leaf,,0.0,4,3.279268049461508,True,1.0,0.0,0.0
promotion,Random Forest,0,3437,3438,3445,num__avg_training_score,90.5,0.1336146779268348,21,113.87947703313424,False,0.07198988208620276,0.9280101179137973,0.9280101179137973
promotion,Random Forest,0,3438,3439,3444,num__length_of_service,6.5,0.24092315859528635,13,54.62109518629038,False,0.14008553696418807,0.859914463035812,0.859914463035812
promotion,Random Forest,0,3439,3440,3441,num__avg_training_score,88.5,0.1867369060271874,10,52.43491648664938,False,0.10423296374457061,0.8957670362554294,0.8957670362554294
promotion,Random Forest,0,3440,-1,-1,leaf,,0.1558183735588441,5,25.670913568414438,True,0.08516170232176253,0.9148382976782374,0.9148382976782374
promotion,Random Forest,0,3441,3442,3443,cat__recruitment_channel_sourcing,0.5,0.21502573346491882,5,26.76400291823494,False,0.12252532102465383,0.8774746789753463,0.8774746789753463
promotion,Random Forest,0,3442,-1,-1,leaf,,0.08499325318400885,3,24.577824218593936,True,0.04447461826151171,0.9555253817384883,0.9555253817384883
promotion,Random Forest,0,3443,-1,-1,leaf,,-4.440892098500626e-16,2,2.186178699641005,True,1.0,0.0,0.0
promotion,Random Forest,0,3444,-1,-1,leaf,,0.0,3,2.186178699641005,True,1.0,0.0,0.0
promotion,Random Forest,0,3445,3446,3447,num__age,29.5,0.018276025564465836,8,59.25838184684385,False,0.009223077949087817,0.9907769220509122,0.9907769220509122
promotion,Random Forest,0,3446,-1,-1,leaf,,0.05838029916382992,4,18.160095826490327,True,0.03009591359716289,0.9699040864028371,0.9699040864028371
promotion,Random Forest,0,3447,-1,-1,leaf,,0.0,4,41.09828602035351,True,0.0,1.0,1.0
promotion,Random Forest,0,3448,-1,-1,leaf,,0.1100375679814346,2,18.706640501400578,True,0.058433225877124344,0.9415667741228757,0.9415667741228757
promotion,Random Forest,0,3449,-1,-1,leaf,,0.0,2,1.0930893498205025,True,1.0,0.0,0.0
promotion,Random Forest,0,3450,3451,3452,num__avg_training_score,90.5,0.18673690602718718,7,26.21745824332469,False,0.10423296374457063,0.8957670362554294,0.8957670362554294
promotion,Random Forest,0,3451,-1,-1,leaf,,0.3062941761706054,5,14.475090808937972,True,0.188787995227213,0.8112120047727871,0.8112120047727871
promotion,Random Forest,0,3452,-1,-1,leaf,,0.0,2,11.742367434386717,True,0.0,1.0,1.0
promotion,Random Forest,0,3453,-1,-1,leaf,,0.0,10,8.74471479856402,True,1.0,0.0,0.0
promotion,Random Forest,0,3454,3455,3472,num__awards_won?,0.5,0.03588702081288375,42,358.82955913052433,False,0.018277580349887915,0.9817224196501121,0.9817224196501121
promotion,Random Forest,0,3455,3456,3471,cat__region_region_2,0.5,0.04445161392177521,35,288.3753545242042,False,0.02274305344069386,0.9772569465593062,0.9772569465593062
promotion,Random Forest,0,3456,3457,3460,num__length_of_service,4.5,0.05285996424424144,28,241.4058847866574,False,0.027168087077575283,0.9728319129224248,0.9728319129224248
promotion,Random Forest,0,3457,3458,3459,num__avg_training_score,68.0,0.027162934826571394,11,119.06330836859793,False,0.013771110908952328,0.9862288890910477,0.9862288890910477
promotion,Random Forest,0,3458,-1,-1,leaf,,0.0,2,1.639634024730754,True,1.0,0.0,0.0
promotion,Random Forest,0,3459,-1,-1,leaf,,0.0,9,117.42367434386719,True,0.0,1.0,1.0
promotion,Random Forest,0,3460,3461,3470,cat__region_region_4,0.5,0.07717890171165542,17,122.34257641805944,False,0.04020597095637234,0.9597940290436277,0.9597940290436277
promotion,Random Forest,0,3461,3462,3467,num__age,34.5,0.13152941433355336,13,69.5019229633192,False,0.07077361121056022,0.9292263887894398,0.9292263887894398
promotion,Random Forest,0,3462,3463,3466,cat__recruitment_channel_sourcing,0.5,0.06518645254308897,8,48.60910376227763,False,0.033731007112358394,0.9662689928876416,0.9662689928876416
promotion,Random Forest,0,3463,3464,3465,num__age,31.5,0.12200349063157223,6,25.124368893504187,False,0.06526070492280804,0.934739295077192,0.934739295077192
promotion,Random Forest,0,3464,-1,-1,leaf,,0.34129359726386665,3,7.510817741924113,True,0.218302997232724,0.7816970027672759,0.7816970027672759
promotion,Random Forest,0,3465,-1,-1,leaf,,0.0,3,17.613551151580076,True,0.0,1.0,1.0
promotion,Random Forest,0,3466,-1,-1,leaf,,0.0,2,23.484734868773433,True,0.0,1.0,1.0
promotion,Random Forest,0,3467,3468,3469,num__avg_training_score,69.0,0.26464259482182695,5,20.892819201041583,False,0.15695670449768812,0.8430432955023119,0.8430432955023119
promotion,Random Forest,0,3468,-1,-1,leaf,,6.661338147750939e-16,3,3.279268049461508,True,1.0,0.0,0.0
promotion,Random Forest,0,3469,-1,-1,leaf,,0.0,2,17.613551151580076,True,0.0,1.0,1.0
promotion,Random Forest,0,3470,-1,-1,leaf,,0.0,4,52.84065345474022,True,0.0,1.0,1.0
promotion,Random Forest,0,3471,-1,-1,leaf,,-1.3322676295501878e-15,7,46.96946973754687,True,0.0,1.0,1.0
promotion,Random Forest,0,3472,-1,-1,leaf,,0.0,7,70.45420460632032,True,0.0,1.0,1.0
promotion,Random Forest,0,3473,3474,3553,cat__region_region_2,0.5,0.49903167445495233,334,551.1225354492155,False,0.47799630093517725,0.522003699064823,0.5220036990648229
promotion,Random Forest,0,3474,3475,3546,num__no_of_trainings,2.5,0.49408096334028506,251,434.1953473231565,False,0.445598544781805,0.5544014552181954,0.5544014552181952
promotion,Random Forest,0,3475,3476,3499,num__length_of_service,3.5,0.48375917735141694,211,388.02066536942397,False,0.4098866751013407,0.5901133248986599,0.5901133248986596
promotion,Random Forest,0,3476,3477,3498,cat__region_region_19,0.5,0.39804928141137896,56,137.52170576109444,False,0.27422276621787023,0.7257772337821298,0.7257772337821298
promotion,Random Forest,0,3477,3478,3497,cat__department_Finance,0.5,0.3784302206914505,53,133.69589303672268,False,0.25345408205716585,0.7465459179428342,0.7465459179428342
promotion,Random Forest,0,3478,3479,3496,cat__gender_f,0.5,0.34868203988726987,47,128.77699096253042,False,0.22493822501778796,0.7750617749822121,0.7750617749822121
promotion,Random Forest,0,3479,3480,3495,cat__region_region_27,0.5,0.3335968656825219,43,126.59081226288941,False,0.21155318140298537,0.7884468185970146,0.7884468185970146
promotion,Random Forest,0,3480,3481,3490,cat__recruitment_channel_other,0.5,0.3288758477966288,39,118.53344984605505,False,0.2074900410213602,0.7925099589786399,0.7925099589786399
promotion,Random Forest,0,3481,3482,3487,num__length_of_service,2.5,0.45988316465679213,20,36.601807066619465,False,0.3583722567022842,0.6416277432977158,0.6416277432977158
promotion,Random Forest,0,3482,3483,3484,cat__department_Analytics,0.5,0.49811657853991675,14,22.12671625768149,False,0.4693126943176556,0.5306873056823443,0.5306873056823443
promotion,Random Forest,0,3483,-1,-1,leaf,,2.220446049250313e-16,9,7.651625448743518,True,1.0,0.0,0.0
promotion,Random Forest,0,3484,3485,3486,num__KPIs_met >80%,0.5,0.3062941761706054,5,14.475090808937972,False,0.188787995227213,0.8112120047727871,0.8112120047727871
promotion,Random Forest,0,3485,-1,-1,leaf,,0.26464259482182684,2,6.964273067013861,True,0.15695670449768812,0.8430432955023119,0.8430432955023119
promotion,Random Forest,0,3486,-1,-1,leaf,,0.34129359726386654,3,7.510817741924113,True,0.218302997232724,0.7816970027672759,0.7816970027672759
promotion,Random Forest,0,3487,3488,3489,num__KPIs_met >80%,0.5,0.3062941761706054,6,14.475090808937972,False,0.18878799522721296,0.8112120047727871,0.8112120047727871
promotion,Random Forest,0,3488,-1,-1,leaf,,0.0,3,1.639634024730754,True,1.0,0.0,0.0
promotion,Random Forest,0,3489,-1,-1,leaf,,0.1558183735588441,3,12.835456784207219,True,0.08516170232176253,0.9148382976782374,0.9148382976782374
promotion,Random Forest,0,3490,3491,3494,cat__department_Analytics,0.5,0.24092315859528657,19,81.93164277943558,False,0.14008553696418807,0.859914463035812,0.859914463035812
promotion,Random Forest,0,3491,3492,3493,num__length_of_service,2.5,0.1558183735588441,15,77.01274070524332,False,0.08516170232176253,0.9148382976782375,0.9148382976782375
promotion,Random Forest,0,3492,-1,-1,leaf,,0.1558183735588441,5,25.670913568414438,True,0.08516170232176253,0.9148382976782374,0.9148382976782374
promotion,Random Forest,0,3493,-1,-1,leaf,,0.1558183735588441,10,51.341827136828876,True,0.08516170232176253,0.9148382976782374,0.9148382976782374
promotion,Random Forest,0,3494,-1,-1,leaf,,0.0,4,4.918902074192262,True,1.0,0.0,0.0
promotion,Random Forest,0,3495,-1,-1,leaf,,0.3954171736469341,4,8.057362416834364,True,0.2713268420287749,0.7286731579712251,0.7286731579712251
promotion,Random Forest,0,3496,-1,-1,leaf,,0.0,4,2.186178699641005,True,1.0,0.0,0.0
promotion,Random Forest,0,3497,-1,-1,leaf,,0.0,6,4.918902074192261,True,1.0,0.0,0.0
promotion,Random Forest,0,3498,-1,-1,leaf,,0.0,3,3.825812724371759,True,1.0,0.0,0.0
promotion,Random Forest,0,3499,3500,3545,cat__region_region_24,0.5,0.49951109086847567,155,250.4989596083297,False,0.48436495712312394,0.5156350428768759,0.515635042876876
promotion,Random Forest,0,3500,3501,3542,cat__region_region_4,0.5,0.49927553893949705,153,248.85932558359892,False,0.48096764517324325,0.5190323548267568,0.5190323548267568
promotion,Random Forest,0,3501,3502,3541,cat__region_region_29,0.5,0.4999777512233339,147,233.29114542484047,False,0.4966646756779817,0.5033353243220181,0.5033353243220182
promotion,Random Forest,0,3502,3503,3524,num__length_of_service,5.5,0.4997249410334831,143,229.4653327004687,False,0.48827270349745794,0.5117272965025419,0.511727296502542
promotion,Random Forest,0,3503,3504,3523,cat__region_region_7,0.5,0.36304544673788075,65,73.90765266733595,False,0.761681632200389,0.23831836779961107,0.23831836779961107
promotion,Random Forest,0,3504,3505,3522,cat__region_region_32,0.5,0.4115826873475984,50,60.79058046948992,False,0.7102585463808805,0.2897414536191197,0.2897414536191196
promotion,Random Forest,0,3505,3506,3521,cat__region_region_27,0.5,0.4226805885607826,46,58.05785709493867,False,0.6966207153877958,0.30337928461220415,0.30337928461220415
promotion,Random Forest,0,3506,3507,3520,cat__region_region_13,0.5,0.44089230983230954,42,53.68549969565666,False,0.6719123180107966,0.32808768198920335,0.32808768198920335
promotion,Random Forest,0,3507,3508,3513,cat__department_Analytics,0.5,0.4592035396136763,39,49.31314229637465,False,0.6428223728733066,0.3571776271266934,0.3571776271266934
promotion,Random Forest,0,3508,3509,3512,cat__recruitment_channel_other,0.5,0.4072259885119405,20,20.627889939770142,False,0.7153764280139076,0.2846235719860924,0.2846235719860924
promotion,Random Forest,0,3509,3510,3511,num__avg_training_score,65.0,0.48067360886874677,12,14.615898515757378,False,0.5983015542381029,0.40169844576189717,0.40169844576189717
promotion,Random Forest,0,3510,-1,-1,leaf,,-2.220446049250313e-16,9,7.651625448743518,True,1.0,0.0,0.0
promotion,Random Forest,0,3511,-1,-1,leaf,,0.26464259482182684,3,6.964273067013861,True,0.15695670449768812,0.8430432955023119,0.8430432955023119
promotion,Random Forest,0,3512,-1,-1,leaf,,0.0,8,6.011991424012764,True,1.0,0.0,0.0
promotion,Random Forest,0,3513,3514,3515,num__KPIs_met >80%,0.5,0.48356590562068336,19,28.685252356604504,False,0.5906479298696793,0.40935207013032077,0.40935207013032077
promotion,Random Forest,0,3514,-1,-1,leaf,,0.0,5,3.825812724371759,True,1.0,0.0,0.0
promotion,Random Forest,0,3515,3516,3519,num__length_of_service,4.5,0.49847100449088544,14,24.859439632232746,False,0.5276495525200188,0.4723504474799812,0.4723504474799812
promotion,Random Forest,0,3516,3517,3518,cat__recruitment_channel_other,0.5,0.44791337032217116,7,17.75435885839948,False,0.3386205873138881,0.6613794126861119,0.6613794126861119
promotion,Random Forest,0,3517,-1,-1,leaf,,0.26464259482182684,2,13.928546134027721,True,0.15695670449768812,0.8430432955023119,0.8430432955023119
promotion,Random Forest,0,3518,-1,-1,leaf,,2.220446049250313e-16,5,3.825812724371759,True,1.0,0.0,0.0
promotion,Random Forest,0,3519,-1,-1,leaf,,0.0,7,7.105080773833267,True,1.0,0.0,0.0
promotion,Random Forest,0,3520,-1,-1,leaf,,0.0,3,4.37235739928201,True,1.0,0.0,0.0
promotion,Random Forest,0,3521,-1,-1,leaf,,0.0,4,4.37235739928201,True,1.0,0.0,0.0
promotion,Random Forest,0,3522,-1,-1,leaf,,0.0,4,2.7327233745512562,True,1.0,0.0,0.0
promotion,Random Forest,0,3523,-1,-1,leaf,,0.0,15,13.11707219784603,True,1.0,0.0,0.0
promotion,Random Forest,0,3524,3525,3526,num__avg_training_score,60.5,0.4598831646567928,78,155.55768003313273,False,0.3583722567022842,0.6416277432977158,0.6416277432977158
promotion,Random Forest,0,3525,-1,-1,leaf,,0.0,23,18.035974272038292,True,1.0,0.0,0.0
promotion,Random Forest,0,3526,3527,3540,cat__region_region_27,0.5,0.3980492814113792,55,137.52170576109444,False,0.27422276621787023,0.7257772337821298,0.7257772337821298
promotion,Random Forest,0,3527,3528,3539,num__age,35.5,0.4747473014089708,52,95.87687506583067,False,0.38763297060296287,0.612367029397037,0.6123670293970371
promotion,Random Forest,0,3528,3529,3534,cat__department_Analytics,0.5,0.4365761546651147,41,86.5856155923564,False,0.32192158281407945,0.6780784171859205,0.6780784171859205
promotion,Random Forest,0,3529,3530,3531,cat__gender_f,0.5,0.370709462244459,24,62.272720635033906,False,0.2457456610443579,0.754254338955642,0.7542543389556421
promotion,Random Forest,0,3530,-1,-1,leaf,,0.30077893160353497,17,50.38954549382778,True,0.18438863423787694,0.8156113657621231,0.8156113657621231
promotion,Random Forest,0,3531,3532,3533,cat__region_region_13,0.5,0.499929796646275,7,11.883175141206122,False,0.5059246668144753,0.4940753331855246,0.4940753331855246
promotion,Random Forest,0,3532,-1,-1,leaf,,0.0,5,5.465446749102513,True,1.0,0.0,0.0
promotion,Random Forest,0,3533,-1,-1,leaf,,0.1558183735588441,2,6.4177283921036095,True,0.08516170232176253,0.9148382976782374,0.9148382976782374
promotion,Random Forest,0,3534,3535,3536,num__age,32.5,0.4994198700990643,17,24.312894957322495,False,0.5170312932705622,0.48296870672943787,0.48296870672943787
promotion,Random Forest,0,3535,-1,-1,leaf,,0.0,11,8.74471479856402,True,1.0,0.0,0.0
promotion,Random Forest,0,3536,3537,3538,num__age,33.5,0.3707094622444589,6,15.568180158758475,False,0.24574566104435794,0.7542543389556421,0.7542543389556421
promotion,Random Forest,0,3537,-1,-1,leaf,,0.21502573346491882,3,13.38200145911747,True,0.12252532102465383,0.8774746789753463,0.8774746789753463
promotion,Random Forest,0,3538,-1,-1,leaf,,0.0,3,2.186178699641005,True,1.0,0.0,0.0
promotion,Random Forest,0,3539,-1,-1,leaf,,0.0,11,9.291259473474272,True,1.0,0.0,0.0
promotion,Random Forest,0,3540,-1,-1,leaf,,0.025903423831040606,3,41.644830695263764,True,0.01312394997856023,0.9868760500214397,0.9868760500214397
promotion,Random Forest,0,3541,-1,-1,leaf,,0.0,4,3.825812724371759,True,1.0,0.0,0.0
promotion,Random Forest,0,3542,3543,3544,num__avg_training_score,61.5,0.3707094622444588,6,15.568180158758476,False,0.24574566104435794,0.754254338955642,0.7542543389556421
promotion,Random Forest,0,3543,-1,-1,leaf,,0.0,2,1.639634024730754,True,1.0,0.0,0.0
promotion,Random Forest,0,3544,-1,-1,leaf,,0.26464259482182706,4,13.928546134027723,True,0.1569567044976881,0.8430432955023118,0.8430432955023119
promotion,Random Forest,0,3545,-1,-1,leaf,,0.0,2,1.639634024730754,True,1.0,0.0,0.0
promotion,Random Forest,0,3546,3547,3552,cat__gender_f,0.5,0.379266123532767,40,46.174681953732545,False,0.7456968421319572,0.25430315786804286,0.25430315786804286
promotion,Random Forest,0,3547,3548,3551,num__age,30.5,0.2636993277058429,35,37.57077486198793,False,0.8437300338158982,0.15626996618410188,0.15626996618410188
promotion,Random Forest,0,3548,3549,3550,cat__region_region_15,0.5,0.37054364550176033,21,23.90715798923165,False,0.7544173289088616,0.24558267109113843,0.24558267109113843
promotion,Random Forest,0,3549,-1,-1,leaf,,0.4137795993733371,17,20.08134526485989,True,0.7076299600571445,0.2923700399428555,0.2923700399428555
promotion,Random Forest,0,3550,-1,-1,leaf,,0.0,4,3.825812724371759,True,1.0,0.0,0.0
promotion,Random Forest,0,3551,-1,-1,leaf,,0.0,14,13.66361687275628,True,1.0,0.0,0.0
promotion,Random Forest,0,3552,-1,-1,leaf,,0.43347086592520223,5,8.603907091744615,True,0.31761423565036917,0.6823857643496308,0.6823857643496308
promotion,Random Forest,0,3553,3554,3565,cat__department_Procurement,0.5,0.480673608868747,83,116.92718812605902,False,0.5983015542381029,0.4016984457618972,0.4016984457618971
promotion,Random Forest,0,3554,3555,3560,num__age,26.0,0.4450287302979471,66,87.83619880136368,False,0.6657879213061866,0.33421207869381336,0.33421207869381336
promotion,Random Forest,0,3555,3556,3559,cat__department_Operations,0.5,0.31864252908598467,8,21.985908550862085,False,0.19887089902002555,0.8011291009799745,0.8011291009799745
promotion,Random Forest,0,3556,3557,3558,cat__recruitment_channel_other,0.5,0.23254274366399408,6,20.34627452613133,False,0.13431074917629454,0.8656892508237055,0.8656892508237055
promotion,Random Forest,0,3557,-1,-1,leaf,,0.0,3,1.639634024730754,True,1.0,0.0,0.0
promotion,Random Forest,0,3558,-1,-1,leaf,,0.11003756798143471,3,18.706640501400578,True,0.058433225877124344,0.9415667741228757,0.9415667741228757
promotion,Random Forest,0,3559,-1,-1,leaf,,0.0,2,1.639634024730754,True,1.0,0.0,0.0
promotion,Random Forest,0,3560,3561,3564,cat__gender_f,0.5,0.2930428546409428,58,65.85029025050159,False,0.8216808553201894,0.17831914467981064,0.17831914467981064
promotion,Random Forest,0,3561,3562,3563,num__KPIs_met >80%,0.5,0.3944759475439985,33,43.44195857918129,False,0.7296998611841129,0.27030013881588705,0.27030013881588705
promotion,Random Forest,0,3562,-1,-1,leaf,,0.0,18,19.129063621858794,True,1.0,0.0,0.0
promotion,Random Forest,0,3563,-1,-1,leaf,,0.4994198700990643,15,24.312894957322495,True,0.5170312932705622,0.48296870672943787,0.48296870672943787
promotion,Random Forest,0,3564,-1,-1,leaf,,0.0,25,22.4083316713203,True,1.0,0.0,0.0
promotion,Random Forest,0,3565,3566,3567,num__KPIs_met >80%,0.5,0.47775462573157723,17,29.09098932469535,False,0.39453584905660377,0.6054641509433963,0.6054641509433963
promotion,Random Forest,0,3566,-1,-1,leaf,,0.08499325318400885,3,12.288912109296968,True,0.04447461826151171,0.9555253817384883,0.9555253817384883
promotion,Random Forest,0,3567,3568,3573,cat__gender_m,0.5,0.4546585644897585,14,16.802077215398384,False,0.6505679838316258,0.3494320161683741,0.3494320161683741
promotion,Random Forest,0,3568,3569,3572,cat__recruitment_channel_sourcing,0.5,0.489295351903807,7,10.243541116475368,False,0.42684042066758116,0.5731595793324189,0.5731595793324189
promotion,Random Forest,0,3569,3570,3571,num__avg_training_score,69.5,0.3954171736469343,4,8.057362416834364,False,0.2713268420287749,0.7286731579712251,0.7286731579712251
promotion,Random Forest,0,3570,-1,-1,leaf,,0.26464259482182684,2,6.964273067013861,True,0.15695670449768812,0.8430432955023119,0.8430432955023119
promotion,Random Forest,0,3571,-1,-1,leaf,,1.3322676295501878e-15,2,1.0930893498205025,True,1.0,0.0,0.0
promotion,Random Forest,0,3572,-1,-1,leaf,,0.0,3,2.186178699641005,True,1.0,0.0,0.0
promotion,Random Forest,0,3573,-1,-1,leaf,,1.1102230246251565e-16,7,6.558536098923016,True,1.0,0.0,0.0
promotion,Random Forest,0,3574,3575,3638,num__KPIs_met >80%,0.5,0.4990240645706012,848,1416.9380005801788,False,0.4779100087205848,0.5220899912794047,0.5220899912794101
promotion,Random Forest,0,3575,3576,3637,cat__region_region_17,0.5,0.47982521325410254,443,617.1470057112712,False,0.6004360163136132,0.3995639836863873,0.3995639836863871
promotion,Random Forest,0,3576,3577,3632,cat__region_region_7,0.5,0.47423749129093784,432,592.428373785858,False,0.6134956138118602,0.3865043861881401,0.3865043861881399
promotion,Random Forest,0,3577,3578,3625,cat__gender_f,0.5,0.45377467384840664,398,523.0505723769908,False,0.6520284942890533,0.347971505710947,0.3479715057109469
promotion,Random Forest,0,3578,3579,3622,cat__region_region_4,0.5,0.4736892752609696,324,441.8970312290022,False,0.6146968280708542,0.385303171929146,0.38530317192914587
promotion,Random Forest,0,3579,3580,3607,cat__region_region_2,0.5,0.44988214213866795,313,395.19249075272677,False,0.6583001229647848,0.3416998770352155,0.3416998770352154
promotion,Random Forest,0,3580,3581,3602,num__age,35.5,0.42889166365682596,251,301.62591594098916,False,0.6885581294232286,0.31144187057677164,0.3114418705767716
promotion,Random Forest,0,3581,3582,3601,cat__region_region_5,0.5,0.28560448406359007,200,204.10940685042777,False,0.8274106870097628,0.17258931299023725,0.17258931299023725
promotion,Random Forest,0,3582,3583,3588,num__age,26.5,0.296248811546427,191,194.8181473769535,False,0.8191795642374156,0.18082043576258455,0.18082043576258455
promotion,Random Forest,0,3583,3584,3585,num__age,25.5,0.45807125406104887,27,33.05760975588652,False,0.6447907903475758,0.3552092096524242,0.3552092096524242
promotion,Random Forest,0,3584,-1,-1,leaf,,6.661338147750939e-16,16,13.11707219784603,True,1.0,0.0,0.0
promotion,Random Forest,0,3585,3586,3587,num__avg_training_score,54.5,0.48420454778537714,11,19.940537558040486,False,0.4111308483932058,0.5888691516067942,0.5888691516067942
promotion,Random Forest,0,3586,-1,-1,leaf,,0.0,9,7.651625448743518,True,1.0,0.0,0.0
promotion,Random Forest,0,3587,-1,-1,leaf,,0.08499325318400885,2,12.288912109296968,True,0.04447461826151171,0.9555253817384883,0.9555253817384883
promotion,Random Forest,0,3588,3589,3600,cat__region_region_26,0.5,0.24820851848523184,164,161.76053762106702,False,0.8548178980228928,0.14518210197710718,0.14518210197710718
promotion,Random Forest,0,3589,3590,3595,num__length_of_service,2.5,0.26060853754015045,150,152.46927814759272,False,0.8459707086299719,0.15402929137002822,0.1540292913700282
promotion,Random Forest,0,3590,3591,3594,cat__region_region_12,0.5,0.4984710044908853,24,37.28915944834912,False,0.5276495525200189,0.47235044747998123,0.47235044747998123
promotion,Random Forest,0,3591,3592,3593,cat__recruitment_channel_other,0.5,0.49999374861243784,22,35.10298074870811,False,0.4982320368270065,0.5017679631729935,0.5017679631729935
promotion,Random Forest,0,3592,-1,-1,leaf,,0.3954171736469342,10,24.17208725050309,True,0.2713268420287749,0.7286731579712251,0.7286731579712251
promotion,Random Forest,0,3593,-1,-1,leaf,,-2.220446049250313e-16,12,10.930893498205025,True,1.0,0.0,0.0
promotion,Random Forest,0,3594,-1,-1,leaf,,0.0,2,2.186178699641005,True,1.0,0.0,0.0
promotion,Random Forest,0,3595,3596,3597,cat__region_region_27,0.5,0.09675118330213517,126,115.18011869924361,False,0.9490260664470741,0.05097393355292587,0.05097393355292587
promotion,Random Forest,0,3596,-1,-1,leaf,,0.0,120,102.20385420821698,True,1.0,0.0,0.0
promotion,Random Forest,0,3597,3598,3599,cat__recruitment_channel_sourcing,0.5,0.49547906271213793,6,12.976264491026624,False,0.547544386040111,0.45245561395988904,0.45245561395988904
promotion,Random Forest,0,3598,-1,-1,leaf,,0.4334708659252019,3,8.603907091744615,True,0.3176142356503691,0.6823857643496308,0.6823857643496308
promotion,Random Forest,0,3599,-1,-1,leaf,,-6.661338147750939e-16,3,4.37235739928201,True,1.0,0.0,0.0
promotion,Random Forest,0,3600,-1,-1,leaf,,0.0,14,9.291259473474272,True,1.0,0.0,0.0
promotion,Random Forest,0,3601,-1,-1,leaf,,0.0,9,9.291259473474272,True,1.0,0.0,0.0
promotion,Random Forest,0,3602,3603,3604,num__age,36.5,0.47916312647417525,51,97.51650909056141,False,0.3979292560872006,0.6020707439127995,0.6020707439127995
promotion,Random Forest,0,3603,-1,-1,leaf,,0.2543567774340082,15,62.1319129282145,True,0.14954085647112036,0.8504591435288796,0.8504591435288796
promotion,Random Forest,0,3604,3605,3606,num__avg_training_score,55.5,0.27678758477941345,36,35.384596162346924,False,0.8340751526382845,0.16592484736171553,0.16592484736171553
promotion,Random Forest,0,3605,-1,-1,leaf,,0.0,34,28.966867770243315,True,1.0,0.0,0.0
promotion,Random Forest,0,3606,-1,-1,leaf,,0.15581837355884387,2,6.4177283921036095,True,0.08516170232176253,0.9148382976782374,0.9148382976782374
promotion,Random Forest,0,3607,3608,3621,num__age,31.5,0.4926167141593225,62,93.56657481173762,False,0.5607588916977448,0.4392411083022552,0.4392411083022552
promotion,Random Forest,0,3608,3609,3612,cat__recruitment_channel_other,0.5,0.47563305451642457,33,67.33243041604557,False,0.3896212305658933,0.6103787694341066,0.6103787694341066
promotion,Random Forest,0,3609,3610,3611,num__age,30.5,0.488920033225668,19,27.592163006784002,False,0.5744310646650045,0.4255689353349955,0.4255689353349955
promotion,Random Forest,0,3610,-1,-1,leaf,,0.4999297966462749,14,23.766350282412244,True,0.5059246668144753,0.4940753331855246,0.4940753331855246
promotion,Random Forest,0,3611,-1,-1,leaf,,0.0,5,3.825812724371759,True,1.0,0.0,0.0
promotion,Random Forest,0,3612,3613,3620,num__no_of_trainings,1.5,0.3860498323650188,14,39.74026740926157,False,0.2613054591795393,0.7386945408204606,0.7386945408204607
promotion,Random Forest,0,3613,3614,3619,num__age,29.5,0.4096350210679287,9,24.71863192541334,False,0.28743826904629377,0.7125617309537063,0.7125617309537063
promotion,Random Forest,0,3614,3615,3618,num__age,27.0,0.2932086897501166,7,21.439363875951834,False,0.17844805221404478,0.8215519477859552,0.8215519477859552
promotion,Random Forest,0,3615,3616,3617,num__age,23.0,0.3954171736469342,4,8.057362416834364,False,0.2713268420287749,0.7286731579712251,0.7286731579712251
promotion,Random Forest,0,3616,-1,-1,leaf,,0.1558183735588441,2,6.4177283921036095,True,0.08516170232176253,0.9148382976782374,0.9148382976782374
promotion,Random Forest,0,3617,-1,-1,leaf,,6.661338147750939e-16,2,1.639634024730754,True,1.0,0.0,0.0
promotion,Random Forest,0,3618,-1,-1,leaf,,0.21502573346491882,3,13.38200145911747,True,0.12252532102465383,0.8774746789753463,0.8774746789753463
promotion,Random Forest,0,3619,-1,-1,leaf,,-4.440892098500626e-16,2,3.279268049461508,True,1.0,0.0,0.0
promotion,Random Forest,0,3620,-1,-1,leaf,,0.34129359726386665,5,15.021635483848224,True,0.21830299723272403,0.781697002767276,0.781697002767276
promotion,Random Forest,0,3621,-1,-1,leaf,,0.0,29,26.23414439569206,True,1.0,0.0,0.0
promotion,Random Forest,0,3622,3623,3624,num__length_of_service,5.0,0.3707094622444572,11,46.704540476275426,False,0.24574566104435794,0.7542543389556421,0.7542543389556421
promotion,Random Forest,0,3623,-1,-1,leaf,,0.1336146779268348,5,37.95982567771141,True,0.07198988208620277,0.9280101179137973,0.9280101179137973
promotion,Random Forest,0,3624,-1,-1,leaf,,-4.440892098500626e-16,6,8.74471479856402,True,1.0,0.0,0.0
promotion,Random Forest,0,3625,3626,3631,num__age,36.5,0.24751418857271357,74,81.15354114798862,False,0.8553067769036257,0.1446932230963744,0.1446932230963744
promotion,Random Forest,0,3626,3627,3628,cat__recruitment_channel_sourcing,0.5,0.149783661192321,68,72.00308938133375,False,0.9184592804608824,0.08154071953911769,0.08154071953911768
promotion,Random Forest,0,3627,-1,-1,leaf,,-6.661338147750939e-16,45,40.990850618268844,True,1.0,0.0,0.0
promotion,Random Forest,0,3628,3629,3630,num__avg_training_score,55.0,0.30695373834163353,23,31.012238763064914,False,0.8106817194963092,0.18931828050369087,0.18931828050369087
promotion,Random Forest,0,3629,-1,-1,leaf,,0.0,21,24.594510370961306,True,1.0,0.0,0.0
promotion,Random Forest,0,3630,-1,-1,leaf,,0.15581837355884387,2,6.4177283921036095,True,0.08516170232176253,0.9148382976782374,0.9148382976782374
promotion,Random Forest,0,3631,-1,-1,leaf,,0.4598831646567929,6,9.150451766654866,True,0.3583722567022842,0.6416277432977158,0.6416277432977158
promotion,Random Forest,0,3632,3633,3636,cat__recruitment_channel_other,0.5,0.4373348748370076,34,69.37780140886716,False,0.3229899364965506,0.6770100635034496,0.6770100635034495
promotion,Random Forest,0,3633,3634,3635,num__avg_training_score,57.0,0.39541717364693396,18,48.34417450100618,False,0.2713268420287749,0.7286731579712251,0.7286731579712251
promotion,Random Forest,0,3634,-1,-1,leaf,,1.1102230246251565e-16,15,13.11707219784603,True,1.0,0.0,0.0
promotion,Random Forest,0,3635,-1,-1,leaf,,0.0,3,35.22710230316015,True,0.0,1.0,1.0
promotion,Random Forest,0,3636,-1,-1,leaf,,0.4932100503634781,16,21.033626907860988,True,0.4417335875631515,0.5582664124368485,0.5582664124368485
promotion,Random Forest,0,3637,-1,-1,leaf,,0.4096350210679268,11,24.71863192541334,True,0.28743826904629377,0.7125617309537063,0.7125617309537063
promotion,Random Forest,0,3638,3639,3768,cat__region_region_14,0.5,0.47279237147966513,405,799.7909948688927,False,0.3833646097439655,0.6166353902560345,0.6166353902560345
promotion,Random Forest,0,3639,3640,3705,num__age,31.5,0.46800462057801373,393,787.220467345957,False,0.3735180261420896,0.6264819738579104,0.6264819738579104
promotion,Random Forest,0,3640,3641,3700,cat__region_region_20,0.5,0.4945938102786487,187,340.36384325014745,False,0.4480087039911929,0.5519912960088076,0.5519912960088074
promotion,Random Forest,0,3641,3642,3699,num__avg_training_score,70.5,0.49331858284537045,178,326.29448940930035,False,0.4422011368856225,0.5577988631143779,0.5577988631143777
promotion,Random Forest,0,3642,3643,3698,num__awards_won?,0.5,0.4996033941192983,175,296.9385708233336,False,0.485917992318188,0.5140820076818123,0.5140820076818121
promotion,Random Forest,0,3643,3644,3697,cat__region_region_6,0.5,0.4999297966462748,173,285.19620338894697,False,0.5059246668144753,0.49407533318552466,0.49407533318552466
promotion,Random Forest,0,3644,3645,3688,cat__region_region_2,0.5,0.4999721936555125,166,279.7307566398444,False,0.49627130421678556,0.5037286957832147,0.5037286957832146
promotion,Random Forest,0,3645,3646,3687,num__avg_training_score,51.5,0.4954790627121377,140,220.59649634745264,False,0.5475443860401109,0.4524556139598891,0.4524556139598891
promotion,Random Forest,0,3646,3647,3686,num__length_of_service,6.5,0.49982960819608546,111,196.0019859764913,False,0.49076983738185986,0.5092301626181402,0.5092301626181402
promotion,Random Forest,0,3647,3648,3685,cat__region_region_12,0.5,0.498557110750359,103,189.44344987756833,False,0.47314027876502757,0.5268597212349725,0.5268597212349725
promotion,Random Forest,0,3648,3649,3684,cat__region_region_31,0.5,0.4973877551816732,101,186.16418182810682,False,0.46385968443464604,0.5361403155653539,0.5361403155653539
promotion,Random Forest,0,3649,3650,3679,cat__gender_f,0.5,0.4941610321594814,97,180.15219040409406,False,0.44596775110862663,0.5540322488913733,0.5540322488913734
promotion,Random Forest,0,3650,3651,3678,cat__region_region_32,0.5,0.4997867971933191,86,149.56237476148732,False,0.48967520444073864,0.5103247955592615,0.5103247955592615
promotion,Random Forest,0,3651,3652,3677,cat__region_region_28,0.5,0.49887456951506093,82,145.7365620371156,False,0.4762783802730612,0.5237216197269388,0.5237216197269388
promotion,Random Forest,0,3652,3653,3676,num__no_of_trainings,1.5,0.49955894929559985,75,121.01793011170224,False,0.5148500960333624,0.48514990396663754,0.48514990396663754
promotion,Random Forest,0,3653,3654,3667,cat__region_region_7,0.5,0.49977902298588406,67,115.00593868768946,False,0.48948864865690406,0.510511351343096,0.510511351343096
promotion,Random Forest,0,3654,3655,3666,cat__region_region_1,0.5,0.49959092190333443,56,96.70503515437973,False,0.514301714873844,0.4856982851261561,0.4856982851261561
promotion,Random Forest,0,3655,3656,3665,num__age,30.5,0.49972494103348275,52,91.78613308018747,False,0.48827270349745805,0.5117272965025419,0.5117272965025419
promotion,Random Forest,0,3656,3657,3658,num__age,25.5,0.48420454778537725,41,79.76215023216194,False,0.4111308483932058,0.5888691516067943,0.5888691516067943
promotion,Random Forest,0,3657,-1,-1,leaf,,0.0,5,3.2792680494615074,True,1.0,0.0,0.0
promotion,Random Forest,0,3658,3659,3664,cat__region_region_27,0.5,0.4739544321438053,36,76.48288218270044,False,0.3858825870951444,0.6141174129048557,0.6141174129048557
promotion,Random Forest,0,3659,3660,3663,cat__region_region_26,0.5,0.46505276952980434,33,74.29670348305943,False,0.367812197101632,0.6321878028983681,0.6321878028983681
promotion,Random Forest,0,3660,3661,3662,cat__region_region_3,0.5,0.4541840091156286,30,72.11052478341843,False,0.34864612511671333,0.6513538748832868,0.6513538748832868
promotion,Random Forest,0,3661,-1,-1,leaf,,0.44791337032217093,28,71.01743543359792,True,0.33862058731388806,0.661379412686112,0.661379412686112
promotion,Random Forest,0,3662,-1,-1,leaf,,0.0,2,1.0930893498205025,True,1.0,0.0,0.0
promotion,Random Forest,0,3663,-1,-1,leaf,,0.0,3,2.186178699641005,True,1.0,0.0,0.0
promotion,Random Forest,0,3664,-1,-1,leaf,,0.0,3,2.186178699641005,True,1.0,0.0,0.0
promotion,Random Forest,0,3665,-1,-1,leaf,,0.0,11,12.023982848025527,True,1.0,0.0,0.0
promotion,Random Forest,0,3666,-1,-1,leaf,,0.0,4,4.918902074192262,True,1.0,0.0,0.0
promotion,Random Forest,0,3667,3668,3671,cat__recruitment_channel_other,0.5,0.4598831646567926,11,18.300903533309732,False,0.35837225670228423,0.6416277432977158,0.6416277432977158
promotion,Random Forest,0,3668,3669,3670,num__age,29.0,0.4777546257315771,5,9.696996441565117,False,0.39453584905660377,0.6054641509433962,0.6054641509433962
promotion,Random Forest,0,3669,-1,-1,leaf,,0.26464259482182706,3,6.964273067013861,True,0.15695670449768812,0.8430432955023119,0.8430432955023119
promotion,Random Forest,0,3670,-1,-1,leaf,,-2.220446049250313e-16,2,2.7327233745512567,True,1.0,0.0,0.0
promotion,Random Forest,0,3671,3672,3673,num__avg_training_score,49.5,0.4334708659252019,6,8.603907091744615,False,0.3176142356503691,0.6823857643496308,0.6823857643496308
promotion,Random Forest,0,3672,-1,-1,leaf,,0.0,2,1.0930893498205025,True,1.0,0.0,0.0
promotion,Random Forest,0,3673,3674,3675,num__age,26.0,0.34129359726386665,4,7.510817741924113,False,0.218302997232724,0.7816970027672759,0.7816970027672759
promotion,Random Forest,0,3674,-1,-1,leaf,,0.1558183735588441,2,6.4177283921036095,True,0.08516170232176253,0.9148382976782374,0.9148382976782374
promotion,Random Forest,0,3675,-1,-1,leaf,,8.881784197001252e-16,2,1.0930893498205025,True,1.0,0.0,0.0
promotion,Random Forest,0,3676,-1,-1,leaf,,0.0,8,6.011991424012764,True,1.0,0.0,0.0
promotion,Random Forest,0,3677,-1,-1,leaf,,0.4096350210679287,7,24.71863192541334,True,0.28743826904629377,0.7125617309537063,0.7125617309537063
promotion,Random Forest,0,3678,-1,-1,leaf,,0.0,4,3.825812724371759,True,1.0,0.0,0.0
promotion,Random Forest,0,3679,3680,3681,num__avg_training_score,46.5,0.3566407443659112,11,30.589815642606702,False,0.23226948657830518,0.7677305134216947,0.7677305134216948
promotion,Random Forest,0,3680,-1,-1,leaf,,0.08499325318400885,3,12.288912109296968,True,0.04447461826151171,0.9555253817384883,0.9555253817384883
promotion,Random Forest,0,3681,3682,3683,num__age,27.5,0.4598831646567929,8,18.300903533309732,False,0.3583722567022842,0.6416277432977158,0.6416277432977158
promotion,Random Forest,0,3682,-1,-1,leaf,,0.3062941761706056,3,14.475090808937972,True,0.18878799522721296,0.8112120047727871,0.8112120047727871
promotion,Random Forest,0,3683,-1,-1,leaf,,7.771561172376096e-16,5,3.8258127243717586,True,1.0,0.0,0.0
promotion,Random Forest,0,3684,-1,-1,leaf,,0.0,4,6.0119914240127645,True,1.0,0.0,0.0
promotion,Random Forest,0,3685,-1,-1,leaf,,0.0,2,3.279268049461508,True,1.0,0.0,0.0
promotion,Random Forest,0,3686,-1,-1,leaf,,0.0,8,6.558536098923015,True,1.0,0.0,0.0
promotion,Random Forest,0,3687,-1,-1,leaf,,0.0,29,24.594510370961306,True,1.0,0.0,0.0
promotion,Random Forest,0,3688,3689,3696,num__length_of_service,2.5,0.4239503282125926,26,59.1342602923918,False,0.3050004207858299,0.6949995792141702,0.6949995792141702
promotion,Random Forest,0,3689,3690,3695,num__avg_training_score,51.5,0.26464259482182706,12,48.74991146909703,False,0.1569567044976881,0.8430432955023119,0.8430432955023119
promotion,Random Forest,0,3690,3691,3692,num__avg_training_score,48.5,0.3137888833280579,9,36.460999359800056,False,0.19486796573291262,0.8051320342670875,0.8051320342670875
promotion,Random Forest,0,3691,-1,-1,leaf,,0.21502573346491882,2,13.38200145911747,True,0.12252532102465383,0.8774746789753463,0.8774746789753463
promotion,Random Forest,0,3692,3693,3694,num__avg_training_score,49.5,0.3614670315331432,7,23.078997900682587,False,0.2368147340115173,0.7631852659884828,0.7631852659884828
promotion,Random Forest,0,3693,-1,-1,leaf,,0.34129359726386643,4,15.021635483848224,True,0.21830299723272403,0.781697002767276,0.781697002767276
promotion,Random Forest,0,3694,-1,-1,leaf,,0.3954171736469342,3,8.057362416834364,True,0.2713268420287749,0.7286731579712251,0.7286731579712251
promotion,Random Forest,0,3695,-1,-1,leaf,,0.08499325318400941,3,12.288912109296968,True,0.04447461826151171,0.9555253817384883,0.9555253817384883
promotion,Random Forest,0,3696,-1,-1,leaf,,-4.440892098500626e-16,14,10.384348823294774,True,1.0,0.0,0.0
promotion,Random Forest,0,3697,-1,-1,leaf,,0.0,7,5.4654467491025125,True,1.0,0.0,0.0
promotion,Random Forest,0,3698,-1,-1,leaf,,-9.769962616701378e-15,2,11.742367434386717,True,0.0,1.0,1.0
promotion,Random Forest,0,3699,-1,-1,leaf,,-1.7763568394002505e-15,3,29.35591858596679,True,0.0,1.0,1.0
promotion,Random Forest,0,3700,3701,3702,num__age,29.5,0.4863224159403381,9,14.069353840847127,False,0.5826969892428373,0.4173030107571628,0.4173030107571628
promotion,Random Forest,0,3701,-1,-1,leaf,,0.0,4,4.37235739928201,True,1.0,0.0,0.0
promotion,Random Forest,0,3702,3703,3704,num__avg_training_score,50.0,0.4777546257315769,5,9.696996441565117,False,0.3945358490566037,0.6054641509433962,0.6054641509433962
promotion,Random Forest,0,3703,-1,-1,leaf,,0.0,2,2.7327233745512562,True,1.0,0.0,0.0
promotion,Random Forest,0,3704,-1,-1,leaf,,0.26464259482182706,3,6.964273067013861,True,0.15695670449768812,0.8430432955023119,0.8430432955023119
promotion,Random Forest,0,3705,3706,3767,cat__region_region_15,0.5,0.4328605834362189,206,446.85662409580965,False,0.3167796182683521,0.6832203817316481,0.683220381731648
promotion,Random Forest,0,3706,3707,3764,cat__region_region_16,0.5,0.4154074524336695,188,432.64646254814306,False,0.2943394209305898,0.7056605790694105,0.7056605790694104
promotion,Random Forest,0,3707,3708,3755,num__avg_training_score,53.5,0.42591351136178357,182,406.97554897972867,False,0.3075337839538897,0.6924662160461106,0.6924662160461105
promotion,Random Forest,0,3708,3709,3738,num__avg_training_score,49.5,0.4851737675452671,166,290.50415627886264,False,0.41390054455824676,0.5860994554417535,0.5860994554417533
promotion,Random Forest,0,3709,3710,3735,num__no_of_trainings,1.5,0.43511937753998253,79,164.02077941805794,False,0.31988805916872504,0.680111940831275,0.680111940831275
promotion,Random Forest,0,3710,3711,3714,cat__gender_m,0.5,0.4406001584934427,73,148.45259925929946,False,0.3276633505220709,0.6723366494779291,0.6723366494779291
promotion,Random Forest,0,3711,3712,3713,cat__recruitment_channel_other,0.5,0.32455355688615095,12,29.496726292786196,False,0.20381893788271255,0.7961810621172875,0.7961810621172875
promotion,Random Forest,0,3712,-1,-1,leaf,,0.3954171736469344,4,8.057362416834364,True,0.2713268420287749,0.7286731579712251,0.7286731579712251
promotion,Random Forest,0,3713,-1,-1,leaf,,0.2932086897501166,8,21.439363875951834,True,0.1784480522140448,0.8215519477859552,0.8215519477859552
promotion,Random Forest,0,3714,3715,3726,cat__region_region_2,0.5,0.4598831646567926,61,118.95587296651327,False,0.3583722567022842,0.6416277432977158,0.6416277432977158
promotion,Random Forest,0,3715,3716,3721,cat__recruitment_channel_other,0.5,0.49368272313910067,45,73.89096651496858,False,0.44379823463226786,0.5562017653677322,0.5562017653677322
promotion,Random Forest,0,3716,3717,3720,cat__region_region_26,0.5,0.49133254299669515,19,27.04561833187375,False,0.5658310603108628,0.43416893968913717,0.43416893968913717
promotion,Random Forest,0,3717,3718,3719,num__avg_training_score,47.5,0.49714066223398223,17,25.405984307142997,False,0.5378109624713379,0.46218903752866214,0.46218903752866214
promotion,Random Forest,0,3718,-1,-1,leaf,,0.0,8,6.011991424012764,True,1.0,0.0,0.0
promotion,Random Forest,0,3719,-1,-1,leaf,,0.4777546257315771,9,19.393992883130235,True,0.39453584905660377,0.6054641509433962,0.6054641509433962
promotion,Random Forest,0,3720,-1,-1,leaf,,0.0,2,1.639634024730754,True,1.0,0.0,0.0
promotion,Random Forest,0,3721,3722,3725,num__length_of_service,5.5,0.4679165145175228,26,46.84534818309483,False,0.37334399840023996,0.6266560015997601,0.6266560015997601
promotion,Random Forest,0,3722,3723,3724,cat__region_region_4,0.5,0.34129359726386665,11,30.04327096769645,False,0.21830299723272398,0.7816970027672759,0.781697002767276
promotion,Random Forest,0,3723,-1,-1,leaf,,0.2863755447049702,9,28.403636942965697,True,0.17317859977119768,0.8268214002288022,0.8268214002288024
promotion,Random Forest,0,3724,-1,-1,leaf,,0.0,2,1.639634024730754,True,1.0,0.0,0.0
promotion,Random Forest,0,3725,-1,-1,leaf,,0.45465856448975805,15,16.802077215398384,True,0.6505679838316258,0.3494320161683741,0.3494320161683741
promotion,Random Forest,0,3726,3727,3734,num__age,37.5,0.341293597263867,16,45.06490645154467,False,0.218302997232724,0.781697002767276,0.781697002767276
promotion,Random Forest,0,3727,3728,3733,cat__recruitment_channel_referred,0.5,0.2932086897501166,13,42.87872775190367,False,0.1784480522140448,0.8215519477859552,0.8215519477859552
promotion,Random Forest,0,3728,3729,3730,cat__recruitment_channel_sourcing,0.5,0.17673546651351701,9,39.05291502753191,False,0.09796484389640568,0.9020351561035943,0.9020351561035943
promotion,Random Forest,0,3729,-1,-1,leaf,,0.05838029916382992,3,18.160095826490327,True,0.03009591359716289,0.9699040864028371,0.9699040864028371
promotion,Random Forest,0,3730,3731,3732,num__length_of_service,7.0,0.26464259482182695,6,20.892819201041583,False,0.15695670449768812,0.8430432955023119,0.8430432955023119
promotion,Random Forest,0,3731,-1,-1,leaf,,0.05838029916382992,3,18.160095826490327,True,0.03009591359716289,0.9699040864028371,0.9699040864028371
promotion,Random Forest,0,3732,-1,-1,leaf,,-6.661338147750939e-16,3,2.7327233745512562,True,1.0,0.0,0.0
promotion,Random Forest,0,3733,-1,-1,leaf,,0.0,4,3.825812724371759,True,1.0,0.0,0.0
promotion,Random Forest,0,3734,-1,-1,leaf,,0.0,3,2.186178699641005,True,1.0,0.0,0.0
promotion,Random Forest,0,3735,3736,3737,num__length_of_service,7.5,0.3707094622444588,6,15.568180158758475,False,0.24574566104435797,0.7542543389556421,0.7542543389556421
promotion,Random Forest,0,3736,-1,-1,leaf,,-4.440892098500626e-16,4,3.279268049461508,True,1.0,0.0,0.0
promotion,Random Forest,0,3737,-1,-1,leaf,,0.08499325318400885,2,12.288912109296968,True,0.04447461826151171,0.9555253817384883,0.9555253817384883
promotion,Random Forest,0,3738,3739,3748,num__avg_training_score,52.5,0.4974347424440244,87,126.48337686080475,False,0.5358138070859216,0.4641861929140783,0.4641861929140783
promotion,Random Forest,0,3739,3740,3747,cat__region_region_7,0.5,0.44778615784449927,67,86.74310945154318,False,0.661576362992086,0.3384236370079139,0.33842363700791395
promotion,Random Forest,0,3740,3741,3746,cat__recruitment_channel_other,0.5,0.1856524300545389,57,56.69983848384672,False,0.8964514913236304,0.10354850867636962,0.10354850867636962
promotion,Random Forest,0,3741,3742,3745,cat__region_region_13,0.5,0.3290192166691148,28,28.27951538851366,False,0.7923873999772264,0.20761260002277365,0.20761260002277365
promotion,Random Forest,0,3742,3743,3744,cat__region_region_23,0.5,0.37054364550176033,23,23.90715798923165,False,0.7544173289088616,0.24558267109113843,0.24558267109113843
promotion,Random Forest,0,3743,-1,-1,leaf,,0.3944759475439985,21,21.720979289590645,True,0.7296998611841129,0.27030013881588705,0.27030013881588705
promotion,Random Forest,0,3744,-1,-1,leaf,,0.0,2,2.186178699641005,True,1.0,0.0,0.0
promotion,Random Forest,0,3745,-1,-1,leaf,,0.0,5,4.37235739928201,True,1.0,0.0,0.0
promotion,Random Forest,0,3746,-1,-1,leaf,,-2.220446049250313e-16,29,28.420323095333064,True,1.0,0.0,0.0
promotion,Random Forest,0,3747,-1,-1,leaf,,0.341293597263867,10,30.04327096769645,True,0.21830299723272398,0.7816970027672759,0.781697002767276
promotion,Random Forest,0,3748,3749,3754,cat__region_region_11,0.5,0.386049832365019,20,39.74026740926157,False,0.2613054591795393,0.7386945408204606,0.7386945408204607
promotion,Random Forest,0,3749,3750,3751,cat__gender_m,0.5,0.3652285193927476,18,38.64717805944106,False,0.24041236488687234,0.7595876351131277,0.7595876351131277
promotion,Random Forest,0,3750,-1,-1,leaf,,0.0,3,2.186178699641005,True,1.0,0.0,0.0
promotion,Random Forest,0,3751,3752,3753,cat__region_region_31,0.5,0.313788883328058,15,36.460999359800056,False,0.19486796573291262,0.8051320342670875,0.8051320342670875
promotion,Random Forest,0,3752,-1,-1,leaf,,0.34129359726386654,13,30.043270967696447,True,0.218302997232724,0.781697002767276,0.781697002767276
promotion,Random Forest,0,3753,-1,-1,leaf,,0.15581837355884398,2,6.4177283921036095,True,0.08516170232176253,0.9148382976782374,0.9148382976782374
promotion,Random Forest,0,3754,-1,-1,leaf,,0.0,2,1.0930893498205025,True,1.0,0.0,0.0
promotion,Random Forest,0,3755,3756,3763,num__length_of_service,8.5,0.08089820891247934,16,116.47139270086608,False,0.04223270590423432,0.9577672940957657,0.9577672940957657
promotion,Random Forest,0,3756,3757,3762,num__age,34.5,0.11375788139701959,12,81.24429039770592,False,0.060544587811812,0.939455412188188,0.939455412188188
promotion,Random Forest,0,3757,3758,3761,num__awards_won?,0.5,0.027839756126901483,8,77.41847767333417,False,0.01411923074014414,0.9858807692598559,0.9858807692598559
promotion,Random Forest,0,3758,3759,3760,cat__recruitment_channel_other,0.5,0.016642465131959105,6,65.1295655640372,False,0.008391652395913395,0.9916083476040866,0.9916083476040866
promotion,Random Forest,0,3759,-1,-1,leaf,,0.0,3,46.969469737546866,True,0.0,1.0,1.0
promotion,Random Forest,0,3760,-1,-1,leaf,,0.05838029916382992,3,18.160095826490327,True,0.03009591359716289,0.9699040864028371,0.9699040864028371
promotion,Random Forest,0,3761,-1,-1,leaf,,0.08499325318400885,2,12.288912109296968,True,0.04447461826151171,0.9555253817384883,0.9555253817384883
promotion,Random Forest,0,3762,-1,-1,leaf,,0.0,4,3.825812724371759,True,1.0,0.0,0.0
promotion,Random Forest,0,3763,-1,-1,leaf,,0.0,4,35.22710230316015,True,0.0,1.0,1.0
promotion,Random Forest,0,3764,3765,3766,num__avg_training_score,50.5,0.15581837355884431,6,25.670913568414438,False,0.08516170232176253,0.9148382976782374,0.9148382976782374
promotion,Random Forest,0,3765,-1,-1,leaf,,0.11003756798143471,3,18.706640501400578,True,0.058433225877124344,0.9415667741228757,0.9415667741228757
promotion,Random Forest,0,3766,-1,-1,leaf,,0.26464259482182695,3,6.964273067013861,True,0.15695670449768812,0.8430432955023119,0.8430432955023119
promotion,Random Forest,0,3767,-1,-1,leaf,,0.0,18,14.210161547666532,True,1.0,0.0,0.0
promotion,Random Forest,0,3768,-1,-1,leaf,,0.0,12,12.570527522935778,True,1.0,0.0,0.0
promotion,Random Forest,0,3769,3770,3893,num__avg_training_score,67.5,0.39391138084769883,476,1213.929001567441,False,0.26968649719095833,0.7303135028090384,0.7303135028090408
promotion,Random Forest,0,3770,3771,3892,num__avg_training_score,64.5,0.45741799381547155,277,572.6526485748846,False,0.3540856309602621,0.6459143690397382,0.6459143690397381
promotion,Random Forest,0,3771,3772,3819,cat__department_Operations,0.5,0.44853641532995336,264,560.082121051949,False,0.3395886776595144,0.6604113223404855,0.6604113223404856
promotion,Random Forest,0,3772,3773,3790,cat__department_Sales & Marketing,0.5,0.4920256572707278,144,250.2173441946909,False,0.4368559475117695,0.5631440524882304,0.5631440524882305
promotion,Random Forest,0,3773,3774,3779,cat__gender_m,0.5,0.46812025162388604,62,78.5449393278894,False,0.6262532145652417,0.37374678543475837,0.37374678543475837
promotion,Random Forest,0,3774,3775,3778,cat__recruitment_channel_other,0.5,0.4614583729927263,14,16.255532540488133,False,0.6388193556520017,0.36118064434799835,0.36118064434799835
promotion,Random Forest,0,3775,3776,3777,num__length_of_service,3.5,0.3954171736469344,4,8.057362416834364,False,0.2713268420287749,0.7286731579712251,0.7286731579712251
promotion,Random Forest,0,3776,-1,-1,leaf,,0.0,2,1.0930893498205025,True,1.0,0.0,0.0
promotion,Random Forest,0,3777,-1,-1,leaf,,0.26464259482182706,2,6.964273067013861,True,0.15695670449768812,0.8430432955023119,0.8430432955023119
promotion,Random Forest,0,3778,-1,-1,leaf,,0.0,10,8.19817012365377,True,1.0,0.0,0.0
promotion,Random Forest,0,3779,3780,3789,cat__education_Below Secondary,0.5,0.469754861604744,48,62.28940678740127,False,0.6229738557483986,0.37702614425160147,0.37702614425160147
promotion,Random Forest,0,3780,3781,3782,num__avg_training_score,59.5,0.4745608214850362,45,60.649772762670516,False,0.6127811564822859,0.3872188435177141,0.3872188435177141
promotion,Random Forest,0,3781,-1,-1,leaf,,-2.220446049250313e-16,32,27.873778420422813,True,1.0,0.0,0.0
promotion,Random Forest,0,3782,3783,3786,cat__recruitment_channel_sourcing,0.5,0.4062360810349507,13,32.77599434224771,False,0.28347757741396706,0.7165224225860328,0.7165224225860329
promotion,Random Forest,0,3783,3784,3785,num__age,30.5,0.21502573346491882,6,26.76400291823494,False,0.12252532102465381,0.8774746789753463,0.8774746789753463
promotion,Random Forest,0,3784,-1,-1,leaf,,0.4334708659252018,4,8.603907091744615,True,0.31761423565036917,0.6823857643496308,0.6823857643496308
promotion,Random Forest,0,3785,-1,-1,leaf,,0.05838029916382992,2,18.160095826490327,True,0.03009591359716289,0.9699040864028371,0.9699040864028371
promotion,Random Forest,0,3786,3787,3788,num__length_of_service,3.5,5.551115123125783e-16,7,6.0119914240127645,False,1.0,0.0,0.0
promotion,Random Forest,0,3787,-1,-1,leaf,,0.0,2,1.0930893498205025,True,1.0,0.0,0.0
promotion,Random Forest,0,3788,-1,-1,leaf,,0.0,5,4.918902074192261,True,1.0,0.0,0.0
promotion,Random Forest,0,3789,-1,-1,leaf,,0.0,3,1.639634024730754,True,1.0,0.0,0.0
promotion,Random Forest,0,3790,3791,3816,num__avg_training_score,55.5,0.45512075089859183,82,171.67240486680146,False,0.3502013866863108,0.6497986133136893,0.6497986133136893
promotion,Random Forest,0,3791,3792,3805,cat__gender_f,0.5,0.49123822569668973,77,134.80566853891057,False,0.4338117295009521,0.5661882704990477,0.5661882704990479
promotion,Random Forest,0,3792,3793,3794,num__KPIs_met >80%,0.5,0.4830296628725096,54,99.15614311529217,False,0.40788502530128307,0.5921149746987171,0.592114974698717
promotion,Random Forest,0,3793,-1,-1,leaf,,0.0,20,17.48942959712804,True,1.0,0.0,0.0
promotion,Random Forest,0,3794,3795,3796,cat__recruitment_channel_other,0.5,0.4041480297839445,34,81.66671351816413,False,0.28107995727200386,0.7189200427279963,0.7189200427279963
promotion,Random Forest,0,3795,-1,-1,leaf,,0.3491338636455742,18,60.63308661030315,True,0.22534918864635986,0.7746508113536401,0.7746508113536401
promotion,Random Forest,0,3796,3797,3798,num__age,28.0,0.4932100503634781,16,21.033626907860988,False,0.4417335875631515,0.5582664124368485,0.5582664124368485
promotion,Random Forest,0,3797,-1,-1,leaf,,0.0,5,3.2792680494615074,True,1.0,0.0,0.0
promotion,Random Forest,0,3798,3799,3804,num__avg_training_score,51.5,0.44791337032217116,11,17.75435885839948,False,0.33862058731388806,0.6613794126861119,0.6613794126861119
promotion,Random Forest,0,3799,3800,3803,num__age,30.5,0.4961055060456647,8,10.79008579138562,False,0.45587237852356277,0.5441276214764372,0.5441276214764372
promotion,Random Forest,0,3800,3801,3802,num__length_of_service,3.0,0.3954171736469344,4,8.057362416834364,False,0.2713268420287749,0.7286731579712251,0.7286731579712251
promotion,Random Forest,0,3801,-1,-1,leaf,,0.1558183735588441,2,6.4177283921036095,True,0.08516170232176253,0.9148382976782374,0.9148382976782374
promotion,Random Forest,0,3802,-1,-1,leaf,,6.661338147750939e-16,2,1.639634024730754,True,1.0,0.0,0.0
promotion,Random Forest,0,3803,-1,-1,leaf,,-2.220446049250313e-16,4,2.7327233745512562,True,1.0,0.0,0.0
promotion,Random Forest,0,3804,-1,-1,leaf,,0.2646425948218267,3,6.964273067013861,True,0.15695670449768812,0.8430432955023119,0.8430432955023119
promotion,Random Forest,0,3805,3806,3809,cat__recruitment_channel_other,0.5,0.4999297966462749,23,35.649525423618364,False,0.5059246668144755,0.49407533318552466,0.49407533318552466
promotion,Random Forest,0,3806,3807,3808,num__KPIs_met >80%,0.5,0.46812025162388593,12,15.70898786557788,False,0.6262532145652417,0.3737467854347583,0.3737467854347583
promotion,Random Forest,0,3807,-1,-1,leaf,,-4.440892098500626e-16,8,7.105080773833267,True,1.0,0.0,0.0
promotion,Random Forest,0,3808,-1,-1,leaf,,0.4334708659252019,4,8.603907091744615,True,0.3176142356503691,0.6823857643496308,0.6823857643496308
promotion,Random Forest,0,3809,3810,3811,num__avg_training_score,48.5,0.48420454778537725,11,19.940537558040486,False,0.4111308483932058,0.5888691516067942,0.5888691516067942
promotion,Random Forest,0,3810,-1,-1,leaf,,0.0,4,3.825812724371759,True,1.0,0.0,0.0
promotion,Random Forest,0,3811,3812,3813,num__length_of_service,3.5,0.3954171736469344,7,16.114724833668728,False,0.2713268420287749,0.7286731579712251,0.7286731579712251
promotion,Random Forest,0,3812,-1,-1,leaf,,0.0,2,11.742367434386717,True,0.0,1.0,1.0
promotion,Random Forest,0,3813,3814,3815,num__age,29.5,3.3306690738754696e-16,5,4.37235739928201,False,1.0,0.0,0.0
promotion,Random Forest,0,3814,-1,-1,leaf,,0.0,2,2.7327233745512562,True,1.0,0.0,0.0
promotion,Random Forest,0,3815,-1,-1,leaf,,0.0,3,1.639634024730754,True,1.0,0.0,0.0
promotion,Random Forest,0,3816,3817,3818,num__age,28.5,0.08499325318400885,5,36.866736327890905,False,0.04447461826151171,0.9555253817384883,0.9555253817384883
promotion,Random Forest,0,3817,-1,-1,leaf,,0.1558183735588441,3,19.25318517631083,True,0.08516170232176254,0.9148382976782375,0.9148382976782375
promotion,Random Forest,0,3818,-1,-1,leaf,,0.0,2,17.613551151580076,True,0.0,1.0,1.0
promotion,Random Forest,0,3819,3820,3855,num__length_of_service,4.5,0.38580089630315695,120,309.8647768572581,False,0.2610448748228626,0.7389551251771378,0.7389551251771375
promotion,Random Forest,0,3820,3821,3838,cat__recruitment_channel_other,0.5,0.47775462573157645,61,116.36395729878141,False,0.3945358490566037,0.6054641509433962,0.6054641509433962
promotion,Random Forest,0,3821,3822,3837,cat__gender_f,0.5,0.4994198700990642,32,48.62578991464499,False,0.5170312932705622,0.48296870672943787,0.48296870672943787
promotion,Random Forest,0,3822,3823,3828,cat__recruitment_channel_sourcing,0.5,0.4648112891810823,24,31.96452040606601,False,0.6326437160571842,0.36735628394281583,0.36735628394281583
promotion,Random Forest,0,3823,3824,3827,num__length_of_service,3.5,0.4777546257315771,6,9.696996441565117,False,0.39453584905660377,0.6054641509433962,0.6054641509433962
promotion,Random Forest,0,3824,3825,3826,num__age,29.0,0.3954171736469343,4,8.057362416834364,False,0.2713268420287749,0.7286731579712251,0.7286731579712251
promotion,Random Forest,0,3825,-1,-1,leaf,,0.1558183735588441,2,6.4177283921036095,True,0.08516170232176253,0.9148382976782374,0.9148382976782374
promotion,Random Forest,0,3826,-1,-1,leaf,,6.661338147750939e-16,2,1.639634024730754,True,1.0,0.0,0.0
promotion,Random Forest,0,3827,-1,-1,leaf,,0.0,2,1.639634024730754,True,1.0,0.0,0.0
promotion,Random Forest,0,3828,3829,3836,num__age,28.5,0.38829225773361187,18,22.267523964500896,False,0.7363342360581601,0.26366576394184,0.26366576394184
promotion,Random Forest,0,3829,3830,3831,num__KPIs_met >80%,0.5,0.4954790627121377,10,12.976264491026624,False,0.5475443860401109,0.45245561395988904,0.45245561395988904
promotion,Random Forest,0,3830,-1,-1,leaf,,0.0,3,2.7327233745512567,True,1.0,0.0,0.0
promotion,Random Forest,0,3831,3832,3835,num__no_of_trainings,1.5,0.489295351903807,7,10.243541116475368,False,0.42684042066758116,0.5731595793324189,0.5731595793324189
promotion,Random Forest,0,3832,3833,3834,num__length_of_service,3.5,0.4334708659252019,5,8.603907091744615,False,0.3176142356503691,0.6823857643496308,0.6823857643496308
promotion,Random Forest,0,3833,-1,-1,leaf,,3.3306690738754696e-16,3,2.186178699641005,True,1.0,0.0,0.0
promotion,Random Forest,0,3834,-1,-1,leaf,,0.1558183735588441,2,6.4177283921036095,True,0.08516170232176253,0.9148382976782374,0.9148382976782374
promotion,Random Forest,0,3835,-1,-1,leaf,,0.0,2,1.639634024730754,True,1.0,0.0,0.0
promotion,Random Forest,0,3836,-1,-1,leaf,,0.0,8,9.291259473474272,True,1.0,0.0,0.0
promotion,Random Forest,0,3837,-1,-1,leaf,,0.41613827185449537,8,16.66126950857898,True,0.29522972854256346,0.7047702714574365,0.7047702714574365
promotion,Random Forest,0,3838,3839,3840,num__KPIs_met >80%,0.5,0.42519488457856547,29,67.73816738413642,False,0.30660259125128564,0.6933974087487144,0.6933974087487144
promotion,Random Forest,0,3839,-1,-1,leaf,,0.0,8,7.651625448743518,True,1.0,0.0,0.0
promotion,Random Forest,0,3840,3841,3854,num__avg_training_score,61.5,0.34129359726386643,21,60.0865419353929,False,0.21830299723272398,0.7816970027672759,0.781697002767276
promotion,Random Forest,0,3841,3842,3847,cat__gender_m,0.5,0.3062941761706056,17,57.90036323575189,False,0.18878799522721296,0.8112120047727871,0.8112120047727871
promotion,Random Forest,0,3842,3843,3846,num__age,33.5,0.4334708659252019,7,17.20781418348923,False,0.3176142356503691,0.6823857643496308,0.6823857643496308
promotion,Random Forest,0,3843,3844,3845,num__avg_training_score,60.5,0.4961055060456647,5,10.79008579138562,False,0.4558723785235628,0.5441276214764372,0.5441276214764372
promotion,Random Forest,0,3844,-1,-1,leaf,,0.34129359726386665,2,7.510817741924113,True,0.218302997232724,0.7816970027672759,0.7816970027672759
promotion,Random Forest,0,3845,-1,-1,leaf,,-8.881784197001252e-16,3,3.279268049461508,True,1.0,0.0,0.0
promotion,Random Forest,0,3846,-1,-1,leaf,,0.15581837355884387,2,6.4177283921036095,True,0.08516170232176253,0.9148382976782374,0.9148382976782374
promotion,Random Forest,0,3847,3848,3849,num__avg_training_score,56.5,0.23254274366399408,10,40.69254905226266,False,0.13431074917629454,0.8656892508237055,0.8656892508237055
promotion,Random Forest,0,3848,-1,-1,leaf,,0.05838029916382992,2,18.160095826490327,True,0.03009591359716289,0.9699040864028371,0.9699040864028371
promotion,Random Forest,0,3849,3850,3853,num__no_of_trainings,1.5,0.34129359726386654,8,22.532453225772336,False,0.218302997232724,0.781697002767276,0.781697002767276
promotion,Random Forest,0,3850,3851,3852,num__length_of_service,3.5,0.23254274366399408,6,20.34627452613133,False,0.13431074917629457,0.8656892508237055,0.8656892508237055
promotion,Random Forest,0,3851,-1,-1,leaf,,0.26464259482182684,4,13.928546134027721,True,0.15695670449768812,0.8430432955023119,0.8430432955023119
promotion,Random Forest,0,3852,-1,-1,leaf,,0.15581837355884398,2,6.4177283921036095,True,0.08516170232176253,0.9148382976782374,0.9148382976782374
promotion,Random Forest,0,3853,-1,-1,leaf,,0.0,2,2.186178699641005,True,1.0,0.0,0.0
promotion,Random Forest,0,3854,-1,-1,leaf,,0.0,4,2.186178699641005,True,1.0,0.0,0.0
promotion,Random Forest,0,3855,3856,3869,num__length_of_service,5.5,0.29618254034939906,59,193.5008195584768,False,0.18076853252647498,0.819231467473525,0.819231467473525
promotion,Random Forest,0,3856,3857,3864,num__avg_training_score,59.5,0.19259703750989876,16,65.81691794576685,False,0.10795219520439796,0.8920478047956022,0.892047804795602
promotion,Random Forest,0,3857,3858,3861,num__age,28.5,0.10391786597797414,10,49.70219311209812,False,0.0549819475448072,0.9450180524551928,0.9450180524551928
promotion,Random Forest,0,3858,3859,3860,cat__recruitment_channel_referred,0.5,0.04445161392177521,4,24.031279543683684,False,0.022743053440693863,0.9772569465593062,0.9772569465593062
promotion,Random Forest,0,3859,-1,-1,leaf,,0.0,2,17.613551151580076,True,0.0,1.0,1.0
promotion,Random Forest,0,3860,-1,-1,leaf,,0.15581837355884398,2,6.4177283921036095,True,0.08516170232176253,0.9148382976782374,0.9148382976782374
promotion,Random Forest,0,3861,3862,3863,cat__recruitment_channel_sourcing,0.5,0.1558183735588441,6,25.670913568414438,False,0.08516170232176253,0.9148382976782374,0.9148382976782374
promotion,Random Forest,0,3862,-1,-1,leaf,,0.0,2,11.742367434386717,True,0.0,1.0,1.0
promotion,Random Forest,0,3863,-1,-1,leaf,,0.26464259482182684,4,13.928546134027721,True,0.15695670449768812,0.8430432955023119,0.8430432955023119
promotion,Random Forest,0,3864,3865,3868,num__age,31.0,0.3954171736469342,6,16.114724833668728,False,0.2713268420287749,0.7286731579712251,0.7286731579712251
promotion,Random Forest,0,3865,3866,3867,num__no_of_trainings,1.5,0.3062941761706056,4,14.475090808937972,False,0.18878799522721296,0.8112120047727871,0.8112120047727871
promotion,Random Forest,0,3866,-1,-1,leaf,,0.0,2,1.639634024730754,True,1.0,0.0,0.0
promotion,Random Forest,0,3867,-1,-1,leaf,,0.1558183735588441,2,12.835456784207219,True,0.08516170232176253,0.9148382976782374,0.9148382976782374
promotion,Random Forest,0,3868,-1,-1,leaf,,0.0,2,1.639634024730754,True,1.0,0.0,0.0
promotion,Random Forest,0,3869,3870,3891,cat__recruitment_channel_referred,0.5,0.34129359726386643,43,127.6839016127099,False,0.218302997232724,0.7816970027672762,0.7816970027672759
promotion,Random Forest,0,3870,3871,3872,num__KPIs_met >80%,0.5,0.2994611813276168,36,122.2184548636074,False,0.18334654693783695,0.8166534530621631,0.8166534530621631
promotion,Random Forest,0,3871,-1,-1,leaf,,0.0,9,8.19817012365377,True,1.0,0.0,0.0
promotion,Random Forest,0,3872,3873,3880,cat__gender_f,0.5,0.2181922697432367,27,114.02028473995364,False,0.1246283639799329,0.8753716360200671,0.8753716360200671
promotion,Random Forest,0,3873,3874,3877,num__no_of_trainings,1.5,0.13152941433355336,11,69.5019229633192,False,0.07077361121056022,0.9292263887894398,0.9292263887894398
promotion,Random Forest,0,3874,3875,3876,num__age,36.0,0.1867369060271874,5,26.21745824332469,False,0.10423296374457061,0.8957670362554294,0.8957670362554294
promotion,Random Forest,0,3875,-1,-1,leaf,,0.08499325318400885,3,24.577824218593936,True,0.04447461826151171,0.9555253817384883,0.9555253817384883
promotion,Random Forest,0,3876,-1,-1,leaf,,-4.440892098500626e-16,2,1.639634024730754,True,1.0,0.0,0.0
promotion,Random Forest,0,3877,3878,3879,num__no_of_trainings,2.5,0.09591251125736322,6,43.28446471999452,False,0.050507236575138635,0.9494927634248613,0.9494927634248613
promotion,Random Forest,0,3878,-1,-1,leaf,,0.0,2,11.742367434386717,True,0.0,1.0,1.0
promotion,Random Forest,0,3879,-1,-1,leaf,,0.12901202587558025,4,31.542097285607795,True,0.06930987118090359,0.9306901288190964,0.9306901288190964
promotion,Random Forest,0,3880,3881,3886,num__age,36.5,0.33029587967577334,16,44.51836177663442,False,0.20870623047838238,0.7912937695216177,0.7912937695216177
promotion,Random Forest,0,3881,3882,3885,num__avg_training_score,58.5,0.49547906271213793,10,12.976264491026624,False,0.5475443860401109,0.45245561395988904,0.45245561395988904
promotion,Random Forest,0,3882,3883,3884,cat__recruitment_channel_other,0.5,0.4334708659252019,4,8.603907091744615,False,0.31761423565036917,0.6823857643496308,0.6823857643496308
promotion,Random Forest,0,3883,-1,-1,leaf,,0.0,2,1.639634024730754,True,1.0,0.0,0.0
promotion,Random Forest,0,3884,-1,-1,leaf,,0.26464259482182706,2,6.964273067013861,True,0.15695670449768812,0.8430432955023119,0.8430432955023119
promotion,Random Forest,0,3885,-1,-1,leaf,,0.0,6,4.37235739928201,True,1.0,0.0,0.0
promotion,Random Forest,0,3886,3887,3888,cat__recruitment_channel_sourcing,0.5,0.12901202587558014,6,31.542097285607795,False,0.06930987118090359,0.9306901288190964,0.9306901288190964
promotion,Random Forest,0,3887,-1,-1,leaf,,0.0,2,23.484734868773433,True,0.0,1.0,1.0
promotion,Random Forest,0,3888,3889,3890,num__avg_training_score,60.0,0.3954171736469342,4,8.057362416834364,False,0.2713268420287749,0.7286731579712251,0.7286731579712251
promotion,Random Forest,0,3889,-1,-1,leaf,,0.0,2,1.0930893498205025,True,1.0,0.0,0.0
promotion,Random Forest,0,3890,-1,-1,leaf,,0.26464259482182706,2,6.964273067013861,True,0.15695670449768812,0.8430432955023119,0.8430432955023119
promotion,Random Forest,0,3891,-1,-1,leaf,,0.0,7,5.4654467491025125,True,1.0,0.0,0.0
promotion,Random Forest,0,3892,-1,-1,leaf,,0.0,13,12.570527522935778,True,1.0,0.0,0.0
promotion,Random Forest,0,3893,3894,3989,num__length_of_service,8.5,0.3131182643803714,199,641.2763529925523,False,0.19431900973430172,0.8056809902656986,0.8056809902656983
promotion,Random Forest,0,3894,3895,3964,cat__recruitment_channel_sourcing,0.5,0.3045541715226592,193,635.81090624345,False,0.1873933554150357,0.8126066445849643,0.8126066445849643
promotion,Random Forest,0,3895,3896,3905,num__avg_training_score,79.5,0.3172266431661239,119,373.21390068974506,False,0.19769770358639618,0.8023022964136042,0.8023022964136038
promotion,Random Forest,0,3896,3897,3902,cat__gender_f,0.5,0.08499325318400897,20,122.8891210929697,False,0.044474618261511695,0.9555253817384883,0.9555253817384883
promotion,Random Forest,0,3897,3898,3901,num__age,29.5,0.10391786597797448,10,49.70219311209813,False,0.05498194754480718,0.9450180524551929,0.9450180524551929
promotion,Random Forest,0,3898,3899,3900,num__length_of_service,2.5,0.18673690602718707,6,26.21745824332469,False,0.10423296374457061,0.8957670362554294,0.8957670362554294
promotion,Random Forest,0,3899,-1,-1,leaf,,0.3954171736469344,3,8.057362416834364,True,0.2713268420287749,0.7286731579712251,0.7286731579712251
promotion,Random Forest,0,3900,-1,-1,leaf,,0.05838029916382992,3,18.160095826490327,True,0.03009591359716289,0.9699040864028371,0.9699040864028371
promotion,Random Forest,0,3901,-1,-1,leaf,,2.220446049250313e-16,4,23.484734868773433,True,0.0,1.0,1.0
promotion,Random Forest,0,3902,3903,3904,cat__department_Procurement,0.5,0.0718895139708563,10,73.18692798087156,False,0.037338954509273735,0.9626610454907263,0.9626610454907263
promotion,Random Forest,0,3903,-1,-1,leaf,,0.0,6,70.4542046063203,True,0.0,1.0,1.0
promotion,Random Forest,0,3904,-1,-1,leaf,,-6.661338147750939e-16,4,2.7327233745512567,True,1.0,0.0,0.0
promotion,Random Forest,0,3905,3906,3919,num__length_of_service,2.5,0.39686733520919404,99,250.32477959677556,False,0.2729177849425396,0.7270822150574605,0.7270822150574605
promotion,Random Forest,0,3906,3907,3918,cat__department_Finance,0.5,0.4976232585019724,22,37.83570412325937,False,0.5344727537196221,0.46552724628037795,0.46552724628037795
promotion,Random Forest,0,3907,3908,3909,num__KPIs_met >80%,0.5,0.34875771292124536,20,26.093336688872654,False,0.7749929881640208,0.22500701183597915,0.22500701183597915
promotion,Random Forest,0,3908,-1,-1,leaf,,0.0,7,7.651625448743518,True,1.0,0.0,0.0
promotion,Random Forest,0,3909,3910,3917,cat__recruitment_channel_referred,0.5,0.43401699332762034,13,18.441711240129138,False,0.6816356334428623,0.3183643665571376,0.3183643665571377
promotion,Random Forest,0,3910,3911,3916,cat__gender_f,0.5,0.4546585644897586,11,16.802077215398384,False,0.6505679838316258,0.3494320161683741,0.3494320161683741
promotion,Random Forest,0,3911,3912,3915,num__no_of_trainings,1.5,0.4745608214850363,9,15.162443190667629,False,0.6127811564822859,0.3872188435177141,0.3872188435177141
promotion,Random Forest,0,3912,3913,3914,cat__department_R&D,0.5,0.4334708659252019,4,8.603907091744615,False,0.31761423565036917,0.6823857643496308,0.6823857643496308
promotion,Random Forest,0,3913,-1,-1,leaf,,0.0,2,2.186178699641005,True,1.0,0.0,0.0
promotion,Random Forest,0,3914,-1,-1,leaf,,0.15581837355884443,2,6.4177283921036095,True,0.08516170232176253,0.9148382976782374,0.9148382976782374
promotion,Random Forest,0,3915,-1,-1,leaf,,-2.220446049250313e-16,5,6.558536098923016,True,1.0,0.0,0.0
promotion,Random Forest,0,3916,-1,-1,leaf,,0.0,2,1.639634024730754,True,1.0,0.0,0.0
promotion,Random Forest,0,3917,-1,-1,leaf,,0.0,2,1.639634024730754,True,1.0,0.0,0.0
promotion,Random Forest,0,3918,-1,-1,leaf,,0.0,2,11.742367434386717,True,0.0,1.0,1.0
promotion,Random Forest,0,3919,3920,3925,num__avg_training_score,81.5,0.35022635384035483,77,212.48907547351618,False,0.2263454311000407,0.7736545688999593,0.7736545688999593
promotion,Random Forest,0,3920,3921,3924,cat__department_R&D,0.5,0.48067360886874655,11,14.615898515757378,False,0.5983015542381029,0.40169844576189717,0.40169844576189717
promotion,Random Forest,0,3921,3922,3923,num__no_of_trainings,1.5,0.4777546257315771,6,9.696996441565117,False,0.39453584905660377,0.6054641509433962,0.6054641509433962
promotion,Random Forest,0,3922,-1,-1,leaf,,0.0,3,2.7327233745512562,True,1.0,0.0,0.0
promotion,Random Forest,0,3923,-1,-1,leaf,,0.26464259482182706,3,6.964273067013861,True,0.15695670449768812,0.8430432955023119,0.8430432955023119
promotion,Random Forest,0,3924,-1,-1,leaf,,0.0,5,4.918902074192261,True,1.0,0.0,0.0
promotion,Random Forest,0,3925,3926,3963,num__age,33.5,0.31864252908598456,66,197.8731769577588,False,0.19887089902002553,0.8011291009799745,0.8011291009799745
promotion,Random Forest,0,3926,3927,3960,cat__gender_f,0.5,0.2961825403493995,61,193.5008195584768,False,0.18076853252647498,0.819231467473525,0.819231467473525
promotion,Random Forest,0,3927,3928,3959,cat__recruitment_channel_referred,0.5,0.29198101326570003,49,157.03982019867672,False,0.17749497156300034,0.8225050284369997,0.8225050284369997
promotion,Random Forest,0,3928,3929,3958,num__awards_won?,0.5,0.2467606839209079,38,144.0635557076501,False,0.1441634391472033,0.8558365608527967,0.8558365608527967
promotion,Random Forest,0,3929,3930,3943,num__KPIs_met >80%,0.5,0.28514895617387814,36,120.57882083887665,False,0.17224167148177458,0.8277583285182254,0.8277583285182254
promotion,Random Forest,0,3930,3931,3942,num__avg_training_score,87.5,0.2554034637588716,19,69.09618599522835,False,0.15028830714349264,0.8497116928565075,0.8497116928565073
promotion,Random Forest,0,3931,3932,3939,num__length_of_service,4.5,0.29655158180463603,17,57.35381856084164,False,0.18105767120420985,0.8189423287957902,0.8189423287957902
promotion,Random Forest,0,3932,3933,3938,num__avg_training_score,85.5,0.23736160012851804,12,47.65682211927652,False,0.13762008894567435,0.8623799110543257,0.8623799110543257
promotion,Random Forest,0,3933,3934,3937,cat__department_R&D,0.5,0.15581837355884398,8,44.92409874472526,False,0.08516170232176254,0.9148382976782374,0.9148382976782374
promotion,Random Forest,0,3934,3935,3936,num__avg_training_score,84.5,0.18077167680352846,6,32.6351866354283,False,0.10048258911752571,0.8995174108824743,0.8995174108824743
promotion,Random Forest,0,3935,-1,-1,leaf,,0.26464259482182684,3,13.928546134027721,True,0.15695670449768812,0.8430432955023119,0.8430432955023119
promotion,Random Forest,0,3936,-1,-1,leaf,,0.11003756798143471,3,18.706640501400578,True,0.058433225877124344,0.9415667741228757,0.9415667741228757
promotion,Random Forest,0,3937,-1,-1,leaf,,0.08499325318400885,2,12.288912109296968,True,0.04447461826151171,0.9555253817384883,0.9555253817384883
promotion,Random Forest,0,3938,-1,-1,leaf,,0.0,4,2.7327233745512567,True,1.0,0.0,0.0
promotion,Random Forest,0,3939,3940,3941,num__avg_training_score,84.5,0.4777546257315769,5,9.696996441565117,False,0.39453584905660377,0.6054641509433962,0.6054641509433962
promotion,Random Forest,0,3940,-1,-1,leaf,,0.0,3,2.7327233745512567,True,1.0,0.0,0.0
promotion,Random Forest,0,3941,-1,-1,leaf,,0.26464259482182684,2,6.964273067013861,True,0.15695670449768812,0.8430432955023119,0.8430432955023119
promotion,Random Forest,0,3942,-1,-1,leaf,,0.0,2,11.742367434386717,True,0.0,1.0,1.0
promotion,Random Forest,0,3943,3944,3945,num__age,27.5,0.3220412048312441,17,51.48263484364828,False,0.2017058539220425,0.7982941460779576,0.7982941460779576
promotion,Random Forest,0,3944,-1,-1,leaf,,0.0,3,1.639634024730754,True,1.0,0.0,0.0
promotion,Random Forest,0,3945,3946,3947,num__age,28.5,0.28932835190671413,14,49.84300081891753,False,0.17544519099750974,0.8245548090024903,0.8245548090024903
promotion,Random Forest,0,3946,-1,-1,leaf,,0.08499325318400885,2,12.288912109296968,True,0.04447461826151171,0.9555253817384883,0.9555253817384883
promotion,Random Forest,0,3947,3948,3949,num__avg_training_score,82.5,0.34129359726386643,12,37.554088709620565,False,0.21830299723272398,0.7816970027672758,0.781697002767276
promotion,Random Forest,0,3948,-1,-1,leaf,,0.0,2,1.639634024730754,True,1.0,0.0,0.0
promotion,Random Forest,0,3949,3950,3957,num__length_of_service,5.5,0.29853415829880403,10,35.91445468488981,False,0.18261549998369792,0.8173845000163019,0.8173845000163021
promotion,Random Forest,0,3950,3951,3954,num__avg_training_score,83.5,0.24583485877832334,8,34.27482066015905,False,0.1435135758393618,0.8564864241606382,0.8564864241606382
promotion,Random Forest,0,3951,3952,3953,num__length_of_service,3.5,0.11003756798143471,4,18.706640501400578,False,0.058433225877124344,0.9415667741228757,0.9415667741228757
promotion,Random Forest,0,3952,-1,-1,leaf,,0.1558183735588441,2,6.4177283921036095,True,0.08516170232176253,0.9148382976782374,0.9148382976782374
promotion,Random Forest,0,3953,-1,-1,leaf,,0.08499325318400885,2,12.288912109296968,True,0.04447461826151171,0.9555253817384883,0.9555253817384883
promotion,Random Forest,0,3954,3955,3956,num__avg_training_score,87.0,0.3707094622444589,4,15.568180158758475,False,0.24574566104435797,0.7542543389556421,0.7542543389556421
promotion,Random Forest,0,3955,-1,-1,leaf,,0.0,2,2.7327233745512562,True,1.0,0.0,0.0
promotion,Random Forest,0,3956,-1,-1,leaf,,0.1558183735588441,2,12.835456784207219,True,0.08516170232176253,0.9148382976782374,0.9148382976782374
promotion,Random Forest,0,3957,-1,-1,leaf,,0.0,2,1.639634024730754,True,1.0,0.0,0.0
promotion,Random Forest,0,3958,-1,-1,leaf,,0.0,2,23.484734868773433,True,0.0,1.0,1.0
promotion,Random Forest,0,3959,-1,-1,leaf,,0.4954790627121378,11,12.976264491026624,True,0.5475443860401109,0.45245561395988904,0.45245561395988904
promotion,Random Forest,0,3960,3961,3962,num__avg_training_score,83.5,0.3137888833280579,12,36.460999359800056,False,0.19486796573291262,0.8051320342670875,0.8051320342670875
promotion,Random Forest,0,3961,-1,-1,leaf,,0.0,3,1.639634024730754,True,1.0,0.0,0.0
promotion,Random Forest,0,3962,-1,-1,leaf,,0.26464259482182706,9,34.8213653350693,True,0.15695670449768812,0.8430432955023119,0.8430432955023119
promotion,Random Forest,0,3963,-1,-1,leaf,,0.0,5,4.37235739928201,True,1.0,0.0,0.0
promotion,Random Forest,0,3964,3965,3970,num__KPIs_met >80%,0.5,0.2858127579803993,74,262.5970055537052,False,0.17274838272393542,0.8272516172760647,0.8272516172760647
promotion,Random Forest,0,3965,3966,3967,cat__gender_f,0.5,0.3156221941966869,21,58.44690791066214,False,0.1963737447096241,0.8036262552903759,0.8036262552903759
promotion,Random Forest,0,3966,-1,-1,leaf,,0.34129359726386654,17,45.06490645154467,True,0.218302997232724,0.781697002767276,0.781697002767276
promotion,Random Forest,0,3967,3968,3969,num__age,29.0,0.2150257334649187,4,13.38200145911747,False,0.12252532102465383,0.8774746789753463,0.8774746789753463
promotion,Random Forest,0,3968,-1,-1,leaf,,0.08499325318400885,2,12.288912109296968,True,0.04447461826151171,0.9555253817384883,0.9555253817384883
promotion,Random Forest,0,3969,-1,-1,leaf,,-6.661338147750939e-16,2,1.0930893498205025,True,1.0,0.0,0.0
promotion,Random Forest,0,3970,3971,3984,num__age,28.5,0.2768674090732762,53,204.150097643043,False,0.16598458798528198,0.8340154120147181,0.8340154120147181
promotion,Random Forest,0,3971,3972,3983,cat__department_R&D,0.5,0.1909333216145882,21,92.03437618909155,False,0.10689271287254683,0.8931072871274532,0.8931072871274532
promotion,Random Forest,0,3972,3973,3974,cat__department_Analytics,0.5,0.19348939541025278,19,85.61664779698793,False,0.1085216451770627,0.8914783548229374,0.8914783548229374
promotion,Random Forest,0,3973,-1,-1,leaf,,0.1558183735588441,2,6.4177283921036095,True,0.08516170232176253,0.9148382976782374,0.9148382976782374
promotion,Random Forest,0,3974,3975,3982,cat__gender_f,0.5,0.19644638876922693,17,79.19891940488434,False,0.11041457212135547,0.8895854278786444,0.8895854278786446
promotion,Random Forest,0,3975,3976,3979,num__no_of_trainings,1.5,0.1716223099013342,10,51.88837181173913,False,0.09479777265008378,0.9052022273499163,0.9052022273499163
promotion,Random Forest,0,3976,3977,3978,num__age,27.5,0.0737859823105802,5,42.73792004508426,False,0.03836485310939566,0.9616351468906044,0.9616351468906044
promotion,Random Forest,0,3977,-1,-1,leaf,,0.2150257334649187,3,13.38200145911747,True,0.12252532102465383,0.8774746789753463,0.8774746789753463
promotion,Random Forest,0,3978,-1,-1,leaf,,0.0,2,29.35591858596679,True,0.0,1.0,1.0
promotion,Random Forest,0,3979,3980,3981,num__age,27.5,0.4598831646567926,5,9.150451766654866,False,0.35837225670228423,0.6416277432977158,0.6416277432977158
promotion,Random Forest,0,3980,-1,-1,leaf,,0.0,2,1.639634024730754,True,1.0,0.0,0.0
promotion,Random Forest,0,3981,-1,-1,leaf,,0.34129359726386665,3,7.510817741924112,True,0.21830299723272403,0.781697002767276,0.781697002767276
promotion,Random Forest,0,3982,-1,-1,leaf,,0.24092315859528624,7,27.31054759314519,True,0.1400855369641881,0.859914463035812,0.859914463035812
promotion,Random Forest,0,3983,-1,-1,leaf,,0.15581837355884398,2,6.4177283921036095,True,0.08516170232176253,0.9148382976782374,0.9148382976782374
promotion,Random Forest,0,3984,3985,3988,cat__department_Operations,0.5,0.336970775087708,32,112.11572145395144,False,0.21449236007394484,0.7855076399260552,0.7855076399260552
promotion,Random Forest,0,3985,3986,3987,cat__department_Procurement,0.5,0.3954171736469342,29,88.630986585178,False,0.2713268420287749,0.7286731579712251,0.7286731579712251
promotion,Random Forest,0,3986,-1,-1,leaf,,0.3525865568564013,25,83.71208451098575,True,0.2285101814583107,0.7714898185416892,0.7714898185416893
promotion,Random Forest,0,3987,-1,-1,leaf,,0.0,4,4.918902074192261,True,1.0,0.0,0.0
promotion,Random Forest,0,3988,-1,-1,leaf,,0.0,3,23.484734868773433,True,0.0,1.0,1.0
promotion,Random Forest,0,3989,-1,-1,leaf,,0.0,6,5.4654467491025125,True,1.0,0.0,0.0
promotion,Random Forest,0,3990,3991,4018,num__KPIs_met >80%,0.5,0.25326079061210105,292,1124.2456164250557,False,0.14875990448986162,0.8512400955101372,0.8512400955101382
promotion,Random Forest,0,3991,3992,4017,num__awards_won?,0.5,0.1558183735588442,69,314.4686912130768,False,0.08516170232176254,0.9148382976782374,0.9148382976782374
promotion,Random Forest,0,3992,3993,4016,cat__region_region_22,0.5,0.17021457418482644,64,285.11277262711,False,0.09393016252424415,0.9060698374757563,0.9060698374757559
promotion,Random Forest,0,3993,3994,4015,cat__region_region_6,0.5,0.1623875823710923,57,251.38449664186135,False,0.08913967237703073,0.9108603276229693,0.9108603276229693
promotion,Random Forest,0,3994,3995,4010,num__age,32.5,0.15248826045931774,55,249.7448626171306,False,0.08315965913752883,0.9168403408624711,0.9168403408624711
promotion,Random Forest,0,3995,3996,4009,cat__region_region_7,0.5,0.20303347831680796,40,152.5266550925753,False,0.11466474228070442,0.8853352577192956,0.8853352577192956
promotion,Random Forest,0,3996,3997,3998,num__avg_training_score,79.0,0.15581837355884387,35,147.60775301838305,False,0.08516170232176251,0.9148382976782375,0.9148382976782375
promotion,Random Forest,0,3997,-1,-1,leaf,,0.0,6,3.825812724371759,True,1.0,0.0,0.0
promotion,Random Forest,0,3998,3999,4004,num__age,28.5,0.11424059907049777,29,143.7819402940113,False,0.06081928495805846,0.9391807150419416,0.9391807150419416
promotion,Random Forest,0,3999,4000,4003,num__age,27.5,0.018276025564465725,8,59.25838184684384,False,0.009223077949087818,0.9907769220509122,0.9907769220509122
promotion,Random Forest,0,4000,4001,4002,num__age,26.5,0.03588702081288253,6,29.90246326087704,False,0.018277580349887905,0.9817224196501121,0.9817224196501121
promotion,Random Forest,0,4001,-1,-1,leaf,,0.0,4,23.484734868773433,True,0.0,1.0,1.0
promotion,Random Forest,0,4002,-1,-1,leaf,,0.15581837355884398,2,6.4177283921036095,True,0.08516170232176253,0.9148382976782374,0.9148382976782374
promotion,Random Forest,0,4003,-1,-1,leaf,,0.0,2,29.35591858596679,True,0.0,1.0,1.0
promotion,Random Forest,0,4004,4005,4008,cat__region_region_31,0.5,0.17517026998446183,21,84.52355844716743,False,0.09699272338111681,0.9030072766188832,0.9030072766188832
promotion,Random Forest,0,4005,4006,4007,cat__region_region_23,0.5,0.1664325754555368,19,77.55928538015357,False,0.09160838369007672,0.9083916163099233,0.9083916163099233
promotion,Random Forest,0,4006,-1,-1,leaf,,0.19644638876922693,16,59.39918955366325,True,0.11041457212135547,0.8895854278786446,0.8895854278786446
promotion,Random Forest,0,4007,-1,-1,leaf,,0.05838029916382992,3,18.160095826490327,True,0.03009591359716289,0.9699040864028371,0.9699040864028371
promotion,Random Forest,0,4008,-1,-1,leaf,,0.26464259482182684,2,6.964273067013861,True,0.15695670449768812,0.8430432955023119,0.8430432955023119
promotion,Random Forest,0,4009,-1,-1,leaf,,0.0,5,4.918902074192261,True,1.0,0.0,0.0
promotion,Random Forest,0,4010,4011,4012,num__length_of_service,2.5,0.06518645254308875,15,97.21820752455525,False,0.033731007112358394,0.9662689928876416,0.9662689928876416
promotion,Random Forest,0,4011,-1,-1,leaf,,0.03588702081288253,3,29.90246326087704,True,0.018277580349887905,0.9817224196501121,0.9817224196501121
promotion,Random Forest,0,4012,4013,4014,cat__gender_f,0.5,0.07789520398622807,12,67.3157442636782,False,0.04059560515066253,0.9594043948493375,0.9594043948493375
promotion,Random Forest,0,4013,-1,-1,leaf,,0.08499325318400885,6,24.577824218593936,True,0.04447461826151171,0.9555253817384883,0.9555253817384883
promotion,Random Forest,0,4014,-1,-1,leaf,,0.0737859823105802,6,42.73792004508426,True,0.03836485310939566,0.9616351468906044,0.9616351468906044
promotion,Random Forest,0,4015,-1,-1,leaf,,0.0,2,1.639634024730754,True,1.0,0.0,0.0
promotion,Random Forest,0,4016,-1,-1,leaf,,0.22565919718173688,7,33.7282759852488,True,0.12963477294820164,0.8703652270517984,0.8703652270517984
promotion,Random Forest,0,4017,-1,-1,leaf,,0.0,5,29.35591858596679,True,0.0,1.0,1.0
promotion,Random Forest,0,4018,4019,4120,cat__region_region_14,0.5,0.2867401534084246,223,809.7769252119773,False,0.17345762404277634,0.8265423759572232,0.8265423759572236
promotion,Random Forest,0,4019,4020,4099,cat__region_region_2,0.5,0.28158453232468594,220,805.9511124876054,False,0.1695340655413068,0.830465934458693,0.8304659344586932
promotion,Random Forest,0,4020,4021,4094,cat__region_region_16,0.5,0.24509898472663427,174,726.1889622554437,False,0.1429978884702737,0.857002111529726,0.8570021115297263
promotion,Random Forest,0,4021,4022,4023,cat__education_Bachelor's,0.5,0.23123150460907071,163,704.6087906726724,False,0.1334154289997125,0.8665845710002874,0.8665845710002875
promotion,Random Forest,0,4022,-1,-1,leaf,,0.0,2,1.639634024730754,True,1.0,0.0,0.0
promotion,Random Forest,0,4023,4024,4079,num__length_of_service,4.5,0.22825948666856433,161,702.9691566479413,False,0.13139417168780695,0.8686058283121929,0.868605828312193
promotion,Random Forest,0,4024,4025,4078,num__no_of_trainings,3.5,0.20276170944819927,99,477.3796951289467,False,0.11448846284981228,0.8855115371501878,0.8855115371501878
promotion,Random Forest,0,4025,4026,4077,cat__region_region_4,0.5,0.1980368983585371,97,475.74006110421595,False,0.11143655496080013,0.8885634450391999,0.8885634450391999
promotion,Random Forest,0,4026,4027,4036,cat__recruitment_channel_other,0.5,0.19210583115567692,94,467.1361540124715,False,0.1076390890746613,0.8923609109253388,0.8923609109253388
promotion,Random Forest,0,4027,4028,4035,cat__region_region_31,0.5,0.27858849768100147,37,133.96082229799413,False,0.167275262176827,0.832724737823173,0.832724737823173
promotion,Random Forest,0,4028,4029,4030,num__age,25.5,0.24990468403560895,33,130.68155424853262,False,0.14637921726488487,0.8536207827351152,0.8536207827351152
promotion,Random Forest,0,4029,-1,-1,leaf,,0.0,2,1.639634024730754,True,1.0,0.0,0.0
promotion,Random Forest,0,4030,4031,4034,cat__recruitment_channel_sourcing,0.5,0.23432751040807676,31,129.04192022380187,False,0.13553293043683415,0.8644670695631659,0.8644670695631659
promotion,Random Forest,0,4031,4032,4033,cat__region_region_22,0.5,0.2863755447049702,7,28.403636942965697,False,0.17317859977119768,0.8268214002288022,0.8268214002288024
promotion,Random Forest,0,4032,-1,-1,leaf,,0.1558183735588441,2,12.835456784207219,True,0.08516170232176253,0.9148382976782374,0.9148382976782374
promotion,Random Forest,0,4033,-1,-1,leaf,,0.3707094622444592,5,15.568180158758475,True,0.24574566104435797,0.7542543389556421,0.7542543389556421
promotion,Random Forest,0,4034,-1,-1,leaf,,0.2186119955190211,24,100.63828328083616,True,0.1249080082959791,0.875091991704021,0.875091991704021
promotion,Random Forest,0,4035,-1,-1,leaf,,0.0,4,3.279268049461508,True,1.0,0.0,0.0
promotion,Random Forest,0,4036,4037,4076,cat__region_region_15,0.5,0.1533236591319871,57,333.17533171447747,False,0.08366099097729693,0.916339009022703,0.916339009022703
promotion,Random Forest,0,4037,4038,4075,cat__region_region_5,0.5,0.14058870329460438,55,330.44260833992615,False,0.07608296996617629,0.9239170300338237,0.9239170300338237
promotion,Random Forest,0,4038,4039,4070,num__no_of_trainings,1.5,0.14747142848174,51,299.99360040413893,False,0.08016159565955618,0.9198384043404438,0.9198384043404438
promotion,Random Forest,0,4039,4040,4043,num__age,26.5,0.1346530508302488,44,278.5542365281871,False,0.0725968243158743,0.9274031756841257,0.9274031756841257
promotion,Random Forest,0,4040,4041,4042,num__avg_training_score,79.5,0.020265138910367297,6,53.38719812965048,False,0.010237373266582953,0.9897626267334171,0.9897626267334171
promotion,Random Forest,0,4041,-1,-1,leaf,,0.08499325318400885,3,12.288912109296968,True,0.04447461826151171,0.9555253817384883,0.9555253817384883
promotion,Random Forest,0,4042,-1,-1,leaf,,0.0,3,41.098286020353505,True,0.0,1.0,1.0
promotion,Random Forest,0,4043,4044,4061,num__avg_training_score,80.5,0.15949322769183572,38,225.16703839853665,False,0.08738227600588683,0.9126177239941132,0.9126177239941132
promotion,Random Forest,0,4044,4045,4048,num__avg_training_score,76.5,0.24583485877832312,22,102.82446198047717,False,0.14351357583936178,0.8564864241606382,0.8564864241606382
promotion,Random Forest,0,4045,4046,4047,num__age,29.0,0.12901202587558036,5,31.542097285607795,False,0.06930987118090359,0.9306901288190964,0.9306901288190964
promotion,Random Forest,0,4046,-1,-1,leaf,,0.21502573346491882,2,13.38200145911747,True,0.12252532102465383,0.8774746789753463,0.8774746789753463
promotion,Random Forest,0,4047,-1,-1,leaf,,0.05838029916382992,3,18.160095826490327,True,0.03009591359716289,0.9699040864028371,0.9699040864028371
promotion,Random Forest,0,4048,4049,4050,num__avg_training_score,77.5,0.2904992211728984,17,71.28236469486936,False,0.17634835175214886,0.8236516482478513,0.8236516482478511
promotion,Random Forest,0,4049,-1,-1,leaf,,0.0,2,1.0930893498205025,True,1.0,0.0,0.0
promotion,Random Forest,0,4050,4051,4060,cat__region_region_23,0.5,0.2735641041299346,15,70.18927534504886,False,0.16352125188203548,0.8364787481179646,0.8364787481179646
promotion,Random Forest,0,4051,4052,4059,cat__region_region_27,0.5,0.274536274674114,13,63.225002278035,False,0.16424434083258865,0.8357556591674113,0.8357556591674113
promotion,Random Forest,0,4052,4053,4054,cat__gender_m,0.5,0.33029587967577334,10,44.51836177663442,False,0.20870623047838238,0.7912937695216177,0.7912937695216177
promotion,Random Forest,0,4053,-1,-1,leaf,,0.0,3,3.825812724371759,True,1.0,0.0,0.0
promotion,Random Forest,0,4054,4055,4058,num__age,29.5,0.23254274366399408,7,40.69254905226266,False,0.13431074917629457,0.8656892508237055,0.8656892508237055
promotion,Random Forest,0,4055,4056,4057,num__avg_training_score,79.5,0.1558183735588441,4,38.50637035262166,False,0.08516170232176254,0.9148382976782375,0.9148382976782375
promotion,Random Forest,0,4056,-1,-1,leaf,,0.1558183735588441,2,19.25318517631083,True,0.08516170232176254,0.9148382976782375,0.9148382976782375
promotion,Random Forest,0,4057,-1,-1,leaf,,0.1558183735588441,2,19.25318517631083,True,0.08516170232176254,0.9148382976782375,0.9148382976782375
promotion,Random Forest,0,4058,-1,-1,leaf,,0.0,3,2.186178699641005,True,1.0,0.0,0.0
promotion,Random Forest,0,4059,-1,-1,leaf,,0.11003756798143471,3,18.706640501400578,True,0.058433225877124344,0.9415667741228757,0.9415667741228757
promotion,Random Forest,0,4060,-1,-1,leaf,,0.26464259482182684,2,6.964273067013861,True,0.15695670449768812,0.8430432955023119,0.8430432955023119
promotion,Random Forest,0,4061,4062,4069,cat__region_region_11,0.5,0.07717890171165531,16,122.34257641805945,False,0.040205970956372336,0.9597940290436277,0.9597940290436277
promotion,Random Forest,0,4062,4063,4068,cat__gender_m,0.5,0.07630180482063542,14,110.05366430876248,False,0.03972932138829186,0.9602706786117081,0.9602706786117081
promotion,Random Forest,0,4063,4064,4065,num__avg_training_score,81.5,0.08499325318400908,8,61.44456054648484,False,0.04447461826151171,0.9555253817384883,0.9555253817384883
promotion,Random Forest,0,4064,-1,-1,leaf,,0.0,2,23.484734868773433,True,0.0,1.0,1.0
promotion,Random Forest,0,4065,4066,4067,num__length_of_service,3.5,0.1336146779268348,6,37.95982567771141,False,0.07198988208620277,0.9280101179137973,0.9280101179137973
promotion,Random Forest,0,4066,-1,-1,leaf,,0.26464259482182684,3,13.928546134027721,True,0.15695670449768812,0.8430432955023119,0.8430432955023119
promotion,Random Forest,0,4067,-1,-1,leaf,,0.04445161392177499,3,24.031279543683684,True,0.022743053440693863,0.9772569465593062,0.9772569465593062
promotion,Random Forest,0,4068,-1,-1,leaf,,0.06518645254308875,6,48.60910376227762,True,0.0337310071123584,0.9662689928876416,0.9662689928876416
promotion,Random Forest,0,4069,-1,-1,leaf,,0.08499325318400885,2,12.288912109296968,True,0.04447461826151171,0.9555253817384883,0.9555253817384883
promotion,Random Forest,0,4070,4071,4072,num__avg_training_score,79.5,0.2932086897501168,7,21.439363875951834,False,0.1784480522140448,0.8215519477859552,0.8215519477859552
promotion,Random Forest,0,4071,-1,-1,leaf,,0.08499325318400885,2,12.288912109296968,True,0.04447461826151171,0.9555253817384883,0.9555253817384883
promotion,Random Forest,0,4072,4073,4074,num__length_of_service,2.5,0.45988316465679246,5,9.150451766654866,False,0.35837225670228423,0.6416277432977158,0.6416277432977158
promotion,Random Forest,0,4073,-1,-1,leaf,,0.0,2,1.639634024730754,True,1.0,0.0,0.0
promotion,Random Forest,0,4074,-1,-1,leaf,,0.34129359726386665,3,7.510817741924112,True,0.21830299723272403,0.781697002767276,0.781697002767276
promotion,Random Forest,0,4075,-1,-1,leaf,,0.06922054883455675,4,30.449007935787293,True,0.03589901359432384,0.9641009864056762,0.9641009864056762
promotion,Random Forest,0,4076,-1,-1,leaf,,0.0,2,2.7327233745512567,True,1.0,0.0,0.0
promotion,Random Forest,0,4077,-1,-1,leaf,,0.43347086592520245,3,8.603907091744615,True,0.3176142356503691,0.6823857643496308,0.6823857643496308
promotion,Random Forest,0,4078,-1,-1,leaf,,0.0,2,1.639634024730754,True,1.0,0.0,0.0
promotion,Random Forest,0,4079,4080,4083,cat__recruitment_channel_other,0.5,0.27844715637463635,62,225.58946151899485,False,0.16716907924190416,0.8328309207580957,0.8328309207580958
promotion,Random Forest,0,4080,4081,4082,cat__region_region_17,0.5,0.18900313067204488,35,170.68675091906562,False,0.10566710172244355,0.8943328982775565,0.8943328982775565
promotion,Random Forest,0,4081,-1,-1,leaf,,0.18801971853189248,31,150.88702106784456,True,0.10504412811802158,0.8949558718819784,0.8949558718819784
promotion,Random Forest,0,4082,-1,-1,leaf,,0.1964463887692267,4,19.79972985122108,True,0.11041457212135548,0.8895854278786446,0.8895854278786446
promotion,Random Forest,0,4083,4084,4089,cat__gender_f,0.5,0.4598831646567926,27,54.9027105999292,False,0.3583722567022842,0.6416277432977158,0.6416277432977158
promotion,Random Forest,0,4084,4085,4088,num__no_of_trainings,1.5,0.4598831646567927,21,45.75225883327433,False,0.3583722567022842,0.6416277432977158,0.6416277432977158
promotion,Random Forest,0,4085,4086,4087,cat__region_region_5,0.5,0.4334708659252021,12,25.811721275233843,False,0.31761423565036917,0.6823857643496309,0.6823857643496309
promotion,Random Forest,0,4086,-1,-1,leaf,,0.37943002177150054,10,23.62554257559284,True,0.2544699832724118,0.7455300167275882,0.7455300167275882
promotion,Random Forest,0,4087,-1,-1,leaf,,0.0,2,2.186178699641005,True,1.0,0.0,0.0
promotion,Random Forest,0,4088,-1,-1,leaf,,0.48420454778537725,9,19.940537558040486,True,0.4111308483932058,0.5888691516067942,0.5888691516067942
promotion,Random Forest,0,4089,4090,4093,cat__region_region_26,0.5,0.459883164656793,6,9.150451766654866,False,0.3583722567022842,0.6416277432977158,0.6416277432977158
promotion,Random Forest,0,4090,4091,4092,num__age,31.5,3.3306690738754696e-16,4,2.7327233745512562,False,1.0,0.0,0.0
promotion,Random Forest,0,4091,-1,-1,leaf,,0.0,2,1.0930893498205025,True,1.0,0.0,0.0
promotion,Random Forest,0,4092,-1,-1,leaf,,0.0,2,1.639634024730754,True,1.0,0.0,0.0
promotion,Random Forest,0,4093,-1,-1,leaf,,0.1558183735588441,2,6.4177283921036095,True,0.08516170232176253,0.9148382976782374,0.9148382976782374
promotion,Random Forest,0,4094,4095,4098,num__no_of_trainings,1.5,0.4961055060456647,11,21.58017158277124,False,0.45587237852356277,0.5441276214764372,0.5441276214764372
promotion,Random Forest,0,4095,4096,4097,cat__recruitment_channel_other,0.5,0.4697313693660542,8,18.847448208219983,False,0.37697839491791313,0.6230216050820869,0.6230216050820869
promotion,Random Forest,0,4096,-1,-1,leaf,,0.3062941761706056,4,14.475090808937972,True,0.18878799522721296,0.8112120047727871,0.8112120047727871
promotion,Random Forest,0,4097,-1,-1,leaf,,0.0,4,4.37235739928201,True,1.0,0.0,0.0
promotion,Random Forest,0,4098,-1,-1,leaf,,0.0,3,2.7327233745512567,True,1.0,0.0,0.0
promotion,Random Forest,0,4099,4100,4109,num__avg_training_score,78.5,0.484204547785377,46,79.76215023216194,False,0.4111308483932058,0.5888691516067943,0.5888691516067943
promotion,Random Forest,0,4100,4101,4108,cat__recruitment_channel_referred,0.5,0.34129359726386643,14,37.55408870962056,False,0.21830299723272403,0.781697002767276,0.781697002767276
promotion,Random Forest,0,4101,4102,4105,cat__recruitment_channel_sourcing,0.5,0.2821793500986416,11,35.36791000997956,False,0.1699843565061208,0.830015643493879,0.8300156434938792
promotion,Random Forest,0,4102,4103,4104,num__no_of_trainings,1.5,0.1558183735588441,5,25.670913568414438,False,0.08516170232176253,0.9148382976782374,0.9148382976782374
promotion,Random Forest,0,4103,-1,-1,leaf,,0.08499325318400885,3,24.577824218593936,True,0.04447461826151171,0.9555253817384883,0.9555253817384883
promotion,Random Forest,0,4104,-1,-1,leaf,,0.0,2,1.0930893498205025,True,1.0,0.0,0.0
promotion,Random Forest,0,4105,4106,4107,num__length_of_service,7.5,0.4777546257315778,6,9.696996441565117,False,0.39453584905660377,0.6054641509433962,0.6054641509433962
promotion,Random Forest,0,4106,-1,-1,leaf,,0.34129359726386654,3,7.510817741924112,True,0.21830299723272403,0.781697002767276,0.781697002767276
promotion,Random Forest,0,4107,-1,-1,leaf,,3.3306690738754696e-16,3,2.186178699641005,True,1.0,0.0,0.0
promotion,Random Forest,0,4108,-1,-1,leaf,,0.0,3,2.186178699641005,True,1.0,0.0,0.0
promotion,Random Forest,0,4109,4110,4119,num__avg_training_score,82.5,0.48632241594034,32,42.20806152254138,False,0.5826969892428372,0.41730301075716286,0.41730301075716286
promotion,Random Forest,0,4110,4111,4116,num__length_of_service,3.5,0.4996416842904472,24,36.196070098528615,False,0.5133849861701956,0.4866150138298045,0.4866150138298045
promotion,Random Forest,0,4111,4112,4115,cat__recruitment_channel_sourcing,0.5,0.4697313693660542,10,18.847448208219983,False,0.37697839491791313,0.6230216050820869,0.6230216050820869
promotion,Random Forest,0,4112,4113,4114,num__no_of_trainings,1.5,3.3306690738754696e-16,7,6.558536098923016,False,1.0,0.0,0.0
promotion,Random Forest,0,4113,-1,-1,leaf,,0.0,4,3.825812724371759,True,1.0,0.0,0.0
promotion,Random Forest,0,4114,-1,-1,leaf,,0.0,3,2.7327233745512562,True,1.0,0.0,0.0
promotion,Random Forest,0,4115,-1,-1,leaf,,0.08499325318400874,3,12.288912109296968,True,0.04447461826151171,0.9555253817384883,0.9555253817384883
promotion,Random Forest,0,4116,4117,4118,num__age,36.5,0.44778615784449916,14,17.348621890308635,False,0.6615763629920861,0.3384236370079139,0.3384236370079139
promotion,Random Forest,0,4117,-1,-1,leaf,,3.3306690738754696e-16,11,9.837804148384523,True,1.0,0.0,0.0
promotion,Random Forest,0,4118,-1,-1,leaf,,0.34129359726386643,3,7.510817741924112,True,0.21830299723272403,0.781697002767276,0.781697002767276
promotion,Random Forest,0,4119,-1,-1,leaf,,0.0,8,6.0119914240127645,True,1.0,0.0,0.0
promotion,Random Forest,0,4120,-1,-1,leaf,,0.0,3,3.825812724371759,True,1.0,0.0,0.0
promotion,Random Forest,0,4121,4122,4387,cat__department_Technology,0.5,0.39082904238160143,1078,2809.005144687054,False,0.26636464563524026,0.7336353543647433,0.7336353543647554
promotion,Random Forest,0,4122,4123,4382,cat__region_region_26,0.5,0.4021553569652878,993,2499.297861688971,False,0.2788160911879699,0.7211839088120157,0.7211839088120261
promotion,Random Forest,0,4123,4124,4379,num__awards_won?,0.5,0.39833838630263263,973,2476.483793049559,False,0.2745431153220337,0.7254568846779523,0.7254568846779624
promotion,Random Forest,0,4124,4125,4378,cat__region_region_31,0.5,0.4140599077293725,944,2291.057022060283,False,0.2927078242303272,0.7072921757696573,0.7072921757696683
promotion,Random Forest,0,4125,4126,4377,num__no_of_trainings,3.5,0.40732226025443596,916,2257.312059922664,False,0.28473534922613924,0.7152646507738463,0.7152646507738566
promotion,Random Forest,0,4126,4127,4374,cat__region_region_29,0.5,0.40657425735716646,913,2254.5793365481154,False,0.28386839351583215,0.7161316064841524,0.7161316064841635
promotion,Random Forest,0,4127,4128,4373,cat__region_region_33,0.5,0.40491159893224404,906,2248.567345124105,False,0.28195367342262084,0.7180463265773626,0.7180463265773745
promotion,Random Forest,0,4128,4129,4370,cat__department_Legal,0.5,0.4043011366945717,903,2246.3811664244577,False,0.2812548705622782,0.7187451294377079,0.718745129437718
promotion,Random Forest,0,4129,4130,4297,cat__department_Sales & Marketing,0.5,0.4022953134073517,896,2239.276085650627,False,0.2789743379235477,0.7210256620764374,0.7210256620764481
promotion,Random Forest,0,4130,4131,4280,cat__region_region_15,0.5,0.3791231200704811,650,1739.6862435021437,False,0.25415769289081486,0.7458423071091754,0.7458423071091828
promotion,Random Forest,0,4131,4132,4279,cat__region_region_24,0.5,0.369830183093376,610,1671.6664607043674,False,0.24488255948814747,0.7551174405118429,0.7551174405118501
promotion,Random Forest,0,4132,4133,4222,num__avg_training_score,66.5,0.3722262953704728,608,1653.5063648778746,False,0.24724151386200585,0.7527584861379859,0.7527584861379921
promotion,Random Forest,0,4133,4134,4155,cat__department_Operations,0.5,0.4626439037125367,312,636.3000739733777,False,0.3633323441931723,0.636667655806828,0.6366676558068277
promotion,Random Forest,0,4134,4135,4154,cat__region_region_20,0.5,0.4933865863860667,113,200.09272796213455,False,0.44249602790270326,0.5575039720972966,0.5575039720972967
promotion,Random Forest,0,4135,4136,4143,num__avg_training_score,58.5,0.4902116139801709,107,195.72037056285254,False,0.4300414907969403,0.5699585092030597,0.5699585092030597
promotion,Random Forest,0,4136,4137,4142,cat__region_region_22,0.5,0.4926167141593234,68,93.56657481173764,False,0.5607588916977447,0.43924110830225516,0.4392411083022552
promotion,Random Forest,0,4137,4138,4141,cat__department_Finance,0.5,0.49958801159739863,54,79.90295793898134,False,0.485647501914277,0.514352498085723,0.514352498085723
promotion,Random Forest,0,4138,4139,4140,cat__region_region_7,0.5,0.4892953519038069,42,71.70478781532758,False,0.4268404206675811,0.5731595793324189,0.5731595793324189
promotion,Random Forest,0,4139,-1,-1,leaf,,0.46289952142763435,35,64.59970704149431,True,0.36380073683685815,0.6361992631631419,0.6361992631631419
promotion,Random Forest,0,4140,-1,-1,leaf,,0.0,7,7.105080773833266,True,1.0,0.0,0.0
promotion,Random Forest,0,4141,-1,-1,leaf,,0.0,12,8.19817012365377,True,1.0,0.0,0.0
promotion,Random Forest,0,4142,-1,-1,leaf,,0.0,14,13.66361687275628,True,1.0,0.0,0.0
promotion,Random Forest,0,4143,4144,4147,num__avg_training_score,59.5,0.4280372408165294,39,102.15379575111488,False,0.31031241582081504,0.6896875841791849,0.689687584179185
promotion,Random Forest,0,4144,4145,4146,cat__region_region_2,0.5,0.1558183735588441,10,51.341827136828876,False,0.08516170232176253,0.9148382976782374,0.9148382976782374
promotion,Random Forest,0,4145,-1,-1,leaf,,0.06518645254308897,7,48.60910376227762,True,0.0337310071123584,0.9662689928876416,0.9662689928876416
promotion,Random Forest,0,4146,-1,-1,leaf,,-2.220446049250313e-16,3,2.7327233745512562,True,1.0,0.0,0.0
promotion,Random Forest,0,4147,4148,4153,num__length_of_service,7.5,0.49714066223398234,29,50.811968614285995,False,0.5378109624713379,0.46218903752866214,0.46218903752866214
promotion,Random Forest,0,4148,4149,4152,cat__department_HR,0.5,0.45418400911562884,15,36.05526239170921,False,0.34864612511671333,0.6513538748832867,0.6513538748832867
promotion,Random Forest,0,4149,4150,4151,cat__gender_f,0.5,5.551115123125783e-16,12,12.570527522935778,False,1.0,0.0,0.0
promotion,Random Forest,0,4150,-1,-1,leaf,,0.0,7,7.105080773833267,True,1.0,0.0,0.0
promotion,Random Forest,0,4151,-1,-1,leaf,,0.0,5,5.4654467491025125,True,1.0,0.0,0.0
promotion,Random Forest,0,4152,-1,-1,leaf,,0.0,3,23.484734868773433,True,0.0,1.0,1.0
promotion,Random Forest,0,4153,-1,-1,leaf,,0.0,14,14.756706222576783,True,1.0,0.0,0.0
promotion,Random Forest,0,4154,-1,-1,leaf,,0.0,6,4.37235739928201,True,1.0,0.0,0.0
promotion,Random Forest,0,4155,4156,4221,cat__region_region_16,0.5,0.440155258419065,199,436.2073460112433,False,0.32701916062619174,0.6729808393738086,0.6729808393738083
promotion,Random Forest,0,4156,4157,4220,cat__region_region_25,0.5,0.4371836870244037,195,433.4746226366921,False,0.32277653516591576,0.6772234648340846,0.6772234648340842
promotion,Random Forest,0,4157,4158,4219,cat__region_region_4,0.5,0.43472662033996357,192,431.28844393705106,False,0.3193437246315036,0.6806562753684967,0.6806562753684964
promotion,Random Forest,0,4158,4159,4182,num__avg_training_score,57.5,0.4176423944978567,178,417.62482706429483,False,0.29707439109104183,0.7029256089089584,0.7029256089089583
promotion,Random Forest,0,4159,4160,4177,num__length_of_service,7.5,0.2608322254326977,47,166.59600893342244,False,0.1541909670299933,0.8458090329700068,0.8458090329700068
promotion,Random Forest,0,4160,4161,4162,cat__recruitment_channel_sourcing,0.5,0.19810587340271946,36,151.98011041766506,False,0.11148093573334102,0.888519064266659,0.888519064266659
promotion,Random Forest,0,4161,-1,-1,leaf,,0.18941351015194008,16,72.23464633787046,True,0.1059273608533195,0.8940726391466806,0.8940726391466806
promotion,Random Forest,0,4162,4163,4176,cat__region_region_2,0.5,0.205873060625673,20,79.74546407979457,False,0.11651144777560377,0.8834885522243963,0.8834885522243963
promotion,Random Forest,0,4163,4164,4165,num__avg_training_score,54.5,0.1558183735588441,16,77.01274070524332,False,0.08516170232176253,0.9148382976782375,0.9148382976782375
promotion,Random Forest,0,4164,-1,-1,leaf,,0.0,2,1.639634024730754,True,1.0,0.0,0.0
promotion,Random Forest,0,4165,4166,4167,num__KPIs_met >80%,0.5,0.12200349063157245,14,75.37310668051256,False,0.06526070492280803,0.934739295077192,0.934739295077192
promotion,Random Forest,0,4166,-1,-1,leaf,,0.0,2,1.0930893498205025,True,1.0,0.0,0.0
promotion,Random Forest,0,4167,4168,4175,num__no_of_trainings,1.5,0.09770496340906143,12,74.28001733069206,False,0.05150527506394315,0.9484947249360569,0.9484947249360569
promotion,Random Forest,0,4168,4169,4174,cat__region_region_13,0.5,0.07789520398622807,9,67.3157442636782,False,0.04059560515066253,0.9594043948493375,0.9594043948493375
promotion,Random Forest,0,4169,4170,4173,cat__gender_f,0.5,0.07630180482063531,7,55.026832154381225,False,0.039729321388291876,0.9602706786117081,0.9602706786117081
promotion,Random Forest,0,4170,4171,4172,num__avg_training_score,56.0,0.02590342383104105,4,41.64483069526376,False,0.013123949978560232,0.9868760500214397,0.9868760500214397
promotion,Random Forest,0,4171,-1,-1,leaf,,0.05838029916382992,2,18.160095826490327,True,0.03009591359716289,0.9699040864028371,0.9699040864028371
promotion,Random Forest,0,4172,-1,-1,leaf,,0.0,2,23.484734868773433,True,0.0,1.0,1.0
promotion,Random Forest,0,4173,-1,-1,leaf,,0.2150257334649187,3,13.38200145911747,True,0.12252532102465383,0.8774746789753463,0.8774746789753463
promotion,Random Forest,0,4174,-1,-1,leaf,,0.08499325318400885,2,12.288912109296968,True,0.04447461826151171,0.9555253817384883,0.9555253817384883
promotion,Random Forest,0,4175,-1,-1,leaf,,0.26464259482182684,3,6.964273067013861,True,0.15695670449768812,0.8430432955023119,0.8430432955023119
promotion,Random Forest,0,4176,-1,-1,leaf,,0.0,4,2.7327233745512562,True,1.0,0.0,0.0
promotion,Random Forest,0,4177,4178,4179,cat__recruitment_channel_sourcing,0.5,0.48067360886874666,11,14.615898515757378,False,0.5983015542381029,0.40169844576189717,0.40169844576189717
promotion,Random Forest,0,4178,-1,-1,leaf,,-2.220446049250313e-16,7,6.558536098923015,True,1.0,0.0,0.0
promotion,Random Forest,0,4179,4180,4181,cat__region_region_7,0.5,0.3954171736469341,4,8.057362416834364,False,0.2713268420287749,0.7286731579712251,0.7286731579712251
promotion,Random Forest,0,4180,-1,-1,leaf,,0.1558183735588441,2,6.4177283921036095,True,0.08516170232176253,0.9148382976782374,0.9148382976782374
promotion,Random Forest,0,4181,-1,-1,leaf,,6.661338147750939e-16,2,1.639634024730754,True,1.0,0.0,0.0
promotion,Random Forest,0,4182,4183,4184,num__KPIs_met >80%,0.5,0.4766285175890458,131,251.0288181308726,False,0.3918993931308569,0.608100606869143,0.608100606869143
promotion,Random Forest,0,4183,-1,-1,leaf,,0.0,32,27.873778420422813,True,1.0,0.0,0.0
promotion,Random Forest,0,4184,4185,4218,cat__region_region_3,0.5,0.4322460096721419,99,223.15503971044976,False,0.3159429567663082,0.6840570432336918,0.6840570432336918
promotion,Random Forest,0,4185,4186,4217,cat__region_region_2,0.5,0.4433930682074072,97,210.86612760115278,False,0.33176366059529094,0.6682363394047092,0.6682363394047092
promotion,Random Forest,0,4186,4187,4216,cat__region_region_19,0.5,0.41194090128008,81,190.23823766138264,False,0.29016780666456354,0.7098321933354365,0.7098321933354365
promotion,Random Forest,0,4187,4188,4215,cat__region_region_20,0.5,0.40487850229261735,78,188.05205896174164,False,0.2819157299260414,0.7180842700739585,0.7180842700739586
promotion,Random Forest,0,4188,4189,4214,cat__region_region_28,0.5,0.39736789158379693,76,185.86588026210063,False,0.2734695291840376,0.7265304708159623,0.7265304708159623
promotion,Random Forest,0,4189,4190,4213,cat__region_region_11,0.5,0.38089549294201985,72,181.49352286281862,False,0.2559666958610155,0.7440333041389844,0.7440333041389845
promotion,Random Forest,0,4190,4191,4210,cat__region_region_23,0.5,0.37187589823892786,69,179.30734416317762,False,0.24689517807727152,0.7531048219227285,0.7531048219227285
promotion,Random Forest,0,4191,4192,4207,cat__recruitment_channel_other,0.5,0.3605999032906031,63,169.06380304670225,False,0.23599233277289386,0.7640076672271062,0.7640076672271062
promotion,Random Forest,0,4192,4193,4206,cat__recruitment_channel_referred,0.5,0.335874334084759,32,89.5832682281791,False,0.21353388864017359,0.7864661113598265,0.7864661113598265
promotion,Random Forest,0,4193,4194,4205,num__avg_training_score,61.5,0.2998463218131058,27,86.30400017871759,False,0.18365076403846478,0.8163492359615352,0.8163492359615352
promotion,Random Forest,0,4194,4195,4202,cat__gender_m,0.5,0.24759966203013317,18,75.51391438733197,False,0.14475336879157685,0.8552466312084231,0.8552466312084231
promotion,Random Forest,0,4195,4196,4201,cat__region_region_22,0.5,0.23736160012851792,12,47.65682211927653,False,0.13762008894567432,0.8623799110543257,0.8623799110543257
promotion,Random Forest,0,4196,4197,4200,num__length_of_service,9.5,0.3614670315331431,9,23.078997900682587,False,0.23681473401151729,0.7631852659884828,0.7631852659884828
promotion,Random Forest,0,4197,4198,4199,num__avg_training_score,59.5,0.4961055060456644,7,10.79008579138562,False,0.45587237852356277,0.5441276214764372,0.5441276214764372
promotion,Random Forest,0,4198,-1,-1,leaf,,0.0,5,3.825812724371759,True,1.0,0.0,0.0
promotion,Random Forest,0,4199,-1,-1,leaf,,0.26464259482182684,2,6.964273067013861,True,0.15695670449768812,0.8430432955023119,0.8430432955023119
promotion,Random Forest,0,4200,-1,-1,leaf,,0.08499325318400885,2,12.288912109296968,True,0.04447461826151171,0.9555253817384883,0.9555253817384883
promotion,Random Forest,0,4201,-1,-1,leaf,,0.08499325318400885,3,24.577824218593936,True,0.04447461826151171,0.9555253817384883,0.9555253817384883
promotion,Random Forest,0,4202,4203,4204,cat__region_region_22,0.5,0.26464259482182695,6,27.857092268055442,False,0.15695670449768812,0.8430432955023119,0.8430432955023119
promotion,Random Forest,0,4203,-1,-1,leaf,,0.0,2,2.186178699641005,True,1.0,0.0,0.0
promotion,Random Forest,0,4204,-1,-1,leaf,,0.1558183735588441,4,25.670913568414438,True,0.08516170232176253,0.9148382976782374,0.9148382976782374
promotion,Random Forest,0,4205,-1,-1,leaf,,0.4961055060456645,9,10.79008579138562,True,0.45587237852356277,0.5441276214764372,0.5441276214764372
promotion,Random Forest,0,4206,-1,-1,leaf,,0.0,5,3.2792680494615074,True,1.0,0.0,0.0
promotion,Random Forest,0,4207,4208,4209,cat__region_region_13,0.5,0.3860498323650188,31,79.48053481852314,False,0.2613054591795393,0.7386945408204608,0.7386945408204608
promotion,Random Forest,0,4208,-1,-1,leaf,,0.3475929396277472,27,75.65472209415138,True,0.22395013097969715,0.7760498690203027,0.7760498690203028
promotion,Random Forest,0,4209,-1,-1,leaf,,0.0,4,3.825812724371759,True,1.0,0.0,0.0
promotion,Random Forest,0,4210,4211,4212,num__age,34.0,0.4892953519038069,6,10.243541116475368,False,0.42684042066758116,0.5731595793324189,0.5731595793324189
promotion,Random Forest,0,4211,-1,-1,leaf,,0.1558183735588441,2,6.4177283921036095,True,0.08516170232176253,0.9148382976782374,0.9148382976782374
promotion,Random Forest,0,4212,-1,-1,leaf,,0.0,4,3.825812724371759,True,1.0,0.0,0.0
promotion,Random Forest,0,4213,-1,-1,leaf,,0.0,3,2.186178699641005,True,1.0,0.0,0.0
promotion,Random Forest,0,4214,-1,-1,leaf,,0.0,4,4.37235739928201,True,1.0,0.0,0.0
promotion,Random Forest,0,4215,-1,-1,leaf,,0.0,2,2.186178699641005,True,1.0,0.0,0.0
promotion,Random Forest,0,4216,-1,-1,leaf,,0.0,3,2.186178699641005,True,1.0,0.0,0.0
promotion,Random Forest,0,4217,-1,-1,leaf,,0.40722598851194036,16,20.627889939770142,True,0.7153764280139076,0.2846235719860924,0.2846235719860924
promotion,Random Forest,0,4218,-1,-1,leaf,,0.08499325318400885,2,12.288912109296968,True,0.04447461826151171,0.9555253817384883,0.9555253817384883
promotion,Random Forest,0,4219,-1,-1,leaf,,0.0,14,13.66361687275628,True,1.0,0.0,0.0
promotion,Random Forest,0,4220,-1,-1,leaf,,0.0,3,2.186178699641005,True,1.0,0.0,0.0
promotion,Random Forest,0,4221,-1,-1,leaf,,0.0,4,2.7327233745512567,True,1.0,0.0,0.0
promotion,Random Forest,0,4222,4223,4274,cat__department_Operations,0.5,0.2882588547108822,296,1017.2062909044814,False,0.1746224152702486,0.8253775847297514,0.8253775847297514
promotion,Random Forest,0,4223,4224,4273,cat__department_Finance,0.5,0.33483130056992816,272,827.6887779295633,False,0.21262507117871968,0.7873749288212804,0.7873749288212804
promotion,Random Forest,0,4224,4225,4266,num__age,38.5,0.3510784758634061,266,774.8481244748233,False,0.2271250065170922,0.7728749934829074,0.7728749934829077
promotion,Random Forest,0,4225,4226,4261,cat__region_region_1,0.5,0.3373679094433203,244,740.2916884010253,False,0.21484031617646193,0.7851596838235375,0.785159683823538
promotion,Random Forest,0,4226,4227,4234,num__age,30.5,0.3291374411115723,233,726.2223345601782,False,0.20771370294826635,0.7922862970517334,0.7922862970517336
promotion,Random Forest,0,4227,4228,4231,cat__department_Analytics,0.5,0.4954790627121378,18,25.95252898205325,False,0.5475443860401109,0.45245561395988904,0.45245561395988904
promotion,Random Forest,0,4228,4229,4230,num__KPIs_met >80%,0.5,0.49133254299669504,10,13.522809165936875,False,0.5658310603108628,0.43416893968913717,0.43416893968913717
promotion,Random Forest,0,4229,-1,-1,leaf,,0.3954171736469344,3,8.057362416834364,True,0.2713268420287749,0.7286731579712251,0.7286731579712251
promotion,Random Forest,0,4230,-1,-1,leaf,,0.0,7,5.4654467491025125,True,1.0,0.0,0.0
promotion,Random Forest,0,4231,4232,4233,cat__recruitment_channel_other,0.5,0.4984710044908853,8,12.429719816116373,False,0.5276495525200189,0.4723504474799812,0.4723504474799812
promotion,Random Forest,0,4232,-1,-1,leaf,,-4.440892098500626e-16,5,4.37235739928201,True,1.0,0.0,0.0
promotion,Random Forest,0,4233,-1,-1,leaf,,0.3954171736469341,3,8.057362416834364,True,0.2713268420287749,0.7286731579712251,0.7286731579712251
promotion,Random Forest,0,4234,4235,4260,cat__region_region_20,0.5,0.3140955427032782,215,700.2698055781246,False,0.19511932063779264,0.8048806793622075,0.8048806793622073
promotion,Random Forest,0,4235,4236,4253,cat__gender_f,0.5,0.3235909556208706,212,670.3673423172477,False,0.20300753849707806,0.7969924615029221,0.7969924615029219
promotion,Random Forest,0,4236,4237,4250,cat__region_region_25,0.5,0.3611548238811638,165,469.0907757555755,False,0.23651833449095974,0.7634816655090405,0.7634816655090403
promotion,Random Forest,0,4237,4238,4239,cat__region_region_2,0.5,0.3516724972918408,156,456.11451126454904,False,0.22766977517344963,0.7723302248265506,0.7723302248265503
promotion,Random Forest,0,4238,-1,-1,leaf,,0.33890439602712974,131,404.4910687140814,True,0.21619055338760299,0.7838094466123974,0.783809446612397
promotion,Random Forest,0,4239,4240,4241,cat__recruitment_channel_other,0.5,0.433470865925202,25,51.623442550467686,False,0.31761423565036917,0.6823857643496309,0.6823857643496309
promotion,Random Forest,0,4240,-1,-1,leaf,,0.0,11,7.105080773833266,True,1.0,0.0,0.0
promotion,Random Forest,0,4241,4242,4243,num__avg_training_score,69.5,0.33029587967577334,14,44.51836177663442,False,0.20870623047838238,0.7912937695216177,0.7912937695216177
promotion,Random Forest,0,4242,-1,-1,leaf,,0.0,2,2.186178699641005,True,1.0,0.0,0.0
promotion,Random Forest,0,4243,4244,4245,num__age,32.5,0.27934094915792007,12,42.33218307699342,False,0.167841114192259,0.832158885807741,0.832158885807741
promotion,Random Forest,0,4244,-1,-1,leaf,,0.0,3,2.7327233745512567,True,1.0,0.0,0.0
promotion,Random Forest,0,4245,4246,4249,num__age,36.5,0.19644638876922693,9,39.59945970244216,False,0.11041457212135548,0.8895854278786446,0.8895854278786446
promotion,Random Forest,0,4246,4247,4248,num__KPIs_met >80%,0.5,0.11003756798143471,7,37.413281002801156,False,0.058433225877124344,0.9415667741228757,0.9415667741228757
promotion,Random Forest,0,4247,-1,-1,leaf,,0.26464259482182684,3,6.964273067013861,True,0.15695670449768812,0.8430432955023119,0.8430432955023119
promotion,Random Forest,0,4248,-1,-1,leaf,,0.06922054883455675,4,30.449007935787293,True,0.03589901359432384,0.9641009864056762,0.9641009864056762
promotion,Random Forest,0,4249,-1,-1,leaf,,-4.440892098500626e-16,2,2.186178699641005,True,1.0,0.0,0.0
promotion,Random Forest,0,4250,4251,4252,num__avg_training_score,86.5,0.4954790627121376,9,12.976264491026624,False,0.547544386040111,0.45245561395988904,0.45245561395988904
promotion,Random Forest,0,4251,-1,-1,leaf,,-2.220446049250313e-16,7,6.558536098923016,True,1.0,0.0,0.0
promotion,Random Forest,0,4252,-1,-1,leaf,,0.1558183735588441,2,6.4177283921036095,True,0.08516170232176253,0.9148382976782374,0.9148382976782374
promotion,Random Forest,0,4253,4254,4259,num__age,37.5,0.2186119955190221,47,201.27656656167235,False,0.12490800829597909,0.875091991704021,0.875091991704021
promotion,Random Forest,0,4254,4255,4256,num__KPIs_met >80%,0.5,0.2450222189975365,41,164.40983023378143,False,0.14294413532161135,0.8570558646783887,0.8570558646783887
promotion,Random Forest,0,4255,-1,-1,leaf,,0.11003756798143471,7,37.413281002801156,True,0.058433225877124344,0.9415667741228757,0.9415667741228757
promotion,Random Forest,0,4256,4257,4258,cat__region_region_10,0.5,0.27934094915792007,34,126.99654923098026,False,0.167841114192259,0.832158885807741,0.832158885807741
promotion,Random Forest,0,4257,-1,-1,leaf,,0.26464259482182706,32,125.35691520624951,True,0.1569567044976881,0.8430432955023119,0.8430432955023119
promotion,Random Forest,0,4258,-1,-1,leaf,,0.0,2,1.639634024730754,True,1.0,0.0,0.0
promotion,Random Forest,0,4259,-1,-1,leaf,,0.08499325318400885,6,36.866736327890905,True,0.04447461826151171,0.9555253817384883,0.9555253817384883
promotion,Random Forest,0,4260,-1,-1,leaf,,0.03588702081288264,3,29.90246326087704,True,0.018277580349887905,0.9817224196501121,0.9817224196501121
promotion,Random Forest,0,4261,4262,4263,num__avg_training_score,83.5,0.48632241594034054,11,14.069353840847127,False,0.5826969892428373,0.4173030107571628,0.4173030107571628
promotion,Random Forest,0,4262,-1,-1,leaf,,0.0,4,3.825812724371759,True,1.0,0.0,0.0
promotion,Random Forest,0,4263,4264,4265,num__length_of_service,6.0,0.4892953519038068,7,10.243541116475368,False,0.42684042066758116,0.5731595793324189,0.5731595793324189
promotion,Random Forest,0,4264,-1,-1,leaf,,0.3954171736469343,4,8.057362416834364,True,0.2713268420287749,0.7286731579712251,0.7286731579712251
promotion,Random Forest,0,4265,-1,-1,leaf,,0.0,3,2.186178699641005,True,1.0,0.0,0.0
promotion,Random Forest,0,4266,4267,4270,cat__gender_m,0.5,0.4998116676221793,22,34.55643607379786,False,0.49029607353128046,0.5097039264687196,0.5097039264687196
promotion,Random Forest,0,4267,4268,4269,num__length_of_service,8.5,0.4334708659252019,7,17.20781418348923,False,0.31761423565036917,0.6823857643496308,0.6823857643496308
promotion,Random Forest,0,4268,-1,-1,leaf,,0.08499325318400885,3,12.288912109296968,True,0.04447461826151171,0.9555253817384883,0.9555253817384883
promotion,Random Forest,0,4269,-1,-1,leaf,,0.0,4,4.918902074192262,True,1.0,0.0,0.0
promotion,Random Forest,0,4270,4271,4272,cat__recruitment_channel_sourcing,0.5,0.44778615784449916,15,17.348621890308635,False,0.6615763629920861,0.3384236370079139,0.3384236370079139
promotion,Random Forest,0,4271,-1,-1,leaf,,0.0,6,4.918902074192261,True,1.0,0.0,0.0
promotion,Random Forest,0,4272,-1,-1,leaf,,0.49847100449088555,9,12.429719816116373,True,0.5276495525200188,0.4723504474799812,0.4723504474799812
promotion,Random Forest,0,4273,-1,-1,leaf,,0.0,6,52.84065345474023,True,0.0,1.0,1.0
promotion,Random Forest,0,4274,4275,4276,cat__gender_m,0.5,0.017153544326360404,24,189.51751297491828,False,0.008651622739201689,0.9913483772607983,0.9913483772607983
promotion,Random Forest,0,4275,-1,-1,leaf,,0.0,10,70.4542046063203,True,0.0,1.0,1.0
promotion,Random Forest,0,4276,4277,4278,cat__region_region_7,0.5,0.027162934826571283,14,119.06330836859794,False,0.013771110908952326,0.9862288890910477,0.9862288890910477
promotion,Random Forest,0,4277,-1,-1,leaf,,0.0,12,111.55249062667383,True,0.0,1.0,1.0
promotion,Random Forest,0,4278,-1,-1,leaf,,0.3412935972638663,2,7.510817741924113,True,0.218302997232724,0.7816970027672759,0.7816970027672759
promotion,Random Forest,0,4279,-1,-1,leaf,,0.058380299163841576,2,18.160095826490327,True,0.03009591359716289,0.9699040864028371,0.9699040864028371
promotion,Random Forest,0,4280,4281,4296,cat__recruitment_channel_referred,0.5,0.4993595412216486,40,68.01978279777524,False,0.4821050457057274,0.5178949542942726,0.5178949542942726
promotion,Random Forest,0,4281,4282,4287,num__avg_training_score,69.5,0.4968680334388388,37,65.28705942322398,False,0.4604274933750632,0.5395725066249366,0.5395725066249367
promotion,Random Forest,0,4282,4283,4286,cat__recruitment_channel_other,0.5,0.3198636336498992,25,29.37260473833416,False,0.8001136171103381,0.19988638288966187,0.19988638288966187
promotion,Random Forest,0,4283,4284,4285,num__length_of_service,3.5,0.4863224159403401,10,14.069353840847127,False,0.5826969892428373,0.4173030107571628,0.4173030107571628
promotion,Random Forest,0,4284,-1,-1,leaf,,0.1558183735588441,2,6.4177283921036095,True,0.08516170232176253,0.9148382976782374,0.9148382976782374
promotion,Random Forest,0,4285,-1,-1,leaf,,-2.220446049250313e-16,8,7.651625448743517,True,1.0,0.0,0.0
promotion,Random Forest,0,4286,-1,-1,leaf,,0.0,15,15.303250897487034,True,1.0,0.0,0.0
promotion,Random Forest,0,4287,4288,4291,cat__department_Procurement,0.5,0.2985341582988039,12,35.914454684889805,False,0.18261549998369794,0.817384500016302,0.817384500016302
promotion,Random Forest,0,4288,4289,4290,num__length_of_service,3.5,0.4777546257315771,6,9.696996441565117,False,0.3945358490566037,0.6054641509433962,0.6054641509433962
promotion,Random Forest,0,4289,-1,-1,leaf,,0.34129359726386665,2,7.510817741924113,True,0.218302997232724,0.7816970027672759,0.7816970027672759
promotion,Random Forest,0,4290,-1,-1,leaf,,0.0,4,2.186178699641005,True,1.0,0.0,0.0
promotion,Random Forest,0,4291,4292,4293,num__KPIs_met >80%,0.5,0.18673690602718707,6,26.21745824332469,False,0.10423296374457061,0.8957670362554294,0.8957670362554294
promotion,Random Forest,0,4292,-1,-1,leaf,,0.1558183735588441,2,12.835456784207219,True,0.08516170232176253,0.9148382976782374,0.9148382976782374
promotion,Random Forest,0,4293,4294,4295,cat__gender_m,0.5,0.21502573346491882,4,13.38200145911747,False,0.12252532102465383,0.8774746789753463,0.8774746789753463
promotion,Random Forest,0,4294,-1,-1,leaf,,0.0,2,1.0930893498205025,True,1.0,0.0,0.0
promotion,Random Forest,0,4295,-1,-1,leaf,,0.08499325318400885,2,12.288912109296968,True,0.04447461826151171,0.9555253817384883,0.9555253817384883
promotion,Random Forest,0,4296,-1,-1,leaf,,0.0,3,2.7327233745512562,True,1.0,0.0,0.0
promotion,Random Forest,0,4297,4298,4353,cat__region_region_2,0.5,0.46376114614811914,246,499.58984214846504,False,0.3653915792903092,0.6346084207096914,0.634608420709691
promotion,Random Forest,0,4298,4299,4352,cat__region_region_25,0.5,0.4509973938698021,208,447.13823950944834,False,0.3434710791415892,0.6565289208584112,0.6565289208584109
promotion,Random Forest,0,4299,4300,4351,cat__region_region_27,0.5,0.4671158714376823,192,392.517144323158,False,0.37177338700114343,0.6282266129988572,0.6282266129988567
promotion,Random Forest,0,4300,4301,4308,num__length_of_service,2.5,0.4750677482325881,189,374.35704849666774,False,0.3883481935492953,0.6116518064507052,0.6116518064507049
promotion,Random Forest,0,4301,4302,4307,cat__region_region_23,0.5,0.3062941761706055,11,43.42527242681392,False,0.18878799522721298,0.8112120047727871,0.8112120047727871
promotion,Random Forest,0,4302,4303,4306,num__KPIs_met >80%,0.5,0.27934094915792007,9,42.33218307699342,False,0.16784111419225903,0.832158885807741,0.832158885807741
promotion,Random Forest,0,4303,4304,4305,cat__gender_m,0.5,0.34129359726386654,6,22.532453225772336,False,0.218302997232724,0.781697002767276,0.781697002767276
promotion,Random Forest,0,4304,-1,-1,leaf,,0.05838029916382992,2,18.160095826490327,True,0.03009591359716289,0.9699040864028371,0.9699040864028371
promotion,Random Forest,0,4305,-1,-1,leaf,,-4.440892098500626e-16,4,4.37235739928201,True,1.0,0.0,0.0
promotion,Random Forest,0,4306,-1,-1,leaf,,0.19644638876922693,3,19.79972985122108,True,0.11041457212135548,0.8895854278786446,0.8895854278786446
promotion,Random Forest,0,4307,-1,-1,leaf,,0.0,2,1.0930893498205025,True,1.0,0.0,0.0
promotion,Random Forest,0,4308,4309,4348,num__avg_training_score,55.5,0.48539137417427347,178,330.9317760698539,False,0.41453472686018583,0.5854652731398143,0.5854652731398142
promotion,Random Forest,0,4309,4310,4347,num__no_of_trainings,1.5,0.4999924666969773,170,271.1268495480998,False,0.5019407863126787,0.49805921368732137,0.49805921368732137
promotion,Random Forest,0,4310,4311,4346,cat__recruitment_channel_referred,0.5,0.4984484332038658,155,255.8235986506128,False,0.472147111495088,0.527852888504912,0.527852888504912
promotion,Random Forest,0,4311,4312,4345,cat__region_region_14,0.5,0.4977484826795542,153,253.09087527606152,False,0.4664476728046636,0.5335523271953365,0.5335523271953365
promotion,Random Forest,0,4312,4313,4320,num__KPIs_met >80%,0.5,0.49725734294938206,151,251.4512412513308,False,0.4629685468107324,0.5370314531892675,0.5370314531892676
promotion,Random Forest,0,4313,4314,4319,cat__region_region_3,0.5,0.1780567764976787,67,59.432561858397975,False,0.901212676458709,0.0987873235412911,0.0987873235412911
promotion,Random Forest,0,4314,4315,4316,cat__recruitment_channel_sourcing,0.5,0.18408274451755213,65,57.24638315875697,False,0.8974400932734693,0.1025599067265308,0.1025599067265308
promotion,Random Forest,0,4315,-1,-1,leaf,,-6.661338147750939e-16,33,27.873778420422813,True,1.0,0.0,0.0
promotion,Random Forest,0,4316,4317,4318,cat__region_region_13,0.5,0.3198636336498989,32,29.37260473833416,False,0.8001136171103381,0.19988638288966187,0.19988638288966187
promotion,Random Forest,0,4317,-1,-1,leaf,,0.37054364550176033,24,23.90715798923165,True,0.7544173289088616,0.24558267109113843,0.24558267109113843
promotion,Random Forest,0,4318,-1,-1,leaf,,0.0,8,5.4654467491025125,True,1.0,0.0,0.0
promotion,Random Forest,0,4319,-1,-1,leaf,,0.0,2,2.186178699641005,True,1.0,0.0,0.0
promotion,Random Forest,0,4320,4321,4344,cat__region_region_10,0.5,0.440367132561282,84,192.0186793929328,False,0.3273256425540867,0.6726743574459133,0.6726743574459133
promotion,Random Forest,0,4321,4322,4341,cat__region_region_1,0.5,0.44921535192255324,80,178.09013325890507,False,0.34065030894688475,0.6593496910531152,0.6593496910531152
promotion,Random Forest,0,4322,4323,4336,cat__region_region_23,0.5,0.4718977385698635,74,151.87267501558037,False,0.3814625345510198,0.6185374654489803,0.6185374654489803
promotion,Random Forest,0,4323,4324,4333,cat__region_region_22,0.5,0.4666650468851773,65,139.98949987437425,False,0.3708974184711577,0.6291025815288424,0.6291025815288424
promotion,Random Forest,0,4324,4325,4326,cat__region_region_13,0.5,0.4614124840362337,59,128.65286940807837,False,0.3610980274370334,0.6389019725629667,0.6389019725629667
promotion,Random Forest,0,4325,-1,-1,leaf,,0.4863930749999822,49,100.79577714002292,True,0.41751689566942285,0.5824831043305773,0.5824831043305773
promotion,Random Forest,0,4326,4327,4332,cat__gender_f,0.5,0.26464259482182684,10,27.857092268055442,False,0.15695670449768812,0.8430432955023119,0.8430432955023119
promotion,Random Forest,0,4327,4328,4331,cat__recruitment_channel_other,0.5,0.18673690602718718,8,26.21745824332469,False,0.10423296374457061,0.8957670362554294,0.8957670362554294
promotion,Random Forest,0,4328,4329,4330,num__age,33.5,0.1558183735588441,5,19.25318517631083,False,0.08516170232176254,0.9148382976782375,0.9148382976782375
promotion,Random Forest,0,4329,-1,-1,leaf,,0.1558183735588441,3,12.835456784207219,True,0.08516170232176253,0.9148382976782374,0.9148382976782374
promotion,Random Forest,0,4330,-1,-1,leaf,,0.15581837355884398,2,6.4177283921036095,True,0.08516170232176253,0.9148382976782374,0.9148382976782374
promotion,Random Forest,0,4331,-1,-1,leaf,,0.26464259482182695,3,6.964273067013861,True,0.15695670449768812,0.8430432955023119,0.8430432955023119
promotion,Random Forest,0,4332,-1,-1,leaf,,0.0,2,1.639634024730754,True,1.0,0.0,0.0
promotion,Random Forest,0,4333,4334,4335,cat__gender_f,0.5,0.49935954122161164,6,11.336630466295873,False,0.4821050457057274,0.5178949542942726,0.5178949542942726
promotion,Random Forest,0,4334,-1,-1,leaf,,0.4334708659252021,4,8.603907091744615,True,0.31761423565036917,0.6823857643496308,0.6823857643496308
promotion,Random Forest,0,4335,-1,-1,leaf,,-2.220446049250313e-16,2,2.7327233745512567,True,1.0,0.0,0.0
promotion,Random Forest,0,4336,4337,4338,cat__recruitment_channel_sourcing,0.5,0.499929796646275,9,11.883175141206122,False,0.5059246668144753,0.4940753331855246,0.4940753331855246
promotion,Random Forest,0,4337,-1,-1,leaf,,0.0,5,3.8258127243717586,True,1.0,0.0,0.0
promotion,Random Forest,0,4338,4339,4340,cat__gender_f,0.5,0.3954171736469341,4,8.057362416834364,False,0.2713268420287749,0.7286731579712251,0.7286731579712251
promotion,Random Forest,0,4339,-1,-1,leaf,,0.0,2,1.639634024730754,True,1.0,0.0,0.0
promotion,Random Forest,0,4340,-1,-1,leaf,,0.15581837355884443,2,6.4177283921036095,True,0.08516170232176253,0.9148382976782374,0.9148382976782374
promotion,Random Forest,0,4341,4342,4343,cat__gender_m,0.5,0.18673690602718718,6,26.217458243324693,False,0.1042329637445706,0.8957670362554293,0.8957670362554294
promotion,Random Forest,0,4342,-1,-1,leaf,,0.0,3,2.186178699641005,True,1.0,0.0,0.0
promotion,Random Forest,0,4343,-1,-1,leaf,,0.044451613921775435,3,24.031279543683684,True,0.022743053440693863,0.9772569465593062,0.9772569465593062
promotion,Random Forest,0,4344,-1,-1,leaf,,0.26464259482182684,4,13.928546134027723,True,0.1569567044976881,0.8430432955023118,0.8430432955023119
promotion,Random Forest,0,4345,-1,-1,leaf,,0.0,2,1.639634024730754,True,1.0,0.0,0.0
promotion,Random Forest,0,4346,-1,-1,leaf,,0.0,2,2.7327233745512567,True,1.0,0.0,0.0
promotion,Random Forest,0,4347,-1,-1,leaf,,0.0,15,15.303250897487034,True,1.0,0.0,0.0
promotion,Random Forest,0,4348,4349,4350,num__avg_training_score,59.5,0.03588702081287898,8,59.80492652175409,False,0.018277580349887905,0.9817224196501121,0.9817224196501121
promotion,Random Forest,0,4349,-1,-1,leaf,,0.1558183735588441,3,12.835456784207219,True,0.08516170232176253,0.9148382976782374,0.9148382976782374
promotion,Random Forest,0,4350,-1,-1,leaf,,0.0,5,46.96946973754687,True,0.0,1.0,1.0
promotion,Random Forest,0,4351,-1,-1,leaf,,0.05838029916382692,3,18.160095826490327,True,0.03009591359716289,0.9699040864028371,0.9699040864028371
promotion,Random Forest,0,4352,-1,-1,leaf,,0.2409231585952858,16,54.62109518629039,True,0.14008553696418807,0.859914463035812,0.859914463035812
promotion,Random Forest,0,4353,4354,4369,cat__recruitment_channel_referred,0.5,0.494538001217111,38,52.451602639016755,False,0.5522589646993162,0.44774103530068365,0.4477410353006837
promotion,Random Forest,0,4354,4355,4364,cat__recruitment_channel_sourcing,0.5,0.4999297966462751,33,47.53270056482449,False,0.5059246668144753,0.4940753331855246,0.4940753331855246
promotion,Random Forest,0,4355,4356,4357,cat__gender_m,0.5,0.4822154693197751,18,29.6375339996056,False,0.405701191205231,0.594298808794769,0.594298808794769
promotion,Random Forest,0,4356,-1,-1,leaf,,0.0,9,7.105080773833266,True,1.0,0.0,0.0
promotion,Random Forest,0,4357,4358,4359,num__KPIs_met >80%,0.5,0.34129359726386654,9,22.532453225772336,False,0.218302997232724,0.781697002767276,0.781697002767276
promotion,Random Forest,0,4358,-1,-1,leaf,,0.0,2,1.639634024730754,True,1.0,0.0,0.0
promotion,Random Forest,0,4359,4360,4363,num__avg_training_score,51.0,0.26464259482182695,7,20.892819201041583,False,0.15695670449768812,0.8430432955023119,0.8430432955023119
promotion,Random Forest,0,4360,4361,4362,num__age,35.5,0.3062941761706054,5,14.475090808937974,False,0.18878799522721296,0.811212004772787,0.811212004772787
promotion,Random Forest,0,4361,-1,-1,leaf,,0.26464259482182684,2,6.964273067013861,True,0.15695670449768812,0.8430432955023119,0.8430432955023119
promotion,Random Forest,0,4362,-1,-1,leaf,,0.3412935972638669,3,7.510817741924113,True,0.218302997232724,0.7816970027672759,0.7816970027672759
promotion,Random Forest,0,4363,-1,-1,leaf,,0.15581837355884398,2,6.4177283921036095,True,0.08516170232176253,0.9148382976782374,0.9148382976782374
promotion,Random Forest,0,4364,4365,4366,num__KPIs_met >80%,0.5,0.44089230983230965,15,17.895166565218886,False,0.6719123180107966,0.32808768198920335,0.32808768198920335
promotion,Random Forest,0,4365,-1,-1,leaf,,0.0,4,4.37235739928201,True,1.0,0.0,0.0
promotion,Random Forest,0,4366,4367,4368,num__length_of_service,3.5,0.49133254299669527,11,13.522809165936875,False,0.5658310603108628,0.43416893968913717,0.43416893968913717
promotion,Random Forest,0,4367,-1,-1,leaf,,0.1558183735588441,2,6.4177283921036095,True,0.08516170232176253,0.9148382976782374,0.9148382976782374
promotion,Random Forest,0,4368,-1,-1,leaf,,0.0,9,7.105080773833266,True,1.0,0.0,0.0
promotion,Random Forest,0,4369,-1,-1,leaf,,0.0,5,4.918902074192262,True,1.0,0.0,0.0
promotion,Random Forest,0,4370,4371,4372,cat__region_region_2,0.5,2.879918525877656e-13,7,7.105080773833267,False,1.0,0.0,0.0
promotion,Random Forest,0,4371,-1,-1,leaf,,0.0,4,3.825812724371759,True,1.0,0.0,0.0
promotion,Random Forest,0,4372,-1,-1,leaf,,0.0,3,3.279268049461508,True,1.0,0.0,0.0
promotion,Random Forest,0,4373,-1,-1,leaf,,4.1611158962950867e-13,3,2.186178699641005,True,1.0,0.0,0.0
promotion,Random Forest,0,4374,4375,4376,num__avg_training_score,54.0,1.1357581541915351e-13,7,6.0119914240127645,False,1.0,0.0,0.0
promotion,Random Forest,0,4375,-1,-1,leaf,,0.0,2,2.186178699641005,True,1.0,0.0,0.0
promotion,Random Forest,0,4376,-1,-1,leaf,,0.0,5,3.825812724371759,True,1.0,0.0,0.0
promotion,Random Forest,0,4377,-1,-1,leaf,,4.1600056732704616e-13,3,2.7327233745512562,True,1.0,0.0,0.0
promotion,Random Forest,0,4378,-1,-1,leaf,,0.28743100862191706,28,33.74496213761617,True,0.8260130299376264,0.17398697006237368,0.17398697006237368
promotion,Random Forest,0,4379,4380,4381,num__no_of_trainings,1.5,0.0951933560224435,29,185.42677098927507,False,0.05010743283671628,0.9498925671632837,0.9498925671632837
promotion,Random Forest,0,4380,-1,-1,leaf,,0.10460240698197543,26,167.813219837695,True,0.05536667184182843,0.9446333281581716,0.9446333281581716
promotion,Random Forest,0,4381,-1,-1,leaf,,0.0,3,17.613551151580076,True,0.0,1.0,1.0
promotion,Random Forest,0,4382,4383,4386,cat__department_Sales & Marketing,0.5,0.3822412382547603,20,22.814068639411147,False,0.7426507384548267,0.25734926154517346,0.25734926154517346
promotion,Random Forest,0,4383,4384,4385,num__length_of_service,9.0,0.420439370491299,15,19.53480058994964,False,0.6994500307203548,0.30054996927964517,0.30054996927964517
promotion,Random Forest,0,4384,-1,-1,leaf,,2.220446049250313e-16,13,12.023982848025527,True,1.0,0.0,0.0
promotion,Random Forest,0,4385,-1,-1,leaf,,0.34129359726386643,2,7.510817741924113,True,0.218302997232724,0.7816970027672759,0.7816970027672759
promotion,Random Forest,0,4386,-1,-1,leaf,,0.0,5,3.2792680494615074,True,1.0,0.0,0.0
promotion,Random Forest,0,4387,4388,4401,num__KPIs_met >80%,0.5,0.27673177375087343,85,309.7072829980714,False,0.16588308464765275,0.8341169153523474,0.8341169153523472
promotion,Random Forest,0,4388,4389,4400,cat__region_region_23,0.5,0.21861199551902144,23,100.63828328083616,False,0.1249080082959791,0.875091991704021,0.875091991704021
promotion,Random Forest,0,4389,4390,4395,cat__recruitment_channel_other,0.5,0.1887018615214212,21,98.45210458119517,False,0.10547614870671068,0.8945238512932892,0.8945238512932894
promotion,Random Forest,0,4390,4391,4394,cat__gender_f,0.5,0.2985341582988038,10,35.914454684889805,False,0.18261549998369797,0.817384500016302,0.817384500016302
promotion,Random Forest,0,4391,4392,4393,num__length_of_service,7.5,0.34129359726386654,7,22.532453225772336,False,0.21830299723272403,0.781697002767276,0.781697002767276
promotion,Random Forest,0,4392,-1,-1,leaf,,-4.440892098500626e-16,4,3.825812724371759,True,1.0,0.0,0.0
promotion,Random Forest,0,4393,-1,-1,leaf,,0.11003756798143471,3,18.706640501400578,True,0.058433225877124344,0.9415667741228757,0.9415667741228757
promotion,Random Forest,0,4394,-1,-1,leaf,,0.2150257334649187,3,13.38200145911747,True,0.12252532102465383,0.8774746789753463,0.8774746789753463
promotion,Random Forest,0,4395,4396,4399,num__length_of_service,10.5,0.11486725941005249,11,62.537649896305346,False,0.06117615117797677,0.9388238488220233,0.9388238488220233
promotion,Random Forest,0,4396,4397,4398,num__length_of_service,8.5,0.08499325318400897,9,61.444560546484844,False,0.04447461826151171,0.9555253817384883,0.9555253817384883
promotion,Random Forest,0,4397,-1,-1,leaf,,0.15581837355884387,6,32.088641960518046,True,0.08516170232176254,0.9148382976782374,0.9148382976782374
promotion,Random Forest,0,4398,-1,-1,leaf,,2.220446049250313e-16,3,29.35591858596679,True,0.0,1.0,1.0
promotion,Random Forest,0,4399,-1,-1,leaf,,0.0,2,1.0930893498205025,True,1.0,0.0,0.0
promotion,Random Forest,0,4400,-1,-1,leaf,,0.0,2,2.186178699641005,True,1.0,0.0,0.0
promotion,Random Forest,0,4401,4402,4411,cat__region_region_17,0.5,0.30231409566220613,62,209.06899971723527,False,0.18560700998766413,0.8143929900123359,0.8143929900123359
promotion,Random Forest,0,4402,4403,4406,cat__gender_m,0.5,0.31324261304191214,60,196.7800876079383,False,0.19442072472262797,0.805579275277372,0.805579275277372
promotion,Random Forest,0,4403,4404,4405,cat__region_region_13,0.5,0.3772972261005306,23,62.81926530994416,False,0.2523078787087995,0.7476921212912004,0.7476921212912004
promotion,Random Forest,0,4404,-1,-1,leaf,,0.35664074436591153,21,61.179631285213404,True,0.23226948657830515,0.7677305134216947,0.7677305134216948
promotion,Random Forest,0,4405,-1,-1,leaf,,0.0,2,1.639634024730754,True,1.0,0.0,0.0
promotion,Random Forest,0,4406,4407,4410,cat__region_region_5,0.5,0.27858849768100113,37,133.96082229799413,False,0.167275262176827,0.832724737823173,0.832724737823173
promotion,Random Forest,0,4407,4408,4409,num__avg_training_score,84.0,0.2840533621066076,35,127.54309390589052,False,0.17140706193422814,0.828592938065772,0.828592938065772
promotion,Random Forest,0,4408,-1,-1,leaf,,0.3614670315331432,32,92.31599160273036,True,0.23681473401151723,0.7631852659884828,0.7631852659884828
promotion,Random Forest,0,4409,-1,-1,leaf,,0.0,3,35.22710230316015,True,0.0,1.0,1.0
promotion,Random Forest,0,4410,-1,-1,leaf,,0.15581837355884398,2,6.4177283921036095,True,0.08516170232176253,0.9148382976782374,0.9148382976782374
promotion,Random Forest,0,4411,-1,-1,leaf,,0.08499325318400885,2,12.288912109296968,True,0.04447461826151171,0.9555253817384883,0.9555253817384883
promotion,Random Forest,0,4412,4413,5400,num__avg_training_score,86.5,0.49080661494737843,6255,8802.678100796044,False,0.5677989124244849,0.43220108757552184,0.43220108757551895
promotion,Random Forest,0,4413,4414,5353,num__awards_won?,0.5,0.4755103475247179,6106,8067.636988340135,False,0.6106563429616046,0.38934365703837814,0.38934365703838486
promotion,Random Forest,0,4414,4415,5338,cat__region_region_31,0.5,0.4647836307038252,6005,7704.5425072123935,False,0.6326958350819433,0.3673041649180402,0.36730416491804624
promotion,Random Forest,0,4415,4416,5305,cat__department_HR,0.5,0.46658958948910334,5868,7569.562658661915,False,0.6292486180021071,0.3707513819978762,0.3707513819978824
promotion,Random Forest,0,4416,4417,5246,cat__region_region_15,0.5,0.4699733102154925,5614,7294.824867193563,False,0.6225289553218358,0.3774710446781474,0.37747104467815373
promotion,Random Forest,0,4417,4418,5157,num__no_of_trainings,1.5,0.47369218389056833,5245,6872.147648836071,False,0.6146904880743073,0.38530951192567503,0.38530951192568186
promotion,Random Forest,0,4418,4419,4518,num__avg_training_score,50.5,0.4814345430973238,4513,6065.316268626111,False,0.5963469171865092,0.40365308281347123,0.4036530828134791
promotion,Random Forest,0,4419,4420,4431,num__previous_year_rating,2.5,0.3520229402161431,959,1030.0698506821507,False,0.7720083268797641,0.22799167312023524,0.22799167312023538
promotion,Random Forest,0,4420,4421,4422,cat__recruitment_channel_other,0.5,0.04885550165197683,262,234.32685782967837,False,0.974944469568824,0.025055530431175997,0.025055530431175997
promotion,Random Forest,0,4421,-1,-1,leaf,,0.0,129,112.0416583566015,True,1.0,0.0,0.0
promotion,Random Forest,0,4422,4423,4424,cat__region_region_2,0.5,0.09141409076088813,133,122.28519947307687,False,0.9519877814936549,0.04801221850634506,0.04801221850634506
promotion,Random Forest,0,4423,-1,-1,leaf,,0.0,90,78.70243318707618,True,1.0,0.0,0.0
promotion,Random Forest,0,4424,4425,4426,cat__gender_m,0.5,0.23313143624389565,43,43.58276628600069,False,0.8652865750038623,0.13471342499613784,0.1347134249961378
promotion,Random Forest,0,4425,-1,-1,leaf,,0.0,13,13.11707219784603,True,1.0,0.0,0.0
promotion,Random Forest,0,4426,4427,4430,num__length_of_service,3.5,0.31115135246974457,30,30.465694088154663,False,0.8072854109213902,0.1927145890786098,0.1927145890786098
promotion,Random Forest,0,4427,4428,4429,num__age,50.5,0.489295351903807,6,10.243541116475368,False,0.42684042066758116,0.5731595793324189,0.5731595793324189
promotion,Random Forest,0,4428,-1,-1,leaf,,0.0,3,2.7327233745512562,True,1.0,0.0,0.0
promotion,Random Forest,0,4429,-1,-1,leaf,,0.34129359726386665,3,7.510817741924112,True,0.21830299723272403,0.781697002767276,0.781697002767276
promotion,Random Forest,0,4430,-1,-1,leaf,,-4.440892098500626e-16,24,20.222152971679296,True,1.0,0.0,0.0
promotion,Random Forest,0,4431,4432,4487,num__age,44.5,0.40990106865013864,697,795.7429928524714,False,0.7122485940470074,0.2877514059529929,0.28775140595299287
promotion,Random Forest,0,4432,4433,4482,cat__region_region_10,0.5,0.4645731304719122,358,448.04983035983435,False,0.6330918283143021,0.3669081716856983,0.3669081716856981
promotion,Random Forest,0,4433,4434,4481,cat__region_region_22,0.5,0.4519151670212681,351,425.5173771340621,False,0.6550561720453779,0.3449438279546222,0.3449438279546222
promotion,Random Forest,0,4434,4435,4438,num__KPIs_met >80%,0.5,0.4614583729927261,328,406.3883135122033,False,0.6388193556520017,0.36118064434799846,0.36118064434799846
promotion,Random Forest,0,4435,4436,4437,cat__region_region_20,0.5,1.3322676295501878e-15,214,174.34775129637015,False,1.0,0.0,0.0
promotion,Random Forest,0,4436,-1,-1,leaf,,0.0,208,167.24267052253688,True,1.0,0.0,0.0
promotion,Random Forest,0,4437,-1,-1,leaf,,0.0,6,7.105080773833267,True,1.0,0.0,0.0
promotion,Random Forest,0,4438,4439,4480,cat__region_region_25,0.5,0.4648556587641073,114,232.04056221583318,False,0.3674399358104186,0.6325600641895814,0.6325600641895814
promotion,Random Forest,0,4439,4440,4441,num__avg_training_score,44.5,0.4598831646567926,111,228.76129416637167,False,0.3583722567022842,0.6416277432977159,0.6416277432977159
promotion,Random Forest,0,4440,-1,-1,leaf,,0.0,5,3.2792680494615074,True,1.0,0.0,0.0
promotion,Random Forest,0,4441,4442,4479,cat__region_region_16,0.5,0.45442265702482365,106,225.48202611691016,False,0.3490408284085125,0.6509591715914875,0.6509591715914875
promotion,Random Forest,0,4442,4443,4450,cat__gender_m,0.5,0.4504930384802617,104,223.2958474172692,False,0.34266761058234346,0.6573323894176565,0.6573323894176565
promotion,Random Forest,0,4443,4444,4449,num__length_of_service,8.5,0.3954171736469343,18,48.34417450100619,False,0.27132684202877483,0.7286731579712251,0.7286731579712251
promotion,Random Forest,0,4444,4445,4446,cat__region_region_2,0.5,0.49993491023520664,13,23.219805607501993,False,0.49429518778602854,0.5057048122139715,0.5057048122139715
promotion,Random Forest,0,4445,-1,-1,leaf,,0.0,6,4.918902074192261,True,1.0,0.0,0.0
promotion,Random Forest,0,4446,4447,4448,num__previous_year_rating,3.5,0.4598831646567927,7,18.300903533309732,False,0.35837225670228423,0.6416277432977158,0.6416277432977158
promotion,Random Forest,0,4447,-1,-1,leaf,,0.34129359726386665,4,15.021635483848224,True,0.21830299723272403,0.781697002767276,0.781697002767276
promotion,Random Forest,0,4448,-1,-1,leaf,,0.0,3,3.279268049461508,True,1.0,0.0,0.0
promotion,Random Forest,0,4449,-1,-1,leaf,,0.12200349063157279,5,25.124368893504187,True,0.06526070492280804,0.934739295077192,0.934739295077192
promotion,Random Forest,0,4450,4451,4478,cat__region_region_7,0.5,0.46212208494205664,86,174.95167291626296,False,0.3623811149261423,0.6376188850738578,0.6376188850738578
promotion,Random Forest,0,4451,4452,4453,num__length_of_service,1.5,0.4383226397546033,75,165.11386876787847,False,0.32439054660213096,0.6756094533978689,0.675609453397869
promotion,Random Forest,0,4452,-1,-1,leaf,,0.0,2,2.7327233745512562,True,1.0,0.0,0.0
promotion,Random Forest,0,4453,4454,4477,cat__region_region_28,0.5,0.4300774595697807,73,162.3811453933272,False,0.3130206690163062,0.6869793309836938,0.6869793309836938
promotion,Random Forest,0,4454,4455,4476,cat__education_Master's & above,0.5,0.4190864104253298,69,159.10187734386568,False,0.29886125488276755,0.7011387451172325,0.7011387451172325
promotion,Random Forest,0,4455,4456,4469,num__avg_training_score,49.5,0.44791337032217093,43,88.77179429199741,False,0.33862058731388806,0.6613794126861119,0.6613794126861119
promotion,Random Forest,0,4456,4457,4468,num__previous_year_rating,4.5,0.4874097762241806,30,50.67116090746659,False,0.4206582588550663,0.5793417411449336,0.5793417411449336
promotion,Random Forest,0,4457,4458,4465,num__avg_training_score,48.5,0.45418400911562884,20,36.05526239170921,False,0.34864612511671333,0.6513538748832867,0.6513538748832867
promotion,Random Forest,0,4458,4459,4464,cat__region_region_26,0.5,0.3614670315331433,12,23.078997900682587,False,0.23681473401151729,0.7631852659884828,0.7631852659884828
promotion,Random Forest,0,4459,4460,4461,num__avg_training_score,46.5,0.41613827185449526,10,16.66126950857898,False,0.29522972854256346,0.7047702714574365,0.7047702714574365
promotion,Random Forest,0,4460,-1,-1,leaf,,0.0,3,1.639634024730754,True,1.0,0.0,0.0
promotion,Random Forest,0,4461,4462,4463,num__avg_training_score,47.5,0.34129359726386665,7,15.021635483848225,False,0.21830299723272398,0.7816970027672759,0.781697002767276
promotion,Random Forest,0,4462,-1,-1,leaf,,0.26464259482182684,3,6.964273067013861,True,0.15695670449768812,0.8430432955023119,0.8430432955023119
promotion,Random Forest,0,4463,-1,-1,leaf,,0.3954171736469346,4,8.057362416834364,True,0.2713268420287749,0.7286731579712251,0.7286731579712251
promotion,Random Forest,0,4464,-1,-1,leaf,,0.15581837355884398,2,6.4177283921036095,True,0.08516170232176253,0.9148382976782374,0.9148382976782374
promotion,Random Forest,0,4465,4466,4467,num__age,42.5,0.4954790627121378,8,12.976264491026624,False,0.547544386040111,0.45245561395988904,0.45245561395988904
promotion,Random Forest,0,4466,-1,-1,leaf,,-2.220446049250313e-16,6,6.011991424012764,True,1.0,0.0,0.0
promotion,Random Forest,0,4467,-1,-1,leaf,,0.26464259482182684,2,6.964273067013861,True,0.15695670449768812,0.8430432955023119,0.8430432955023119
promotion,Random Forest,0,4468,-1,-1,leaf,,0.4806736088687469,10,14.615898515757378,True,0.5983015542381029,0.40169844576189717,0.40169844576189717
promotion,Random Forest,0,4469,4470,4475,num__length_of_service,4.5,0.3536770905341181,13,38.10063338453081,False,0.22951625791382385,0.7704837420861762,0.7704837420861762
promotion,Random Forest,0,4470,4471,4474,num__age,41.5,0.4999297966462748,7,11.883175141206122,False,0.5059246668144753,0.4940753331855246,0.4940753331855246
promotion,Random Forest,0,4471,4472,4473,num__previous_year_rating,4.5,0.489295351903807,4,10.243541116475368,False,0.42684042066758116,0.5731595793324189,0.5731595793324189
promotion,Random Forest,0,4472,-1,-1,leaf,,0.0,2,3.279268049461508,True,1.0,0.0,0.0
promotion,Random Forest,0,4473,-1,-1,leaf,,0.26464259482182684,2,6.964273067013861,True,0.15695670449768812,0.8430432955023119,0.8430432955023119
promotion,Random Forest,0,4474,-1,-1,leaf,,0.0,3,1.639634024730754,True,1.0,0.0,0.0
promotion,Random Forest,0,4475,-1,-1,leaf,,0.1867369060271873,6,26.21745824332469,True,0.10423296374457063,0.8957670362554294,0.8957670362554294
promotion,Random Forest,0,4476,-1,-1,leaf,,0.3736728637486727,26,70.33008305186827,True,0.24867636775332153,0.7513236322466785,0.7513236322466785
promotion,Random Forest,0,4477,-1,-1,leaf,,0.0,4,3.2792680494615074,True,1.0,0.0,0.0
promotion,Random Forest,0,4478,-1,-1,leaf,,0.0,11,9.837804148384523,True,1.0,0.0,0.0
promotion,Random Forest,0,4479,-1,-1,leaf,,0.0,2,2.186178699641005,True,1.0,0.0,0.0
promotion,Random Forest,0,4480,-1,-1,leaf,,0.0,3,3.279268049461508,True,1.0,0.0,0.0
promotion,Random Forest,0,4481,-1,-1,leaf,,0.0,23,19.129063621858794,True,1.0,0.0,0.0
promotion,Random Forest,0,4482,4483,4484,num__KPIs_met >80%,0.5,0.34129359726386477,7,22.532453225772336,False,0.218302997232724,0.781697002767276,0.781697002767276
promotion,Random Forest,0,4483,-1,-1,leaf,,0.0,3,3.279268049461508,True,1.0,0.0,0.0
promotion,Random Forest,0,4484,4485,4486,num__length_of_service,14.0,0.1558183735588441,4,19.25318517631083,False,0.08516170232176254,0.9148382976782375,0.9148382976782375
promotion,Random Forest,0,4485,-1,-1,leaf,,0.26464259482182684,2,6.964273067013861,True,0.15695670449768812,0.8430432955023119,0.8430432955023119
promotion,Random Forest,0,4486,-1,-1,leaf,,0.08499325318400885,2,12.288912109296968,True,0.04447461826151171,0.9555253817384883,0.9555253817384883
promotion,Random Forest,0,4487,4488,4489,num__KPIs_met >80%,0.5,0.30249031741284804,339,347.69316249263704,False,0.8142528302077423,0.18574716979225783,0.1857471697922578
promotion,Random Forest,0,4488,-1,-1,leaf,,0.0,257,218.6178699641005,True,1.0,0.0,0.0
promotion,Random Forest,0,4489,4490,4507,num__age,49.5,0.4999997528447413,82,129.0752925285366,False,0.4996484639006445,0.5003515360993553,0.5003515360993555
promotion,Random Forest,0,4490,4491,4506,cat__education_Master's & above,0.5,0.48420454778537747,42,79.76215023216194,False,0.4111308483932058,0.5888691516067942,0.5888691516067942
promotion,Random Forest,0,4491,4492,4505,cat__gender_f,0.5,0.370709462244459,24,62.2727206350339,False,0.24574566104435794,0.7542543389556421,0.7542543389556421
promotion,Random Forest,0,4492,4493,4494,num__previous_year_rating,3.5,0.34129359726386654,21,60.086541935392894,False,0.218302997232724,0.781697002767276,0.781697002767276
promotion,Random Forest,0,4493,-1,-1,leaf,,0.4961055060456644,6,10.79008579138562,True,0.4558723785235628,0.5441276214764372,0.5441276214764372
promotion,Random Forest,0,4494,4495,4500,num__length_of_service,9.5,0.27729320863126905,15,49.29645614400727,False,0.16630343770969794,0.8336965622903021,0.8336965622903021
promotion,Random Forest,0,4495,4496,4497,num__age,47.5,0.204009923461836,9,33.18173131033855,False,0.11529876752331294,0.8847012324766871,0.8847012324766871
promotion,Random Forest,0,4496,-1,-1,leaf,,0.3954171736469342,5,8.057362416834364,True,0.2713268420287749,0.7286731579712251,0.7286731579712251
promotion,Random Forest,0,4497,4498,4499,cat__region_region_13,0.5,0.12200349063157234,4,25.124368893504187,False,0.06526070492280804,0.934739295077192,0.934739295077192
promotion,Random Forest,0,4498,-1,-1,leaf,,0.08499325318400885,2,12.288912109296968,True,0.04447461826151171,0.9555253817384883,0.9555253817384883
promotion,Random Forest,0,4499,-1,-1,leaf,,0.1558183735588441,2,12.835456784207219,True,0.08516170232176253,0.9148382976782374,0.9148382976782374
promotion,Random Forest,0,4500,4501,4504,cat__region_region_13,0.5,0.3954171736469342,6,16.114724833668728,False,0.2713268420287749,0.7286731579712251,0.7286731579712251
promotion,Random Forest,0,4501,4502,4503,cat__region_region_2,0.5,0.34129359726386665,4,15.021635483848224,False,0.218302997232724,0.781697002767276,0.781697002767276
promotion,Random Forest,0,4502,-1,-1,leaf,,0.0,2,2.7327233745512562,True,1.0,0.0,0.0
promotion,Random Forest,0,4503,-1,-1,leaf,,0.08499325318400885,2,12.288912109296968,True,0.04447461826151171,0.9555253817384883,0.9555253817384883
promotion,Random Forest,0,4504,-1,-1,leaf,,0.0,2,1.0930893498205025,True,1.0,0.0,0.0
promotion,Random Forest,0,4505,-1,-1,leaf,,0.0,3,2.186178699641005,True,1.0,0.0,0.0
promotion,Random Forest,0,4506,-1,-1,leaf,,0.0,18,17.48942959712804,True,1.0,0.0,0.0
promotion,Random Forest,0,4507,4508,4509,num__previous_year_rating,3.5,0.45920353961367644,40,49.31314229637465,False,0.6428223728733066,0.3571776271266934,0.3571776271266934
promotion,Random Forest,0,4508,-1,-1,leaf,,0.0,9,9.837804148384523,True,1.0,0.0,0.0
promotion,Random Forest,0,4509,4510,4511,num__age,53.5,0.49420924054989723,31,39.47533814799012,False,0.5538087327954437,0.4461912672045563,0.4461912672045563
promotion,Random Forest,0,4510,-1,-1,leaf,,-6.661338147750939e-16,16,12.023982848025527,True,1.0,0.0,0.0
promotion,Random Forest,0,4511,4512,4515,num__previous_year_rating,4.5,0.4598831646567926,15,27.451355299964597,False,0.35837225670228423,0.6416277432977159,0.6416277432977159
promotion,Random Forest,0,4512,4513,4514,num__length_of_service,15.0,0.3062941761706056,6,14.475090808937974,False,0.18878799522721296,0.811212004772787,0.811212004772787
promotion,Random Forest,0,4513,-1,-1,leaf,,0.15581837355884443,4,12.835456784207219,True,0.08516170232176253,0.9148382976782374,0.9148382976782374
promotion,Random Forest,0,4514,-1,-1,leaf,,-2.220446049250313e-16,2,1.639634024730754,True,1.0,0.0,0.0
promotion,Random Forest,0,4515,4516,4517,num__avg_training_score,45.5,0.4954790627121375,9,12.976264491026624,False,0.547544386040111,0.45245561395988904,0.45245561395988904
promotion,Random Forest,0,4516,-1,-1,leaf,,0.26464259482182684,2,6.964273067013861,True,0.15695670449768812,0.8430432955023119,0.8430432955023119
promotion,Random Forest,0,4517,-1,-1,leaf,,-2.220446049250313e-16,7,6.0119914240127645,True,1.0,0.0,0.0
promotion,Random Forest,0,4518,4519,5138,cat__department_Finance,0.5,0.4927008937235695,3554,5035.2464179438275,False,0.560411531500405,0.4395884684995753,0.43958846849958394
promotion,Random Forest,0,4519,4520,5135,cat__region_region_10,0.5,0.4936800292571939,3460,4934.698883912689,False,0.5562137471746171,0.4437862528253655,0.44378625282537315
promotion,Random Forest,0,4520,4521,4746,num__KPIs_met >80%,0.5,0.4940839671177534,3435,4914.476730941009,False,0.5543876497114092,0.4456123502885729,0.44561235028858087
promotion,Random Forest,0,4521,4522,4669,cat__department_Sales & Marketing,0.5,0.385055782276156,2210,2458.8597032754983,False,0.7397334120683625,0.26026658793162255,0.26026658793162644
promotion,Random Forest,0,4522,4523,4668,cat__department_Legal,0.5,0.31594607811167297,1777,1851.1614508968423,False,0.803359458306755,0.19664054169323403,0.19664054169323616
promotion,Random Forest,0,4523,4524,4667,cat__region_region_32,0.5,0.32247494184034875,1714,1801.4258854800078,False,0.7979304097936756,0.20206959020631204,0.20206959020631457
promotion,Random Forest,0,4524,4525,4658,cat__region_region_26,0.5,0.32357415881581153,1706,1793.2277153563546,False,0.797006600250056,0.202993399749931,0.20299339974993363
promotion,Random Forest,0,4525,4526,4657,cat__region_region_33,0.5,0.32871174770344613,1637,1727.2366173990242,False,0.7926501770856813,0.20734982291430726,0.20734982291430962
promotion,Random Forest,0,4526,4527,4628,num__previous_year_rating,4.5,0.3308746245112678,1619,1711.9333665015363,False,0.7907966432824979,0.20920335671749019,0.20920335671749268
promotion,Random Forest,0,4527,4528,4595,cat__region_region_22,0.5,0.24898660964124597,1428,1410.07589360399,False,0.8542692410856219,0.1457307589143698,0.145730758914371
promotion,Random Forest,0,4528,4529,4566,cat__department_Operations,0.5,0.21983049404338995,1308,1260.9025696582155,False,0.874278977473095,0.12572102252689532,0.12572102252689654
promotion,Random Forest,0,4529,4530,4543,num__length_of_service,12.5,0.12818129240490506,835,767.7210882373489,False,0.9311720698254363,0.06882793017456361,0.06882793017456362
promotion,Random Forest,0,4530,4531,4532,cat__education_Master's & above,0.5,0.026373602875471303,504,439.28111092102256,False,0.9866345636740823,0.013365436325917792,0.013365436325917792
promotion,Random Forest,0,4531,-1,-1,leaf,,0.0,217,190.74409154367768,True,1.0,0.0,0.0
promotion,Random Forest,0,4532,4533,4534,num__previous_year_rating,2.5,0.046129859505267046,287,248.5370193773449,False,0.9763770253143683,0.023622974685631636,0.023622974685631636
promotion,Random Forest,0,4533,-1,-1,leaf,,0.0,83,70.50426306342241,True,1.0,0.0,0.0
promotion,Random Forest,0,4534,4535,4536,num__length_of_service,10.5,0.0637811074290221,204,178.03275631392248,False,0.9670218905848946,0.032978109415105546,0.03297810941510554
promotion,Random Forest,0,4535,-1,-1,leaf,,-4.440892098500626e-16,160,134.4499900279218,True,1.0,0.0,0.0
promotion,Random Forest,0,4536,4537,4542,num__age,41.5,0.23313143624389565,44,43.58276628600069,False,0.8652865750038623,0.13471342499613784,0.1347134249961378
promotion,Random Forest,0,4537,4538,4541,num__length_of_service,11.5,0.4546585644897586,14,16.802077215398384,False,0.6505679838316258,0.3494320161683741,0.3494320161683741
promotion,Random Forest,0,4538,4539,4540,cat__recruitment_channel_sourcing,0.5,0.4954790627121378,10,12.976264491026624,False,0.5475443860401109,0.45245561395988904,0.45245561395988904
promotion,Random Forest,0,4539,-1,-1,leaf,,0.0,6,5.4654467491025125,True,1.0,0.0,0.0
promotion,Random Forest,0,4540,-1,-1,leaf,,0.34129359726386665,4,7.510817741924112,True,0.21830299723272403,0.781697002767276,0.781697002767276
promotion,Random Forest,0,4541,-1,-1,leaf,,0.0,4,3.825812724371759,True,1.0,0.0,0.0
promotion,Random Forest,0,4542,-1,-1,leaf,,-6.661338147750939e-16,30,26.78068907060231,True,1.0,0.0,0.0
promotion,Random Forest,0,4543,4544,4557,cat__department_Technology,0.5,0.2451130997986748,331,328.43997731632624,False,0.8569922269471182,0.14300777305288193,0.14300777305288193
promotion,Random Forest,0,4544,4545,4556,cat__recruitment_channel_other,0.5,0.29495870751380937,156,163.25936393897834,False,0.8201884542626346,0.1798115457373654,0.1798115457373654
promotion,Random Forest,0,4545,4546,4555,num__age,48.5,0.16710093177124286,64,63.804919257679984,False,0.9079822718138357,0.09201772818616433,0.09201772818616433
promotion,Random Forest,0,4546,4547,4554,cat__region_region_19,0.5,0.3028577452042388,30,31.558783437975165,False,0.813960391447521,0.18603960855247903,0.18603960855247903
promotion,Random Forest,0,4547,4548,4553,cat__education_Bachelor's,0.5,0.31545362648616215,28,29.919149413244412,False,0.8037650189816445,0.19623498101835546,0.19623498101835546
promotion,Random Forest,0,4548,4549,4552,num__previous_year_rating,2.5,0.3822412382546546,19,22.814068639411147,False,0.7426507384548267,0.25734926154517346,0.25734926154517346
promotion,Random Forest,0,4549,4550,4551,num__length_of_service,15.0,0.4598831646567927,6,9.150451766654866,False,0.3583722567022842,0.6416277432977158,0.6416277432977158
promotion,Random Forest,0,4550,-1,-1,leaf,,3.3306690738754696e-16,4,2.7327233745512562,True,1.0,0.0,0.0
promotion,Random Forest,0,4551,-1,-1,leaf,,0.1558183735588441,2,6.4177283921036095,True,0.08516170232176253,0.9148382976782374,0.9148382976782374
promotion,Random Forest,0,4552,-1,-1,leaf,,-2.220446049250313e-16,13,13.66361687275628,True,1.0,0.0,0.0
promotion,Random Forest,0,4553,-1,-1,leaf,,0.0,9,7.105080773833266,True,1.0,0.0,0.0
promotion,Random Forest,0,4554,-1,-1,leaf,,0.0,2,1.639634024730754,True,1.0,0.0,0.0
promotion,Random Forest,0,4555,-1,-1,leaf,,0.0,34,32.246135819704826,True,1.0,0.0,0.0
promotion,Random Forest,0,4556,-1,-1,leaf,,0.3607511557777039,92,99.45444468129836,True,0.7638644009925325,0.23613559900746756,0.23613559900746756
promotion,Random Forest,0,4557,4558,4565,cat__gender_f,0.5,0.19052334732713172,175,165.18061337734792,False,0.8933679274374488,0.10663207256255118,0.1066320725625512
promotion,Random Forest,0,4558,4559,4560,num__avg_training_score,81.5,0.2975493337313644,98,96.8625290135665,False,0.8181592889329461,0.18184071106705393,0.18184071106705393
promotion,Random Forest,0,4559,-1,-1,leaf,,-2.220446049250313e-16,69,56.84064619066613,True,1.0,0.0,0.0
promotion,Random Forest,0,4560,4561,4562,cat__education_Bachelor's,0.5,0.4928235041745359,29,40.02188282290037,False,0.5599019858830414,0.4400980141169587,0.4400980141169587
promotion,Random Forest,0,4561,-1,-1,leaf,,0.48632241594034,19,28.138707681694253,True,0.5826969892428373,0.4173030107571628,0.4173030107571628
promotion,Random Forest,0,4562,4563,4564,num__previous_year_rating,3.5,0.4999297966462749,10,11.883175141206122,False,0.5059246668144753,0.4940753331855246,0.4940753331855246
promotion,Random Forest,0,4563,-1,-1,leaf,,0.0,7,4.918902074192261,True,1.0,0.0,0.0
promotion,Random Forest,0,4564,-1,-1,leaf,,0.26464259482182684,3,6.964273067013861,True,0.15695670449768812,0.8430432955023119,0.8430432955023119
promotion,Random Forest,0,4565,-1,-1,leaf,,0.0,77,68.31808436378141,True,1.0,0.0,0.0
promotion,Random Forest,0,4566,4567,4590,cat__gender_m,0.5,0.3367336763212163,473,493.1814814208485,False,0.7857151760747096,0.21428482392529052,0.21428482392529047
promotion,Random Forest,0,4567,4568,4589,cat__region_region_13,0.5,0.39963170651394453,203,234.01187011130483,False,0.7240181839561863,0.27598181604381367,0.27598181604381367
promotion,Random Forest,0,4568,4569,4588,cat__recruitment_channel_referred,0.5,0.41257978984042987,187,221.9878872632793,False,0.7090696177826541,0.2909303822173459,0.2909303822173459
promotion,Random Forest,0,4569,4570,4581,num__length_of_service,3.5,0.377627874635973,184,209.15243047907208,False,0.7473581667987,0.2526418332013,0.2526418332013
promotion,Random Forest,0,4570,4571,4580,cat__region_region_27,0.5,0.4942813745844309,21,31.823712699246606,False,0.4465274583754944,0.5534725416245057,0.5534725416245057
promotion,Random Forest,0,4571,4572,4573,num__age,41.5,0.477754625731577,19,29.09098932469535,False,0.39453584905660377,0.6054641509433963,0.6054641509433963
promotion,Random Forest,0,4572,-1,-1,leaf,,0.1558183735588441,3,12.835456784207219,True,0.08516170232176253,0.9148382976782374,0.9148382976782374
promotion,Random Forest,0,4573,4574,4579,cat__recruitment_channel_other,0.5,0.4614583729927262,16,16.255532540488133,False,0.6388193556520017,0.36118064434799835,0.36118064434799835
promotion,Random Forest,0,4574,4575,4576,cat__education_Bachelor's,0.5,0.489295351903807,7,10.243541116475368,False,0.42684042066758116,0.5731595793324189,0.5731595793324189
promotion,Random Forest,0,4575,-1,-1,leaf,,0.0,2,1.0930893498205025,True,1.0,0.0,0.0
promotion,Random Forest,0,4576,4577,4578,num__age,54.0,0.4598831646567927,5,9.150451766654866,False,0.35837225670228423,0.6416277432977158,0.6416277432977158
promotion,Random Forest,0,4577,-1,-1,leaf,,6.661338147750939e-16,3,1.639634024730754,True,1.0,0.0,0.0
promotion,Random Forest,0,4578,-1,-1,leaf,,0.34129359726386654,2,7.510817741924113,True,0.218302997232724,0.7816970027672759,0.7816970027672759
promotion,Random Forest,0,4579,-1,-1,leaf,,2.220446049250313e-16,9,6.011991424012764,True,1.0,0.0,0.0
promotion,Random Forest,0,4580,-1,-1,leaf,,0.0,2,2.7327233745512567,True,1.0,0.0,0.0
promotion,Random Forest,0,4581,4582,4587,cat__region_region_20,0.5,0.3183814702269604,163,177.32871777982547,False,0.8013457563771552,0.19865424362284487,0.19865424362284487
promotion,Random Forest,0,4582,4583,4584,num__avg_training_score,67.5,0.32135811101288203,161,175.14253908018446,False,0.7988660979327682,0.20113390206723186,0.20113390206723186
promotion,Random Forest,0,4583,-1,-1,leaf,,-4.440892098500626e-16,156,139.91543677702433,True,1.0,0.0,0.0
promotion,Random Forest,0,4584,4585,4586,num__length_of_service,11.5,1.3322676295501878e-15,5,35.22710230316015,False,0.0,1.0,1.0
promotion,Random Forest,0,4585,-1,-1,leaf,,0.0,2,11.742367434386717,True,0.0,1.0,1.0
promotion,Random Forest,0,4586,-1,-1,leaf,,0.0,3,23.484734868773433,True,0.0,1.0,1.0
promotion,Random Forest,0,4587,-1,-1,leaf,,0.0,2,2.186178699641005,True,1.0,0.0,0.0
promotion,Random Forest,0,4588,-1,-1,leaf,,0.1558183735588451,3,12.835456784207219,True,0.08516170232176253,0.9148382976782374,0.9148382976782374
promotion,Random Forest,0,4589,-1,-1,leaf,,0.0,16,12.023982848025527,True,1.0,0.0,0.0
promotion,Random Forest,0,4590,4591,4592,num__avg_training_score,68.5,0.2668603885809825,270,259.16961130954377,False,0.8414232061672267,0.15857679383277326,0.1585767938327733
promotion,Random Forest,0,4591,-1,-1,leaf,,0.0,265,218.07132528919024,True,1.0,0.0,0.0
promotion,Random Forest,0,4592,4593,4594,cat__education_Master's & above,0.5,1.1102230246251565e-15,5,41.098286020353505,False,0.0,1.0,1.0
promotion,Random Forest,0,4593,-1,-1,leaf,,0.0,3,17.613551151580076,True,0.0,1.0,1.0
promotion,Random Forest,0,4594,-1,-1,leaf,,0.0,2,23.484734868773433,True,0.0,1.0,1.0
promotion,Random Forest,0,4595,4596,4613,num__length_of_service,8.5,0.43145011862068017,120,149.17332394576385,False,0.6851349256343987,0.31486507436560135,0.31486507436560135
promotion,Random Forest,0,4596,4597,4598,num__age,43.5,0.49439800151861657,58,91.92694078700687,False,0.5529244673160884,0.44707553268391176,0.44707553268391176
promotion,Random Forest,0,4597,-1,-1,leaf,,0.0,29,32.79268049461508,True,1.0,0.0,0.0
promotion,Random Forest,0,4598,4599,4612,num__age,55.5,0.42395032821259304,29,59.1342602923918,False,0.3050004207858299,0.69499957921417,0.6949995792141701
promotion,Random Forest,0,4599,4600,4611,cat__department_Technology,0.5,0.48929535190380713,27,40.974164465901474,False,0.42684042066758116,0.5731595793324189,0.5731595793324189
promotion,Random Forest,0,4600,4601,4604,cat__department_Operations,0.5,0.48116206730178124,24,39.33453044117072,False,0.40294864066325803,0.5970513593367419,0.5970513593367419
promotion,Random Forest,0,4601,4602,4603,cat__recruitment_channel_sourcing,0.5,0.3954171736469343,5,16.114724833668728,False,0.27132684202877494,0.7286731579712251,0.7286731579712251
promotion,Random Forest,0,4602,-1,-1,leaf,,0.1558183735588441,2,12.835456784207219,True,0.08516170232176253,0.9148382976782374,0.9148382976782374
promotion,Random Forest,0,4603,-1,-1,leaf,,0.0,3,3.279268049461508,True,1.0,0.0,0.0
promotion,Random Forest,0,4604,4605,4606,num__previous_year_rating,2.5,0.49993491023520664,19,23.219805607501993,False,0.49429518778602854,0.5057048122139715,0.5057048122139715
promotion,Random Forest,0,4605,-1,-1,leaf,,0.0,5,3.2792680494615074,True,1.0,0.0,0.0
promotion,Random Forest,0,4606,4607,4610,num__avg_training_score,67.0,0.48420454778537725,14,19.940537558040486,False,0.4111308483932058,0.5888691516067942,0.5888691516067942
promotion,Random Forest,0,4607,4608,4609,cat__recruitment_channel_other,0.5,4.440892098500626e-16,12,8.19817012365377,False,1.0,0.0,0.0
promotion,Random Forest,0,4608,-1,-1,leaf,,0.0,5,2.7327233745512562,True,1.0,0.0,0.0
promotion,Random Forest,0,4609,-1,-1,leaf,,0.0,7,5.4654467491025125,True,1.0,0.0,0.0
promotion,Random Forest,0,4610,-1,-1,leaf,,-2.220446049250313e-16,2,11.742367434386717,True,0.0,1.0,1.0
promotion,Random Forest,0,4611,-1,-1,leaf,,0.0,3,1.639634024730754,True,1.0,0.0,0.0
promotion,Random Forest,0,4612,-1,-1,leaf,,0.05838029916382992,2,18.160095826490327,True,0.03009591359716289,0.9699040864028371,0.9699040864028371
promotion,Random Forest,0,4613,4614,4627,cat__gender_f,0.5,0.18408274451755258,62,57.24638315875697,False,0.8974400932734693,0.1025599067265308,0.1025599067265308
promotion,Random Forest,0,4614,4615,4626,cat__recruitment_channel_sourcing,0.5,0.20105775051978192,55,51.78093640965446,False,0.8866149566947831,0.113385043305217,0.113385043305217
promotion,Random Forest,0,4615,4616,4625,cat__department_Procurement,0.5,0.2734022029124986,37,35.931140837257175,False,0.8365990174432342,0.16340098255676588,0.16340098255676588
promotion,Random Forest,0,4616,4617,4624,cat__education_Bachelor's,0.5,0.3111513524697447,28,30.465694088154663,False,0.8072854109213902,0.1927145890786098,0.1927145890786098
promotion,Random Forest,0,4617,4618,4623,cat__department_Technology,0.5,0.4137795993733371,17,20.08134526485989,False,0.7076299600571445,0.2923700399428555,0.2923700399428555
promotion,Random Forest,0,4618,4619,4620,num__avg_training_score,68.5,0.4745608214850363,13,15.16244319066763,False,0.6127811564822859,0.3872188435177141,0.3872188435177141
promotion,Random Forest,0,4619,-1,-1,leaf,,2.220446049250313e-16,9,7.651625448743517,True,1.0,0.0,0.0
promotion,Random Forest,0,4620,4621,4622,num__avg_training_score,80.5,0.34129359726386665,4,7.510817741924112,False,0.21830299723272403,0.781697002767276,0.781697002767276
promotion,Random Forest,0,4621,-1,-1,leaf,,0.1558183735588441,2,6.4177283921036095,True,0.08516170232176253,0.9148382976782374,0.9148382976782374
promotion,Random Forest,0,4622,-1,-1,leaf,,-6.661338147750939e-16,2,1.0930893498205025,True,1.0,0.0,0.0
promotion,Random Forest,0,4623,-1,-1,leaf,,0.0,4,4.918902074192261,True,1.0,0.0,0.0
promotion,Random Forest,0,4624,-1,-1,leaf,,0.0,11,10.384348823294774,True,1.0,0.0,0.0
promotion,Random Forest,0,4625,-1,-1,leaf,,0.0,9,5.4654467491025125,True,1.0,0.0,0.0
promotion,Random Forest,0,4626,-1,-1,leaf,,0.0,18,15.849795572397285,True,1.0,0.0,0.0
promotion,Random Forest,0,4627,-1,-1,leaf,,0.0,7,5.4654467491025125,True,1.0,0.0,0.0
promotion,Random Forest,0,4628,4629,4656,num__length_of_service,18.5,0.4999349102352102,191,301.8574728975259,False,0.4942951877860286,0.5057048122139716,0.5057048122139715
promotion,Random Forest,0,4629,4630,4655,cat__region_region_2,0.5,0.4986797306352916,179,290.3800347244107,False,0.47430691372462036,0.5256930862753796,0.5256930862753796
promotion,Random Forest,0,4630,4631,4654,cat__region_region_19,0.5,0.48302966287250937,112,198.31228623058436,False,0.407885025301283,0.592114974698717,0.592114974698717
promotion,Random Forest,0,4631,4632,4633,num__avg_training_score,65.5,0.47916312647417525,107,195.03301818112286,False,0.39792925608720053,0.6020707439127995,0.6020707439127995
promotion,Random Forest,0,4632,-1,-1,leaf,,0.0,53,42.08393996808935,True,1.0,0.0,0.0
promotion,Random Forest,0,4633,4634,4643,cat__gender_m,0.5,0.3566407443659112,54,152.94907821303352,False,0.23226948657830515,0.7677305134216948,0.7677305134216948
promotion,Random Forest,0,4634,4635,4642,num__avg_training_score,77.5,0.24366252476318118,16,61.585368253304246,False,0.1419933832756588,0.8580066167243412,0.8580066167243412
promotion,Random Forest,0,4635,4636,4639,cat__region_region_7,0.5,0.19644638876922693,14,59.39918955366324,False,0.11041457212135548,0.8895854278786446,0.8895854278786446
promotion,Random Forest,0,4636,4637,4638,cat__department_Procurement,0.5,0.13929085390619467,9,50.79528246191863,False,0.0753182685270031,0.9246817314729969,0.9246817314729969
promotion,Random Forest,0,4637,-1,-1,leaf,,0.0,6,46.969469737546866,True,0.0,1.0,1.0
promotion,Random Forest,0,4638,-1,-1,leaf,,-4.440892098500626e-16,3,3.825812724371759,True,1.0,0.0,0.0
promotion,Random Forest,0,4639,4640,4641,cat__recruitment_channel_other,0.5,0.4334708659252017,5,8.603907091744615,False,0.31761423565036917,0.6823857643496308,0.6823857643496308
promotion,Random Forest,0,4640,-1,-1,leaf,,0.0,2,1.0930893498205025,True,1.0,0.0,0.0
promotion,Random Forest,0,4641,-1,-1,leaf,,0.34129359726386665,3,7.510817741924112,True,0.21830299723272403,0.781697002767276,0.781697002767276
promotion,Random Forest,0,4642,-1,-1,leaf,,0.0,2,2.186178699641005,True,1.0,0.0,0.0
promotion,Random Forest,0,4643,4644,4653,cat__department_Technology,0.5,0.4144027659554652,38,91.36370995972926,False,0.29312173380882345,0.7068782661911764,0.7068782661911766
promotion,Random Forest,0,4644,4645,4648,num__age,44.5,0.3631876270355957,30,84.80517386080625,False,0.23845423635202537,0.7615457636479745,0.7615457636479747
promotion,Random Forest,0,4645,4646,4647,cat__department_Operations,0.5,0.488920033225668,19,27.592163006784002,False,0.5744310646650045,0.4255689353349955,0.4255689353349955
promotion,Random Forest,0,4646,-1,-1,leaf,,0.0,17,15.303250897487034,True,1.0,0.0,0.0
promotion,Random Forest,0,4647,-1,-1,leaf,,0.08499325318400885,2,12.288912109296968,True,0.04447461826151171,0.9555253817384883,0.9555253817384883
promotion,Random Forest,0,4648,4649,4652,cat__education_Master's & above,0.5,0.14116408682010473,11,57.21301085402224,False,0.0764224314367581,0.9235775685632419,0.9235775685632419
promotion,Random Forest,0,4649,4650,4651,num__age,47.0,0.3062941761706056,4,14.475090808937974,False,0.18878799522721298,0.811212004772787,0.811212004772787
promotion,Random Forest,0,4650,-1,-1,leaf,,0.0,2,1.0930893498205025,True,1.0,0.0,0.0
promotion,Random Forest,0,4651,-1,-1,leaf,,0.21502573346491893,2,13.38200145911747,True,0.12252532102465383,0.8774746789753463,0.8774746789753463
promotion,Random Forest,0,4652,-1,-1,leaf,,0.0737859823105802,7,42.737920045084266,True,0.03836485310939566,0.9616351468906044,0.9616351468906044
promotion,Random Forest,0,4653,-1,-1,leaf,,0.0,8,6.558536098923015,True,1.0,0.0,0.0
promotion,Random Forest,0,4654,-1,-1,leaf,,0.0,5,3.2792680494615074,True,1.0,0.0,0.0
promotion,Random Forest,0,4655,-1,-1,leaf,,0.4724445870661518,67,92.06774849382627,True,0.6173784753135095,0.3826215246864905,0.3826215246864905
promotion,Random Forest,0,4656,-1,-1,leaf,,0.0,12,11.477438173115276,True,1.0,0.0,0.0
promotion,Random Forest,0,4657,-1,-1,leaf,,0.0,18,15.303250897487034,True,1.0,0.0,0.0
promotion,Random Forest,0,4658,4659,4664,num__age,41.5,0.16210757529247466,69,65.991097957321,False,0.9110306708188052,0.08896932918119471,0.08896932918119473
promotion,Random Forest,0,4659,4660,4661,cat__gender_m,0.5,0.4204393704912991,18,19.53480058994964,False,0.6994500307203548,0.30054996927964517,0.30054996927964517
promotion,Random Forest,0,4660,-1,-1,leaf,,0.0,8,6.558536098923015,True,1.0,0.0,0.0
promotion,Random Forest,0,4661,4662,4663,num__length_of_service,4.5,0.49547906271213793,10,12.976264491026624,False,0.547544386040111,0.45245561395988904,0.45245561395988904
promotion,Random Forest,0,4662,-1,-1,leaf,,0.26464259482182684,2,6.964273067013861,True,0.15695670449768812,0.8430432955023119,0.8430432955023119
promotion,Random Forest,0,4663,-1,-1,leaf,,-2.220446049250313e-16,8,6.011991424012764,True,1.0,0.0,0.0
promotion,Random Forest,0,4664,4665,4666,num__previous_year_rating,1.5,4.440892098500626e-16,51,46.456297367371356,False,1.0,0.0,0.0
promotion,Random Forest,0,4665,-1,-1,leaf,,0.0,5,4.37235739928201,True,1.0,0.0,0.0
promotion,Random Forest,0,4666,-1,-1,leaf,,0.0,46,42.08393996808935,True,1.0,0.0,0.0
promotion,Random Forest,0,4667,-1,-1,leaf,,0.0,8,8.19817012365377,True,1.0,0.0,0.0
promotion,Random Forest,0,4668,-1,-1,leaf,,0.0,63,49.73556541683286,True,1.0,0.0,0.0
promotion,Random Forest,0,4669,4670,4745,cat__region_region_23,0.5,0.4957833153966966,433,607.6982523786103,False,0.54591668870529,0.45408331129471025,0.45408331129471013
promotion,Random Forest,0,4670,4671,4698,cat__recruitment_channel_other,0.5,0.49677975266294816,422,600.0466269298668,False,0.5401263463141837,0.4598736536858166,0.4598736536858165
promotion,Random Forest,0,4671,4672,4673,cat__recruitment_channel_sourcing,0.5,0.4426154286819868,184,213.10236475789588,False,0.6693879737732482,0.3306120262267518,0.3306120262267518
promotion,Random Forest,0,4672,-1,-1,leaf,,0.1558183735588441,2,6.4177283921036095,True,0.08516170232176253,0.9148382976782374,0.9148382976782374
promotion,Random Forest,0,4673,4674,4695,cat__region_region_4,0.5,0.42966598741198614,182,206.68463636579227,False,0.6875286812570464,0.31247131874295364,0.31247131874295364
promotion,Random Forest,0,4674,4675,4676,num__previous_year_rating,2.5,0.3570641332119322,172,176.64136539809581,False,0.7673348712645507,0.23266512873544937,0.23266512873544937
promotion,Random Forest,0,4675,-1,-1,leaf,,0.0,53,42.08393996808935,True,1.0,0.0,0.0
promotion,Random Forest,0,4676,4677,4694,cat__region_region_13,0.5,0.42428741070903986,119,134.55742543000648,False,0.694566941296511,0.305433058703489,0.305433058703489
promotion,Random Forest,0,4677,4678,4693,cat__region_region_20,0.5,0.4349967838464104,110,128.5454340059937,False,0.6802820237205998,0.3197179762794003,0.3197179762794003
promotion,Random Forest,0,4678,4679,4692,cat__region_region_25,0.5,0.4408923098323094,107,125.2661659565322,False,0.6719123180107966,0.32808768198920335,0.32808768198920335
promotion,Random Forest,0,4679,4680,4689,num__length_of_service,14.5,0.3846455745736047,105,112.97725384723525,False,0.740160805947177,0.2598391940528229,0.2598391940528229
promotion,Random Forest,0,4680,4681,4688,cat__region_region_26,0.5,0.27173857348047903,76,72.40882634942461,False,0.8378323744991892,0.1621676255008106,0.16216762550081062
promotion,Random Forest,0,4681,4682,4685,cat__education_Bachelor's,0.5,0.2767875847794141,74,70.76919232469385,False,0.8340751526382845,0.16592484736171553,0.16592484736171553
promotion,Random Forest,0,4682,4683,4684,num__previous_year_rating,4.5,0.3386426884378889,30,27.186426038693156,False,0.7840398841378716,0.2159601158621284,0.2159601158621284
promotion,Random Forest,0,4683,-1,-1,leaf,,0.0,20,14.210161547666532,True,1.0,0.0,0.0
promotion,Random Forest,0,4684,-1,-1,leaf,,0.4954790627121377,10,12.976264491026624,True,0.5475443860401109,0.45245561395988904,0.45245561395988904
promotion,Random Forest,0,4685,4686,4687,num__avg_training_score,55.5,0.23313143624389565,44,43.58276628600069,False,0.8652865750038623,0.13471342499613784,0.1347134249961378
promotion,Random Forest,0,4686,-1,-1,leaf,,-4.440892098500626e-16,42,36.618493218986835,True,1.0,0.0,0.0
promotion,Random Forest,0,4687,-1,-1,leaf,,0.2646425948218275,2,6.964273067013861,True,0.15695670449768812,0.8430432955023119,0.8430432955023119
promotion,Random Forest,0,4688,-1,-1,leaf,,0.0,2,1.639634024730754,True,1.0,0.0,0.0
promotion,Random Forest,0,4689,4690,4691,cat__gender_f,0.5,0.49133254299669527,29,40.568427497810625,False,0.5658310603108629,0.43416893968913717,0.43416893968913717
promotion,Random Forest,0,4690,-1,-1,leaf,,0.4991493539024443,25,36.742614773438866,True,0.5206233617234869,0.4793766382765133,0.47937663827651317
promotion,Random Forest,0,4691,-1,-1,leaf,,0.0,4,3.825812724371759,True,1.0,0.0,0.0
promotion,Random Forest,0,4692,-1,-1,leaf,,0.08499325318400996,2,12.288912109296968,True,0.04447461826151171,0.9555253817384883,0.9555253817384883
promotion,Random Forest,0,4693,-1,-1,leaf,,0.0,3,3.279268049461508,True,1.0,0.0,0.0
promotion,Random Forest,0,4694,-1,-1,leaf,,0.0,9,6.0119914240127645,True,1.0,0.0,0.0
promotion,Random Forest,0,4695,4696,4697,num__age,42.5,0.34129359726386677,10,30.043270967696447,False,0.21830299723272403,0.781697002767276,0.781697002767276
promotion,Random Forest,0,4696,-1,-1,leaf,,0.08499325318400885,4,24.577824218593936,True,0.04447461826151171,0.9555253817384883,0.9555253817384883
promotion,Random Forest,0,4697,-1,-1,leaf,,-6.661338147750939e-16,6,5.465446749102513,True,1.0,0.0,0.0
promotion,Random Forest,0,4698,4699,4744,cat__region_region_3,0.5,0.498070292641842,238,386.94426217197093,False,0.46893790607382035,0.5310620939261799,0.5310620939261798
promotion,Random Forest,0,4699,4700,4739,cat__education_Master's & above,0.5,0.4976771664100236,235,384.75808347232993,False,0.46592043434859887,0.5340795656514014,0.5340795656514012
promotion,Random Forest,0,4700,4701,4728,cat__region_region_2,0.5,0.48375917735141716,142,258.6804435796161,False,0.40988667510134047,0.5901133248986595,0.5901133248986595
promotion,Random Forest,0,4701,4702,4723,cat__region_region_13,0.5,0.4984676959348092,89,144.64347268729506,False,0.47232054854959393,0.5276794514504062,0.5276794514504062
promotion,Random Forest,0,4702,4703,4710,num__age,42.5,0.4973056975944362,78,114.05365704468836,False,0.5367035584484918,0.46329644155150823,0.46329644155150823
promotion,Random Forest,0,4703,4704,4705,num__length_of_service,6.5,0.44791337032217104,28,53.26307657519844,False,0.3386205873138881,0.661379412686112,0.661379412686112
promotion,Random Forest,0,4704,-1,-1,leaf,,0.0,10,9.291259473474272,True,1.0,0.0,0.0
promotion,Random Forest,0,4705,4706,4709,cat__region_region_22,0.5,0.31864252908598467,18,43.97181710172417,False,0.19887089902002555,0.8011291009799745,0.8011291009799745
promotion,Random Forest,0,4706,4707,4708,num__length_of_service,13.5,0.26464259482182695,15,41.785638402083165,False,0.1569567044976881,0.8430432955023119,0.8430432955023119
promotion,Random Forest,0,4707,-1,-1,leaf,,0.4334708659252017,10,17.20781418348923,True,0.3176142356503691,0.6823857643496308,0.6823857643496308
promotion,Random Forest,0,4708,-1,-1,leaf,,0.08499325318400885,5,24.577824218593936,True,0.04447461826151171,0.9555253817384883,0.9555253817384883
promotion,Random Forest,0,4709,-1,-1,leaf,,0.0,3,2.186178699641005,True,1.0,0.0,0.0
promotion,Random Forest,0,4710,4711,4722,cat__region_region_26,0.5,0.4115826873475985,50,60.790580469489925,False,0.7102585463808804,0.2897414536191196,0.2897414536191196
promotion,Random Forest,0,4711,4712,4721,cat__region_region_29,0.5,0.44089230983230954,41,53.68549969565666,False,0.6719123180107966,0.32808768198920335,0.32808768198920335
promotion,Random Forest,0,4712,4713,4714,cat__gender_m,0.5,0.3734172998244931,39,47.26777130355305,False,0.7515777217635802,0.24842227823641985,0.24842227823641985
promotion,Random Forest,0,4713,-1,-1,leaf,,0.0,2,2.186178699641005,True,1.0,0.0,0.0
promotion,Random Forest,0,4714,4715,4720,num__age,55.0,0.3852500145310854,37,45.08159260391204,False,0.7395307761738713,0.26046922382612875,0.26046922382612875
promotion,Random Forest,0,4715,4716,4719,num__previous_year_rating,1.5,0.2575858900875334,35,38.66386421180843,False,0.8481480359792848,0.15185196402071538,0.15185196402071535
promotion,Random Forest,0,4716,4717,4718,num__length_of_service,16.0,0.4863224159403401,9,14.069353840847127,False,0.5826969892428373,0.4173030107571628,0.4173030107571628
promotion,Random Forest,0,4717,-1,-1,leaf,,-2.220446049250313e-16,7,7.651625448743518,True,1.0,0.0,0.0
promotion,Random Forest,0,4718,-1,-1,leaf,,0.1558183735588441,2,6.4177283921036095,True,0.08516170232176253,0.9148382976782374,0.9148382976782374
promotion,Random Forest,0,4719,-1,-1,leaf,,-6.661338147750939e-16,26,24.594510370961306,True,1.0,0.0,0.0
promotion,Random Forest,0,4720,-1,-1,leaf,,0.15581837355884487,2,6.4177283921036095,True,0.08516170232176253,0.9148382976782374,0.9148382976782374
promotion,Random Forest,0,4721,-1,-1,leaf,,0.1558183735588451,2,6.4177283921036095,True,0.08516170232176253,0.9148382976782374,0.9148382976782374
promotion,Random Forest,0,4722,-1,-1,leaf,,0.0,9,7.105080773833266,True,1.0,0.0,0.0
promotion,Random Forest,0,4723,4724,4725,num__length_of_service,8.0,0.3566407443659113,11,30.5898156426067,False,0.23226948657830518,0.7677305134216948,0.7677305134216948
promotion,Random Forest,0,4724,-1,-1,leaf,,0.0,5,3.8258127243717586,True,1.0,0.0,0.0
promotion,Random Forest,0,4725,4726,4727,num__length_of_service,11.5,0.21502573346491882,6,26.76400291823494,False,0.12252532102465381,0.8774746789753463,0.8774746789753463
promotion,Random Forest,0,4726,-1,-1,leaf,,0.08499325318400885,2,24.577824218593936,True,0.04447461826151171,0.9555253817384883,0.9555253817384883
promotion,Random Forest,0,4727,-1,-1,leaf,,0.0,4,2.186178699641005,True,1.0,0.0,0.0
promotion,Random Forest,0,4728,4729,4738,num__length_of_service,14.5,0.44267238505917106,53,114.03697089232101,False,0.330696109110232,0.6693038908897679,0.6693038908897679
promotion,Random Forest,0,4729,4730,4737,num__age,46.5,0.3768006178179222,38,102.01298804429547,False,0.2518071493957994,0.7481928506042006,0.7481928506042006
promotion,Random Forest,0,4730,4731,4734,num__avg_training_score,55.5,0.20228031762550092,18,86.1631924718982,False,0.11417641183145676,0.8858235881685431,0.8858235881685432
promotion,Random Forest,0,4731,4732,4733,num__length_of_service,4.0,3.3306690738754696e-15,11,8.74471479856402,False,1.0,0.0,0.0
promotion,Random Forest,0,4732,-1,-1,leaf,,0.0,2,3.279268049461508,True,1.0,0.0,0.0
promotion,Random Forest,0,4733,-1,-1,leaf,,0.0,9,5.4654467491025125,True,1.0,0.0,0.0
promotion,Random Forest,0,4734,4735,4736,num__length_of_service,12.0,0.027839756126901483,7,77.41847767333417,False,0.01411923074014414,0.9858807692598559,0.9858807692598559
promotion,Random Forest,0,4735,-1,-1,leaf,,0.0,5,58.71183717193359,True,0.0,1.0,1.0
promotion,Random Forest,0,4736,-1,-1,leaf,,0.11003756798143471,2,18.706640501400578,True,0.058433225877124344,0.9415667741228757,0.9415667741228757
promotion,Random Forest,0,4737,-1,-1,leaf,,-1.9984014443252818e-15,20,15.849795572397285,True,1.0,0.0,0.0
promotion,Random Forest,0,4738,-1,-1,leaf,,0.0,15,12.023982848025527,True,1.0,0.0,0.0
promotion,Random Forest,0,4739,4740,4741,num__avg_training_score,57.0,0.48691426713104746,93,126.0776398927139,False,0.5808879869602165,0.4191120130397834,0.41911201303978346
promotion,Random Forest,0,4740,-1,-1,leaf,,-4.440892098500626e-16,88,73.23698643797367,True,1.0,0.0,0.0
promotion,Random Forest,0,4741,4742,4743,num__length_of_service,14.0,1.1102230246251565e-15,5,52.84065345474022,False,0.0,1.0,1.0
promotion,Random Forest,0,4742,-1,-1,leaf,,0.0,2,23.484734868773433,True,0.0,1.0,1.0
promotion,Random Forest,0,4743,-1,-1,leaf,,0.0,3,29.35591858596679,True,0.0,1.0,1.0
promotion,Random Forest,0,4744,-1,-1,leaf,,0.0,3,2.186178699641005,True,1.0,0.0,0.0
promotion,Random Forest,0,4745,-1,-1,leaf,,0.0,11,7.651625448743517,True,1.0,0.0,0.0
promotion,Random Forest,0,4746,4747,5000,num__length_of_service,10.5,0.46557161683041837,1225,2455.6170276653875,False,0.3687971357599213,0.6312028642400573,0.6312028642400708
promotion,Random Forest,0,4747,4748,4977,cat__department_Sales & Marketing,0.5,0.49387600570258106,772,1353.2572028769455,False,0.44466468443464446,0.5553353155653484,0.5553353155653524
promotion,Random Forest,0,4748,4749,4948,num__age,50.5,0.4978690968896432,662,1113.3000859510912,False,0.4673587445832796,0.5326412554167177,0.5326412554167191
promotion,Random Forest,0,4749,4750,4829,cat__recruitment_channel_other,0.5,0.49166572790106344,529,946.3724031469249,False,0.4354466418420609,0.564553358157939,0.5645533581579391
promotion,Random Forest,0,4750,4751,4786,cat__education_Bachelor's,0.5,0.4623325296989558,232,479.1027599155144,False,0.36276394369364146,0.6372360563063587,0.6372360563063586
promotion,Random Forest,0,4751,4752,4777,cat__region_region_13,0.5,0.44144870214890564,134,297.4517431935091,False,0.3288987173468675,0.6711012826531327,0.6711012826531326
promotion,Random Forest,0,4752,4753,4756,cat__gender_m,0.5,0.4676306996873647,123,243.37719268212905,False,0.37278109355792427,0.6272189064420758,0.6272189064420758
promotion,Random Forest,0,4753,4754,4755,cat__region_region_7,0.5,0.37943002177150054,47,118.12771287796421,False,0.2544699832724118,0.7455300167275882,0.7455300167275882
promotion,Random Forest,0,4754,-1,-1,leaf,,0.3614670315331431,43,115.39498950341294,True,0.23681473401151726,0.7631852659884828,0.7631852659884828
promotion,Random Forest,0,4755,-1,-1,leaf,,0.0,4,2.7327233745512562,True,1.0,0.0,0.0
promotion,Random Forest,0,4756,4757,4774,cat__department_Technology,0.5,0.49951109086847634,76,125.24947980416484,False,0.484364957123124,0.5156350428768759,0.515635042876876
promotion,Random Forest,0,4757,4758,4773,cat__region_region_23,0.5,0.49899653078085227,61,98.3446691791105,False,0.5223994332422471,0.4776005667577527,0.4776005667577528
promotion,Random Forest,0,4758,4759,4762,cat__department_Operations,0.5,0.4863224159403402,57,84.41612304508277,False,0.5826969892428372,0.41730301075716275,0.41730301075716275
promotion,Random Forest,0,4759,4760,4761,num__length_of_service,6.5,0.2949587075138095,27,32.65187278779567,False,0.8201884542626346,0.17981154573736544,0.17981154573736544
promotion,Random Forest,0,4760,-1,-1,leaf,,0.0,18,19.675608296769045,True,1.0,0.0,0.0
promotion,Random Forest,0,4761,-1,-1,leaf,,0.4954790627121377,9,12.976264491026624,True,0.547544386040111,0.45245561395988904,0.45245561395988904
promotion,Random Forest,0,4762,4763,4772,cat__region_region_14,0.5,0.4909930422599932,30,51.764250257287095,False,0.4328920357185271,0.5671079642814728,0.5671079642814729
promotion,Random Forest,0,4763,4764,4769,num__previous_year_rating,4.5,0.49935954122161175,28,45.34652186518348,False,0.4821050457057274,0.5178949542942726,0.5178949542942726
promotion,Random Forest,0,4764,4765,4768,num__previous_year_rating,3.5,0.4340169933276202,16,18.441711240129138,False,0.6816356334428623,0.3183643665571376,0.3183643665571377
promotion,Random Forest,0,4765,4766,4767,num__age,44.0,0.4777546257315771,8,9.696996441565117,False,0.3945358490566037,0.6054641509433962,0.6054641509433962
promotion,Random Forest,0,4766,-1,-1,leaf,,1.1102230246251565e-16,6,3.2792680494615074,True,1.0,0.0,0.0
promotion,Random Forest,0,4767,-1,-1,leaf,,0.1558183735588441,2,6.4177283921036095,True,0.08516170232176253,0.9148382976782374,0.9148382976782374
promotion,Random Forest,0,4768,-1,-1,leaf,,0.0,8,8.74471479856402,True,1.0,0.0,0.0
promotion,Random Forest,0,4769,4770,4771,num__avg_training_score,57.5,0.4521594690580427,12,26.904810625054346,False,0.34533822233344574,0.6546617776665543,0.6546617776665543
promotion,Random Forest,0,4770,-1,-1,leaf,,0.11003756798143471,3,18.706640501400578,True,0.058433225877124344,0.9415667741228757,0.9415667741228757
promotion,Random Forest,0,4771,-1,-1,leaf,,-4.440892098500626e-16,9,8.19817012365377,True,1.0,0.0,0.0
promotion,Random Forest,0,4772,-1,-1,leaf,,0.1558183735588451,2,6.4177283921036095,True,0.08516170232176253,0.9148382976782374,0.9148382976782374
promotion,Random Forest,0,4773,-1,-1,leaf,,0.2646425948218277,4,13.928546134027721,True,0.15695670449768812,0.8430432955023119,0.8430432955023119
promotion,Random Forest,0,4774,4775,4776,num__age,41.0,0.45215946905804294,15,26.904810625054346,False,0.34533822233344574,0.6546617776665543,0.6546617776665543
promotion,Random Forest,0,4775,-1,-1,leaf,,0.11003756798143471,3,18.706640501400578,True,0.058433225877124344,0.9415667741228757,0.9415667741228757
promotion,Random Forest,0,4776,-1,-1,leaf,,-4.440892098500626e-16,12,8.19817012365377,True,1.0,0.0,0.0
promotion,Random Forest,0,4777,4778,4781,cat__gender_f,0.5,0.228259486668563,11,54.07455051138013,False,0.1313941716878069,0.8686058283121931,0.8686058283121931
promotion,Random Forest,0,4778,4779,4780,num__avg_training_score,71.0,0.19644638876922693,4,19.79972985122108,False,0.11041457212135548,0.8895854278786446,0.8895854278786446
promotion,Random Forest,0,4779,-1,-1,leaf,,0.05838029916382992,2,18.160095826490327,True,0.03009591359716289,0.9699040864028371,0.9699040864028371
promotion,Random Forest,0,4780,-1,-1,leaf,,-4.440892098500626e-16,2,1.639634024730754,True,1.0,0.0,0.0
promotion,Random Forest,0,4781,4782,4785,num__avg_training_score,69.5,0.24583485877832312,7,34.27482066015905,False,0.14351357583936183,0.8564864241606382,0.8564864241606382
promotion,Random Forest,0,4782,4783,4784,num__previous_year_rating,3.5,0.18077167680352846,5,32.6351866354283,False,0.10048258911752571,0.8995174108824743,0.8995174108824743
promotion,Random Forest,0,4783,-1,-1,leaf,,0.0,2,29.35591858596679,True,0.0,1.0,1.0
promotion,Random Forest,0,4784,-1,-1,leaf,,-4.440892098500626e-16,3,3.279268049461508,True,1.0,0.0,0.0
promotion,Random Forest,0,4785,-1,-1,leaf,,0.0,2,1.639634024730754,True,1.0,0.0,0.0
promotion,Random Forest,0,4786,4787,4828,num__length_of_service,7.5,0.4866233817609512,98,181.65101672200538,False,0.4182179168795254,0.5817820831204746,0.5817820831204746
promotion,Random Forest,0,4787,4788,4827,cat__region_region_16,0.5,0.4707080029933479,84,170.1735785488901,False,0.37897934679020284,0.6210206532097973,0.6210206532097973
promotion,Random Forest,0,4788,4789,4810,num__length_of_service,4.5,0.4666650468851772,82,167.9873998492491,False,0.3708974184711577,0.6291025815288424,0.6291025815288424
promotion,Random Forest,0,4789,4790,4795,num__length_of_service,2.5,0.4998688864221418,38,57.77624168129985,False,0.4919032853002574,0.5080967146997427,0.5080967146997427
promotion,Random Forest,0,4790,4791,4794,cat__department_Operations,0.5,0.3707094622444589,7,15.568180158758475,False,0.24574566104435794,0.7542543389556421,0.7542543389556421
promotion,Random Forest,0,4791,4792,4793,cat__region_region_7,0.5,0.3062941761706056,5,14.475090808937972,False,0.18878799522721296,0.8112120047727871,0.8112120047727871
promotion,Random Forest,0,4792,-1,-1,leaf,,-4.440892098500626e-16,3,2.186178699641005,True,1.0,0.0,0.0
promotion,Random Forest,0,4793,-1,-1,leaf,,0.08499325318400885,2,12.288912109296968,True,0.04447461826151171,0.9555253817384883,0.9555253817384883
promotion,Random Forest,0,4794,-1,-1,leaf,,0.0,2,1.0930893498205025,True,1.0,0.0,0.0
promotion,Random Forest,0,4795,4796,4805,num__age,47.0,0.48632241594034,31,42.20806152254138,False,0.5826969892428372,0.41730301075716286,0.41730301075716286
promotion,Random Forest,0,4796,4797,4804,cat__region_region_7,0.5,0.3648975905424052,22,24.4537026641419,False,0.7599061460004309,0.24009385399956906,0.24009385399956906
promotion,Random Forest,0,4797,4798,4801,cat__gender_f,0.5,0.420439370491299,18,19.53480058994964,False,0.6994500307203548,0.30054996927964517,0.30054996927964517
promotion,Random Forest,0,4798,4799,4800,num__age,40.5,3.3306690738754696e-16,11,9.291259473474272,False,1.0,0.0,0.0
promotion,Random Forest,0,4799,-1,-1,leaf,,0.0,2,1.639634024730754,True,1.0,0.0,0.0
promotion,Random Forest,0,4800,-1,-1,leaf,,0.0,9,7.651625448743518,True,1.0,0.0,0.0
promotion,Random Forest,0,4801,4802,4803,cat__department_Procurement,0.5,0.489295351903807,7,10.243541116475368,False,0.42684042066758116,0.5731595793324189,0.5731595793324189
promotion,Random Forest,0,4802,-1,-1,leaf,,0.3954171736469343,4,8.057362416834364,True,0.2713268420287749,0.7286731579712251,0.7286731579712251
promotion,Random Forest,0,4803,-1,-1,leaf,,0.0,3,2.186178699641005,True,1.0,0.0,0.0
promotion,Random Forest,0,4804,-1,-1,leaf,,0.0,4,4.918902074192261,True,1.0,0.0,0.0
promotion,Random Forest,0,4805,4806,4807,num__age,48.5,0.44791337032217104,9,17.75435885839948,False,0.33862058731388806,0.6613794126861119,0.6613794126861119
promotion,Random Forest,0,4806,-1,-1,leaf,,0.21502573346491882,4,13.38200145911747,True,0.12252532102465383,0.8774746789753463,0.8774746789753463
promotion,Random Forest,0,4807,4808,4809,num__age,49.5,7.771561172376096e-16,5,4.37235739928201,False,1.0,0.0,0.0
promotion,Random Forest,0,4808,-1,-1,leaf,,0.0,2,1.639634024730754,True,1.0,0.0,0.0
promotion,Random Forest,0,4809,-1,-1,leaf,,0.0,3,2.7327233745512562,True,1.0,0.0,0.0
promotion,Random Forest,0,4810,4811,4812,num__previous_year_rating,3.5,0.4258584239128449,44,110.21115816794924,False,0.3074622425507727,0.6925377574492274,0.6925377574492274
promotion,Random Forest,0,4811,-1,-1,leaf,,0.0,12,10.930893498205025,True,1.0,0.0,0.0
promotion,Random Forest,0,4812,4813,4824,cat__department_Technology,0.5,0.35550697284430033,32,99.28026466974423,False,0.23121288427856174,0.7687871157214382,0.7687871157214382
promotion,Random Forest,0,4813,4814,4817,num__previous_year_rating,4.5,0.34655819295394097,28,90.6763575779996,False,0.22301461496492342,0.7769853850350766,0.7769853850350766
promotion,Random Forest,0,4814,4815,4816,num__length_of_service,6.5,0.1558183735588441,5,25.670913568414438,False,0.08516170232176253,0.9148382976782374,0.9148382976782374
promotion,Random Forest,0,4815,-1,-1,leaf,,0.1558183735588441,2,6.4177283921036095,True,0.08516170232176253,0.9148382976782374,0.9148382976782374
promotion,Random Forest,0,4816,-1,-1,leaf,,0.1558183735588441,3,19.25318517631083,True,0.08516170232176254,0.9148382976782375,0.9148382976782375
promotion,Random Forest,0,4817,4818,4823,cat__region_region_2,0.5,0.4009459232388214,23,65.00544400958516,False,0.2774532894410945,0.7225467105589055,0.7225467105589055
promotion,Random Forest,0,4818,4819,4820,num__avg_training_score,60.5,0.3245535568861512,17,58.99345258557239,False,0.20381893788271255,0.7961810621172875,0.7961810621172875
promotion,Random Forest,0,4819,-1,-1,leaf,,0.0,8,7.651625448743518,True,1.0,0.0,0.0
promotion,Random Forest,0,4820,4821,4822,num__avg_training_score,65.5,0.1558183735588441,9,51.341827136828876,False,0.08516170232176253,0.9148382976782374,0.9148382976782374
promotion,Random Forest,0,4821,-1,-1,leaf,,0.06518645254308897,6,48.60910376227762,True,0.0337310071123584,0.9662689928876416,0.9662689928876416
promotion,Random Forest,0,4822,-1,-1,leaf,,-2.220446049250313e-16,3,2.7327233745512567,True,1.0,0.0,0.0
promotion,Random Forest,0,4823,-1,-1,leaf,,0.0,6,6.011991424012764,True,1.0,0.0,0.0
promotion,Random Forest,0,4824,4825,4826,num__avg_training_score,81.5,0.4334708659252017,4,8.603907091744615,False,0.31761423565036917,0.6823857643496308,0.6823857643496308
promotion,Random Forest,0,4825,-1,-1,leaf,,0.0,2,2.186178699641005,True,1.0,0.0,0.0
promotion,Random Forest,0,4826,-1,-1,leaf,,0.15581837355884443,2,6.4177283921036095,True,0.08516170232176253,0.9148382976782374,0.9148382976782374
promotion,Random Forest,0,4827,-1,-1,leaf,,0.0,2,2.186178699641005,True,1.0,0.0,0.0
promotion,Random Forest,0,4828,-1,-1,leaf,,0.0,14,11.477438173115276,True,1.0,0.0,0.0
promotion,Random Forest,0,4829,4830,4947,cat__department_R&D,0.5,0.49980120005184003,297,467.2696432314102,False,0.5099699535646002,0.49003004643540066,0.4900300464354002
promotion,Random Forest,0,4830,4831,4926,cat__region_region_7,0.5,0.4998824492314531,294,465.08346453176927,False,0.5076665105669443,0.4923334894330563,0.492333489433056
promotion,Random Forest,0,4831,4832,4883,cat__education_Bachelor's,0.5,0.49985264017948905,257,406.214133500649,False,0.5085837002659213,0.49141629973407935,0.491416299734079
promotion,Random Forest,0,4832,4833,4882,cat__region_region_26,0.5,0.4907226887116518,135,248.0311654950499,False,0.4318923231627001,0.5681076768372997,0.5681076768372998
promotion,Random Forest,0,4833,4834,4845,num__previous_year_rating,3.5,0.48929535190380713,132,245.8449867954089,False,0.42684042066758104,0.5731595793324188,0.5731595793324189
promotion,Random Forest,0,4834,4835,4838,num__previous_year_rating,1.5,0.3892456138677226,46,119.76734690269495,False,0.26467640775702345,0.7353235922429766,0.7353235922429766
promotion,Random Forest,0,4835,4836,4837,num__length_of_service,5.5,0.34129359726386654,7,22.532453225772336,False,0.218302997232724,0.781697002767276,0.781697002767276
promotion,Random Forest,0,4836,-1,-1,leaf,,-4.440892098500626e-16,5,4.37235739928201,True,1.0,0.0,0.0
promotion,Random Forest,0,4837,-1,-1,leaf,,0.05838029916382992,2,18.160095826490327,True,0.03009591359716289,0.9699040864028371,0.9699040864028371
promotion,Random Forest,0,4838,4839,4842,cat__department_Procurement,0.5,0.3991299998486475,39,97.23489367692261,False,0.27542261895801656,0.7245773810419834,0.7245773810419834
promotion,Random Forest,0,4839,4840,4841,cat__region_region_23,0.5,0.36824179174582405,30,85.35171853571649,False,0.243330749548981,0.7566692504510191,0.7566692504510191
promotion,Random Forest,0,4840,-1,-1,leaf,,0.3229583968756313,26,80.97936113643448,True,0.20247554459812164,0.7975244554018784,0.7975244554018784
promotion,Random Forest,0,4841,-1,-1,leaf,,0.0,4,4.37235739928201,True,1.0,0.0,0.0
promotion,Random Forest,0,4842,4843,4844,cat__gender_m,0.5,0.499929796646275,9,11.883175141206122,False,0.5059246668144753,0.4940753331855246,0.4940753331855246
promotion,Random Forest,0,4843,-1,-1,leaf,,0.26464259482182684,2,6.964273067013861,True,0.15695670449768812,0.8430432955023119,0.8430432955023119
promotion,Random Forest,0,4844,-1,-1,leaf,,0.0,7,4.918902074192261,True,1.0,0.0,0.0
promotion,Random Forest,0,4845,4846,4881,num__avg_training_score,79.5,0.486914267131048,86,126.0776398927139,False,0.5808879869602165,0.4191120130397834,0.41911201303978346
promotion,Random Forest,0,4846,4847,4874,cat__department_Procurement,0.5,0.49662131091399486,75,115.14674639450888,False,0.541101636743597,0.4588983632564028,0.45889836325640293
promotion,Random Forest,0,4847,4848,4867,cat__region_region_2,0.5,0.47581348350490105,53,75.2656712784279,False,0.6099693514009676,0.3900306485990323,0.3900306485990323
promotion,Random Forest,0,4848,4849,4866,cat__region_region_27,0.5,0.4924602311922398,39,53.54469198883726,False,0.5613993843933321,0.43860061560666774,0.4386006156066678
promotion,Random Forest,0,4849,4850,4861,cat__gender_f,0.5,0.49785022186379135,35,50.26542393937575,False,0.5327855008823169,0.467214499117683,0.46721449911768304
promotion,Random Forest,0,4850,4851,4860,cat__region_region_4,0.5,0.477754625731577,17,29.09098932469535,False,0.39453584905660377,0.6054641509433963,0.6054641509433963
promotion,Random Forest,0,4851,4852,4857,cat__region_region_13,0.5,0.4334708659252018,11,25.811721275233843,False,0.31761423565036917,0.6823857643496309,0.6823857643496309
promotion,Random Forest,0,4852,4853,4856,cat__region_region_23,0.5,0.3954171736469341,6,16.114724833668728,False,0.2713268420287749,0.7286731579712251,0.7286731579712251
promotion,Random Forest,0,4853,4854,4855,num__previous_year_rating,4.5,0.4598831646567929,4,9.150451766654866,False,0.35837225670228423,0.6416277432977158,0.6416277432977158
promotion,Random Forest,0,4854,-1,-1,leaf,,0.1558183735588441,2,6.4177283921036095,True,0.08516170232176253,0.9148382976782374,0.9148382976782374
promotion,Random Forest,0,4855,-1,-1,leaf,,0.0,2,2.7327233745512567,True,1.0,0.0,0.0
promotion,Random Forest,0,4856,-1,-1,leaf,,0.2646425948218267,2,6.964273067013861,True,0.15695670449768812,0.8430432955023119,0.8430432955023119
promotion,Random Forest,0,4857,4858,4859,num__length_of_service,7.5,0.477754625731577,5,9.696996441565117,False,0.39453584905660377,0.6054641509433962,0.6054641509433962
promotion,Random Forest,0,4858,-1,-1,leaf,,0.0,3,2.7327233745512562,True,1.0,0.0,0.0
promotion,Random Forest,0,4859,-1,-1,leaf,,0.26464259482182684,2,6.964273067013861,True,0.15695670449768812,0.8430432955023119,0.8430432955023119
promotion,Random Forest,0,4860,-1,-1,leaf,,0.0,6,3.2792680494615074,True,1.0,0.0,0.0
promotion,Random Forest,0,4861,4862,4865,cat__region_region_8,0.5,0.4007889309854019,18,21.174434614680393,False,0.7227229995022949,0.27727700049770504,0.27727700049770504
promotion,Random Forest,0,4862,4863,4864,num__previous_year_rating,4.5,0.43401699332762034,16,18.441711240129138,False,0.6816356334428623,0.3183643665571376,0.3183643665571377
promotion,Random Forest,0,4863,-1,-1,leaf,,0.0,2,2.186178699641005,True,1.0,0.0,0.0
promotion,Random Forest,0,4864,-1,-1,leaf,,0.4614583729927263,14,16.255532540488133,True,0.6388193556520017,0.36118064434799835,0.36118064434799835
promotion,Random Forest,0,4865,-1,-1,leaf,,0.0,2,2.7327233745512567,True,1.0,0.0,0.0
promotion,Random Forest,0,4866,-1,-1,leaf,,0.0,4,3.279268049461508,True,1.0,0.0,0.0
promotion,Random Forest,0,4867,4868,4873,cat__gender_m,0.5,0.39447594754399873,14,21.720979289590645,False,0.7296998611841129,0.27030013881588705,0.27030013881588705
promotion,Random Forest,0,4868,4869,4870,num__previous_year_rating,4.5,0.49133254299669504,6,13.522809165936877,False,0.5658310603108628,0.4341689396891371,0.4341689396891371
promotion,Random Forest,0,4869,-1,-1,leaf,,0.26464259482182684,2,6.964273067013861,True,0.15695670449768812,0.8430432955023119,0.8430432955023119
promotion,Random Forest,0,4870,4871,4872,num__length_of_service,5.5,3.3306690738754696e-16,4,6.558536098923016,False,1.0,0.0,0.0
promotion,Random Forest,0,4871,-1,-1,leaf,,0.0,2,3.825812724371759,True,1.0,0.0,0.0
promotion,Random Forest,0,4872,-1,-1,leaf,,0.0,2,2.7327233745512567,True,1.0,0.0,0.0
promotion,Random Forest,0,4873,-1,-1,leaf,,0.0,8,8.19817012365377,True,1.0,0.0,0.0
promotion,Random Forest,0,4874,4875,4876,num__length_of_service,4.5,0.48420454778537747,22,39.88107511608097,False,0.4111308483932058,0.5888691516067942,0.5888691516067942
promotion,Random Forest,0,4875,-1,-1,leaf,,0.0,7,5.4654467491025125,True,1.0,0.0,0.0
promotion,Random Forest,0,4876,4877,4878,cat__gender_m,0.5,0.4334708659252019,15,34.41562836697846,False,0.3176142356503691,0.6823857643496308,0.6823857643496308
promotion,Random Forest,0,4877,-1,-1,leaf,,0.3062941761706056,6,14.475090808937972,True,0.18878799522721296,0.8112120047727871,0.8112120047727871
promotion,Random Forest,0,4878,4879,4880,num__length_of_service,8.5,0.48420454778537747,9,19.940537558040486,False,0.4111308483932058,0.5888691516067942,0.5888691516067942
promotion,Random Forest,0,4879,-1,-1,leaf,,0.0,7,6.558536098923016,True,1.0,0.0,0.0
promotion,Random Forest,0,4880,-1,-1,leaf,,0.21502573346491882,2,13.38200145911747,True,0.12252532102465383,0.8774746789753463,0.8774746789753463
promotion,Random Forest,0,4881,-1,-1,leaf,,0.0,11,10.930893498205025,True,1.0,0.0,0.0
promotion,Random Forest,0,4882,-1,-1,leaf,,0.0,3,2.186178699641005,True,1.0,0.0,0.0
promotion,Random Forest,0,4883,4884,4925,cat__region_region_27,0.5,0.4668026159329203,122,158.18296800559932,False,0.6288359112729802,0.3711640887270197,0.3711640887270197
promotion,Random Forest,0,4884,4885,4908,num__previous_year_rating,3.5,0.4713742446891208,117,154.35715528122756,False,0.6196364394966668,0.38036356050333314,0.38036356050333314
promotion,Random Forest,0,4885,4886,4907,cat__region_region_17,0.5,0.4988993719291751,41,61.60205440567162,False,0.523458773101177,0.47654122689882283,0.4765412268988229
promotion,Random Forest,0,4886,4887,4900,cat__department_Procurement,0.5,0.4997825112078622,38,59.96242038094087,False,0.5104280581159193,0.48957194188408054,0.48957194188408065
promotion,Random Forest,0,4887,4888,4889,num__previous_year_rating,2.5,0.4826158347830747,29,43.30115087236189,False,0.593231339196982,0.40676866080301793,0.40676866080301793
promotion,Random Forest,0,4888,-1,-1,leaf,,0.0,3,2.186178699641005,True,1.0,0.0,0.0
promotion,Random Forest,0,4889,4890,4893,num__avg_training_score,57.5,0.4897461630137603,26,41.114972172720876,False,0.5716025033998107,0.42839749660018944,0.42839749660018944
promotion,Random Forest,0,4890,4891,4892,num__age,42.0,0.4161382718544955,6,16.66126950857898,False,0.29522972854256346,0.7047702714574365,0.7047702714574365
promotion,Random Forest,0,4891,-1,-1,leaf,,0.26464259482182684,2,6.964273067013861,True,0.15695670449768812,0.8430432955023119,0.8430432955023119
promotion,Random Forest,0,4892,-1,-1,leaf,,0.47775462573157723,4,9.696996441565117,True,0.39453584905660377,0.6054641509433962,0.6054641509433962
promotion,Random Forest,0,4893,4894,4899,cat__region_region_2,0.5,0.364897590542405,20,24.4537026641419,False,0.7599061460004309,0.24009385399956906,0.24009385399956906
promotion,Random Forest,0,4894,4895,4898,cat__gender_f,0.5,0.4614583729927261,12,16.255532540488133,False,0.6388193556520017,0.36118064434799835,0.36118064434799835
promotion,Random Forest,0,4895,4896,4897,num__length_of_service,6.5,0.4863224159403402,9,14.069353840847127,False,0.5826969892428373,0.4173030107571628,0.4173030107571628
promotion,Random Forest,0,4896,-1,-1,leaf,,-6.661338147750939e-16,6,4.918902074192261,True,1.0,0.0,0.0
promotion,Random Forest,0,4897,-1,-1,leaf,,0.4598831646567927,3,9.150451766654866,True,0.3583722567022842,0.6416277432977158,0.6416277432977158
promotion,Random Forest,0,4898,-1,-1,leaf,,0.0,3,2.186178699641005,True,1.0,0.0,0.0
promotion,Random Forest,0,4899,-1,-1,leaf,,0.0,8,8.19817012365377,True,1.0,0.0,0.0
promotion,Random Forest,0,4900,4901,4906,cat__region_region_13,0.5,0.4161382718544959,9,16.66126950857898,False,0.29522972854256346,0.7047702714574365,0.7047702714574365
promotion,Random Forest,0,4901,4902,4905,num__length_of_service,6.5,0.47775462573157723,6,9.696996441565117,False,0.3945358490566037,0.6054641509433962,0.6054641509433962
promotion,Random Forest,0,4902,4903,4904,num__age,45.5,5.551115123125783e-16,4,2.7327233745512562,False,1.0,0.0,0.0
promotion,Random Forest,0,4903,-1,-1,leaf,,0.0,2,1.0930893498205025,True,1.0,0.0,0.0
promotion,Random Forest,0,4904,-1,-1,leaf,,0.0,2,1.639634024730754,True,1.0,0.0,0.0
promotion,Random Forest,0,4905,-1,-1,leaf,,0.26464259482182684,2,6.964273067013861,True,0.15695670449768812,0.8430432955023119,0.8430432955023119
promotion,Random Forest,0,4906,-1,-1,leaf,,0.2646425948218267,3,6.964273067013861,True,0.15695670449768812,0.8430432955023119,0.8430432955023119
promotion,Random Forest,0,4907,-1,-1,leaf,,0.0,3,1.639634024730754,True,1.0,0.0,0.0
promotion,Random Forest,0,4908,4909,4924,cat__region_region_26,0.5,0.4326470258339481,76,92.75510087555594,False,0.6835115448221882,0.3164884551778117,0.3164884551778117
promotion,Random Forest,0,4909,4910,4923,cat__gender_f,0.5,0.4395146536297344,73,90.02237750100468,False,0.6739042069218937,0.32609579307810627,0.32609579307810627
promotion,Random Forest,0,4910,4911,4922,num__age,48.5,0.4931093982497795,45,66.52095647986388,False,0.558696685384358,0.4413033146156419,0.44130331461564193
promotion,Random Forest,0,4911,4912,4921,cat__department_Operations,0.5,0.38525001453108576,40,45.08159260391204,False,0.7395307761738713,0.26046922382612875,0.26046922382612875
promotion,Random Forest,0,4912,4913,4920,cat__department_Analytics,0.5,0.49133254299669515,17,27.04561833187375,False,0.5658310603108628,0.43416893968913717,0.43416893968913717
promotion,Random Forest,0,4913,4914,4919,cat__region_region_17,0.5,0.4999297966462749,14,23.766350282412244,False,0.5059246668144753,0.4940753331855246,0.4940753331855246
promotion,Random Forest,0,4914,4915,4916,cat__region_region_2,0.5,0.4614583729927263,11,16.255532540488133,False,0.6388193556520017,0.36118064434799835,0.36118064434799835
promotion,Random Forest,0,4915,-1,-1,leaf,,0.0,4,4.37235739928201,True,1.0,0.0,0.0
promotion,Random Forest,0,4916,4917,4918,num__avg_training_score,75.0,0.4999297966462751,7,11.883175141206122,False,0.5059246668144753,0.4940753331855246,0.4940753331855246
promotion,Random Forest,0,4917,-1,-1,leaf,,0.0,4,3.825812724371759,True,1.0,0.0,0.0
promotion,Random Forest,0,4918,-1,-1,leaf,,0.3954171736469341,3,8.057362416834364,True,0.2713268420287749,0.7286731579712251,0.7286731579712251
promotion,Random Forest,0,4919,-1,-1,leaf,,0.34129359726386643,3,7.510817741924113,True,0.218302997232724,0.7816970027672759,0.7816970027672759
promotion,Random Forest,0,4920,-1,-1,leaf,,0.0,3,3.279268049461508,True,1.0,0.0,0.0
promotion,Random Forest,0,4921,-1,-1,leaf,,-4.440892098500626e-16,23,18.035974272038292,True,1.0,0.0,0.0
promotion,Random Forest,0,4922,-1,-1,leaf,,0.2932086897501166,5,21.439363875951834,True,0.1784480522140448,0.8215519477859552,0.8215519477859552
promotion,Random Forest,0,4923,-1,-1,leaf,,0.0,28,23.501421021140803,True,1.0,0.0,0.0
promotion,Random Forest,0,4924,-1,-1,leaf,,0.0,3,2.7327233745512567,True,1.0,0.0,0.0
promotion,Random Forest,0,4925,-1,-1,leaf,,0.0,5,3.825812724371759,True,1.0,0.0,0.0
promotion,Random Forest,0,4926,4927,4946,cat__department_Legal,0.5,0.49999642135142075,37,58.86933103112036,False,0.5013376562670936,0.49866234373290635,0.49866234373290635
promotion,Random Forest,0,4927,4928,4939,cat__gender_m,0.5,0.4998688864221419,35,57.77624168129985,False,0.4919032853002574,0.5080967146997427,0.5080967146997427
promotion,Random Forest,0,4928,4929,4930,num__age,40.5,0.4598831646567927,16,36.601807066619465,False,0.3583722567022842,0.6416277432977158,0.6416277432977158
promotion,Random Forest,0,4929,-1,-1,leaf,,0.0,2,2.186178699641005,True,1.0,0.0,0.0
promotion,Random Forest,0,4930,4931,4934,cat__education_Master's & above,0.5,0.4334708659252019,14,34.41562836697846,False,0.3176142356503691,0.6823857643496308,0.6823857643496308
promotion,Random Forest,0,4931,4932,4933,num__length_of_service,6.5,0.2932086897501166,5,21.439363875951834,False,0.1784480522140448,0.8215519477859552,0.8215519477859552
promotion,Random Forest,0,4932,-1,-1,leaf,,0.0,2,2.7327233745512567,True,1.0,0.0,0.0
promotion,Random Forest,0,4933,-1,-1,leaf,,0.11003756798143471,3,18.706640501400578,True,0.058433225877124344,0.9415667741228757,0.9415667741228757
promotion,Random Forest,0,4934,4935,4938,num__previous_year_rating,3.5,0.49547906271213793,9,12.976264491026624,False,0.5475443860401109,0.45245561395988904,0.45245561395988904
promotion,Random Forest,0,4935,4936,4937,cat__department_Procurement,0.5,0.4334708659252019,4,8.603907091744615,False,0.31761423565036917,0.6823857643496308,0.6823857643496308
promotion,Random Forest,0,4936,-1,-1,leaf,,0.26464259482182684,2,6.964273067013861,True,0.15695670449768812,0.8430432955023119,0.8430432955023119
promotion,Random Forest,0,4937,-1,-1,leaf,,3.3306690738754696e-16,2,1.639634024730754,True,1.0,0.0,0.0
promotion,Random Forest,0,4938,-1,-1,leaf,,0.0,5,4.37235739928201,True,1.0,0.0,0.0
promotion,Random Forest,0,4939,4940,4943,cat__education_Bachelor's,0.5,0.40078893098540114,19,21.174434614680393,False,0.7227229995022949,0.27727700049770504,0.27727700049770504
promotion,Random Forest,0,4940,4941,4942,num__age,40.5,3.3306690738754696e-16,11,9.837804148384523,False,1.0,0.0,0.0
promotion,Random Forest,0,4941,-1,-1,leaf,,0.0,2,1.0930893498205025,True,1.0,0.0,0.0
promotion,Random Forest,0,4942,-1,-1,leaf,,0.0,9,8.74471479856402,True,1.0,0.0,0.0
promotion,Random Forest,0,4943,4944,4945,cat__department_Technology,0.5,0.49935954122161164,8,11.33663046629587,False,0.4821050457057274,0.5178949542942726,0.5178949542942726
promotion,Random Forest,0,4944,-1,-1,leaf,,0.0,6,4.918902074192261,True,1.0,0.0,0.0
promotion,Random Forest,0,4945,-1,-1,leaf,,0.1558183735588441,2,6.4177283921036095,True,0.08516170232176253,0.9148382976782374,0.9148382976782374
promotion,Random Forest,0,4946,-1,-1,leaf,,0.0,2,1.0930893498205025,True,1.0,0.0,0.0
promotion,Random Forest,0,4947,-1,-1,leaf,,0.0,3,2.186178699641005,True,1.0,0.0,0.0
promotion,Random Forest,0,4948,4949,4972,cat__gender_f,0.5,0.4560261989477371,133,166.92768280416334,False,0.6482798048493053,0.3517201951506947,0.3517201951506947
promotion,Random Forest,0,4949,4950,4967,num__age,58.5,0.49066380734031956,66,95.20620883646839,False,0.5683234683680528,0.4316765316319471,0.43167653163194714
promotion,Random Forest,0,4950,4951,4962,cat__region_region_22,0.5,0.46547693126905554,59,79.63802867770991,False,0.6313831586066959,0.36861684139330403,0.36861684139330403
promotion,Random Forest,0,4951,4952,4961,cat__department_Procurement,0.5,0.40292114991462147,51,62.97675916913092,False,0.7203166472209698,0.27968335277903034,0.27968335277903034
promotion,Random Forest,0,4952,4953,4954,num__length_of_service,5.5,0.4546585644897584,37,50.406231646195145,False,0.650567983831626,0.34943201616837416,0.34943201616837416
promotion,Random Forest,0,4953,-1,-1,leaf,,0.0,14,13.11707219784603,True,1.0,0.0,0.0
promotion,Random Forest,0,4954,4955,4960,cat__education_Bachelor's,0.5,0.4984710044908853,23,37.28915944834912,False,0.5276495525200189,0.47235044747998123,0.47235044747998123
promotion,Random Forest,0,4955,4956,4959,cat__department_Operations,0.5,0.26464259482182695,7,20.892819201041583,False,0.1569567044976881,0.8430432955023119,0.8430432955023119
promotion,Random Forest,0,4956,4957,4958,num__previous_year_rating,4.0,0.3062941761706054,5,14.475090808937972,False,0.18878799522721296,0.8112120047727871,0.8112120047727871
promotion,Random Forest,0,4957,-1,-1,leaf,,0.0,2,1.0930893498205025,True,1.0,0.0,0.0
promotion,Random Forest,0,4958,-1,-1,leaf,,0.21502573346491882,3,13.38200145911747,True,0.12252532102465383,0.8774746789753463,0.8774746789753463
promotion,Random Forest,0,4959,-1,-1,leaf,,0.15581837355884398,2,6.4177283921036095,True,0.08516170232176253,0.9148382976782374,0.9148382976782374
promotion,Random Forest,0,4960,-1,-1,leaf,,-4.440892098500626e-16,16,16.39634024730754,True,1.0,0.0,0.0
promotion,Random Forest,0,4961,-1,-1,leaf,,0.0,14,12.570527522935778,True,1.0,0.0,0.0
promotion,Random Forest,0,4962,4963,4966,num__length_of_service,7.5,0.4161382718544959,8,16.66126950857898,False,0.29522972854256346,0.7047702714574365,0.7047702714574365
promotion,Random Forest,0,4963,4964,4965,cat__recruitment_channel_other,0.5,0.48929535190380724,6,10.243541116475368,False,0.42684042066758116,0.5731595793324189,0.5731595793324189
promotion,Random Forest,0,4964,-1,-1,leaf,,0.4334708659252019,4,8.603907091744615,True,0.31761423565036917,0.6823857643496308,0.6823857643496308
promotion,Random Forest,0,4965,-1,-1,leaf,,0.0,2,1.639634024730754,True,1.0,0.0,0.0
promotion,Random Forest,0,4966,-1,-1,leaf,,0.15581837355884387,2,6.4177283921036095,True,0.08516170232176253,0.9148382976782374,0.9148382976782374
promotion,Random Forest,0,4967,4968,4971,num__avg_training_score,77.0,0.37070946224445944,7,15.568180158758475,False,0.24574566104435794,0.7542543389556421,0.7542543389556421
promotion,Random Forest,0,4968,4969,4970,num__age,59.5,0.21502573346491882,4,13.38200145911747,False,0.12252532102465383,0.8774746789753463,0.8774746789753463
promotion,Random Forest,0,4969,-1,-1,leaf,,0.08499325318400885,2,12.288912109296968,True,0.04447461826151171,0.9555253817384883,0.9555253817384883
promotion,Random Forest,0,4970,-1,-1,leaf,,-6.661338147750939e-16,2,1.0930893498205025,True,1.0,0.0,0.0
promotion,Random Forest,0,4971,-1,-1,leaf,,0.0,3,2.186178699641005,True,1.0,0.0,0.0
promotion,Random Forest,0,4972,4973,4976,num__avg_training_score,81.5,0.3705436455017602,67,71.72147396769495,False,0.7544173289088616,0.24558267109113843,0.24558267109113843
promotion,Random Forest,0,4973,4974,4975,num__previous_year_rating,4.5,0.1856524300545389,62,56.69983848384672,False,0.8964514913236304,0.10354850867636962,0.10354850867636962
promotion,Random Forest,0,4974,-1,-1,leaf,,-4.440892098500626e-16,40,35.52540386916633,True,1.0,0.0,0.0
promotion,Random Forest,0,4975,-1,-1,leaf,,0.4007889309854016,22,21.174434614680393,True,0.7227229995022949,0.27727700049770504,0.27727700049770504
promotion,Random Forest,0,4976,-1,-1,leaf,,0.34129359726386643,5,15.021635483848224,True,0.218302997232724,0.781697002767276,0.781697002767276
promotion,Random Forest,0,4977,4978,4999,cat__region_region_26,0.5,0.44839844226736947,110,239.95711692584814,False,0.3393737914712179,0.6606262085287822,0.6606262085287822
promotion,Random Forest,0,4978,4979,4990,num__length_of_service,3.5,0.44022005809084297,106,235.58475952656613,False,0.32711283750787495,0.6728871624921251,0.6728871624921251
promotion,Random Forest,0,4979,4980,4987,num__avg_training_score,53.5,0.3062941761706055,15,43.42527242681392,False,0.18878799522721298,0.8112120047727871,0.8112120047727871
promotion,Random Forest,0,4980,4981,4984,num__previous_year_rating,4.0,0.45988316465679246,9,18.300903533309732,False,0.3583722567022842,0.6416277432977158,0.6416277432977158
promotion,Random Forest,0,4981,4982,4983,cat__recruitment_channel_other,0.5,3.3306690738754696e-16,5,4.918902074192261,False,1.0,0.0,0.0
promotion,Random Forest,0,4982,-1,-1,leaf,,0.0,2,1.639634024730754,True,1.0,0.0,0.0
promotion,Random Forest,0,4983,-1,-1,leaf,,0.0,3,3.279268049461508,True,1.0,0.0,0.0
promotion,Random Forest,0,4984,4985,4986,num__age,41.5,0.21502573346491882,4,13.38200145911747,False,0.12252532102465383,0.8774746789753463,0.8774746789753463
promotion,Random Forest,0,4985,-1,-1,leaf,,0.0,2,1.0930893498205025,True,1.0,0.0,0.0
promotion,Random Forest,0,4986,-1,-1,leaf,,0.08499325318400885,2,12.288912109296968,True,0.04447461826151171,0.9555253817384883,0.9555253817384883
promotion,Random Forest,0,4987,4988,4989,num__age,44.0,0.12200349063157234,6,25.124368893504187,False,0.06526070492280804,0.934739295077192,0.934739295077192
promotion,Random Forest,0,4988,-1,-1,leaf,,0.26464259482182684,3,6.964273067013861,True,0.15695670449768812,0.8430432955023119,0.8430432955023119
promotion,Random Forest,0,4989,-1,-1,leaf,,0.05838029916382992,3,18.160095826490327,True,0.03009591359716289,0.9699040864028371,0.9699040864028371
promotion,Random Forest,0,4990,4991,4998,cat__education_Bachelor's,0.5,0.45988316465679235,91,192.1594870997522,False,0.3583722567022842,0.6416277432977159,0.6416277432977159
promotion,Random Forest,0,4991,4992,4995,cat__region_region_7,0.5,0.49610550604566417,49,86.32068633108496,False,0.45587237852356277,0.5441276214764372,0.5441276214764372
promotion,Random Forest,0,4992,4993,4994,num__age,44.5,0.4776659129740968,43,59.55668341285001,False,0.6056742329659959,0.3943257670340041,0.3943257670340041
promotion,Random Forest,0,4993,-1,-1,leaf,,-2.220446049250313e-16,24,19.675608296769045,True,1.0,0.0,0.0
promotion,Random Forest,0,4994,-1,-1,leaf,,0.48420454778537714,19,39.88107511608097,True,0.4111308483932058,0.5888691516067942,0.5888691516067942
promotion,Random Forest,0,4995,4996,4997,num__previous_year_rating,3.5,0.2150257334649186,6,26.76400291823494,False,0.12252532102465383,0.8774746789753463,0.8774746789753463
promotion,Random Forest,0,4996,-1,-1,leaf,,-8.881784197001252e-16,4,3.2792680494615074,True,1.0,0.0,0.0
promotion,Random Forest,0,4997,-1,-1,leaf,,0.0,2,23.484734868773433,True,0.0,1.0,1.0
promotion,Random Forest,0,4998,-1,-1,leaf,,0.4021875518930099,42,105.83880076866723,True,0.2788524835014078,0.7211475164985922,0.7211475164985922
promotion,Random Forest,0,4999,-1,-1,leaf,,0.0,4,4.37235739928201,True,1.0,0.0,0.0
promotion,Random Forest,0,5000,5001,5130,cat__department_Analytics,0.5,0.3993450254521764,453,1102.3598247883986,False,0.2756621136010923,0.7243378863989054,0.7243378863989071
promotion,Random Forest,0,5001,5002,5005,num__previous_year_rating,3.5,0.39474061335279576,438,1078.5934745059858,False,0.2705883757879665,0.729411624212032,0.7294116242120331
promotion,Random Forest,0,5002,5003,5004,cat__recruitment_channel_referred,0.5,0.27435979690458123,117,386.3142867352238,False,0.1641129631145181,0.8358870368854823,0.8358870368854819
promotion,Random Forest,0,5003,-1,-1,leaf,,0.2695475106771619,115,384.674652710493,True,0.1605500851945625,0.8394499148054376,0.8394499148054376
promotion,Random Forest,0,5004,-1,-1,leaf,,0.0,2,1.639634024730754,True,1.0,0.0,0.0
promotion,Random Forest,0,5005,5006,5071,cat__gender_f,0.5,0.44220347926750936,321,692.2791877707599,False,0.3300051166468627,0.6699948833531374,0.6699948833531374
promotion,Random Forest,0,5006,5007,5068,cat__department_Sales & Marketing,0.5,0.4121190548996363,169,397.13774483134404,False,0.29038017138118505,0.7096198286188153,0.709619828618815
promotion,Random Forest,0,5007,5008,5065,cat__region_region_7,0.5,0.455793171220349,149,298.685640250149,False,0.3513278291346177,0.6486721708653828,0.6486721708653824
promotion,Random Forest,0,5008,5009,5064,num__length_of_service,22.5,0.4650527695298041,135,260.038462190708,False,0.367812197101632,0.6321878028983682,0.6321878028983681
promotion,Random Forest,0,5009,5010,5061,cat__region_region_16,0.5,0.45831063778179393,128,255.11956011651577,False,0.35562312820571657,0.6443768717942835,0.6443768717942835
promotion,Random Forest,0,5010,5011,5028,num__previous_year_rating,4.5,0.45988316465679246,123,247.0621976996814,False,0.3583722567022842,0.6416277432977159,0.6416277432977159
promotion,Random Forest,0,5011,5012,5027,cat__region_region_26,0.5,0.49935954122161175,44,68.01978279777522,False,0.48210504570572743,0.5178949542942727,0.5178949542942727
promotion,Random Forest,0,5012,5013,5026,cat__region_region_4,0.5,0.49811657853991664,42,66.38014877304447,False,0.4693126943176556,0.5306873056823445,0.5306873056823445
promotion,Random Forest,0,5013,5014,5015,cat__recruitment_channel_other,0.5,0.49133254299669504,40,54.09123666374751,False,0.5658310603108628,0.4341689396891371,0.4341689396891371
promotion,Random Forest,0,5014,-1,-1,leaf,,0.0,19,16.39634024730754,True,1.0,0.0,0.0
promotion,Random Forest,0,5015,5016,5025,num__avg_training_score,63.0,0.4697313693660544,21,37.69489641643997,False,0.3769783949179131,0.6230216050820869,0.6230216050820869
promotion,Random Forest,0,5016,5017,5024,cat__region_region_13,0.5,0.35664074436591153,12,30.5898156426067,False,0.23226948657830518,0.7677305134216948,0.7677305134216948
promotion,Random Forest,0,5017,5018,5023,num__length_of_service,18.5,0.28637554470497006,10,28.403636942965694,False,0.1731785997711977,0.8268214002288024,0.8268214002288024
promotion,Random Forest,0,5018,5019,5020,num__age,44.5,0.45988316465679246,7,9.150451766654866,False,0.3583722567022842,0.6416277432977158,0.6416277432977158
promotion,Random Forest,0,5019,-1,-1,leaf,,0.1558183735588441,2,6.4177283921036095,True,0.08516170232176253,0.9148382976782374,0.9148382976782374
promotion,Random Forest,0,5020,5021,5022,num__avg_training_score,60.5,3.3306690738754696e-16,5,2.7327233745512562,False,1.0,0.0,0.0
promotion,Random Forest,0,5021,-1,-1,leaf,,0.0,3,1.639634024730754,True,1.0,0.0,0.0
promotion,Random Forest,0,5022,-1,-1,leaf,,0.0,2,1.0930893498205025,True,1.0,0.0,0.0
promotion,Random Forest,0,5023,-1,-1,leaf,,0.1558183735588441,3,19.25318517631083,True,0.08516170232176254,0.9148382976782375,0.9148382976782375
promotion,Random Forest,0,5024,-1,-1,leaf,,-6.661338147750939e-16,2,2.186178699641005,True,1.0,0.0,0.0
promotion,Random Forest,0,5025,-1,-1,leaf,,0.0,9,7.105080773833266,True,1.0,0.0,0.0
promotion,Random Forest,0,5026,-1,-1,leaf,,0.08499325318400885,2,12.288912109296968,True,0.04447461826151171,0.9555253817384883,0.9555253817384883
promotion,Random Forest,0,5027,-1,-1,leaf,,0.0,2,1.639634024730754,True,1.0,0.0,0.0
promotion,Random Forest,0,5028,5029,5034,num__avg_training_score,61.5,0.42883373813390135,79,179.04241490190617,False,0.3113650855937607,0.6886349144062394,0.6886349144062394
promotion,Random Forest,0,5029,5030,5031,cat__recruitment_channel_sourcing,0.5,0.3111513524697447,31,30.465694088154663,False,0.8072854109213902,0.1927145890786098,0.1927145890786098
promotion,Random Forest,0,5030,-1,-1,leaf,,0.0,18,15.849795572397285,True,1.0,0.0,0.0
promotion,Random Forest,0,5031,5032,5033,num__age,55.0,0.48067360886874655,13,14.615898515757378,False,0.5983015542381029,0.40169844576189717,0.40169844576189717
promotion,Random Forest,0,5032,-1,-1,leaf,,-2.220446049250313e-16,11,7.651625448743517,True,1.0,0.0,0.0
promotion,Random Forest,0,5033,-1,-1,leaf,,0.26464259482182684,2,6.964273067013861,True,0.15695670449768812,0.8430432955023119,0.8430432955023119
promotion,Random Forest,0,5034,5035,5056,cat__department_Procurement,0.5,0.3314245281019519,48,148.5767208137515,False,0.20967649776667405,0.790323502233326,0.790323502233326
promotion,Random Forest,0,5035,5036,5043,cat__department_Technology,0.5,0.26937698717242187,34,132.86773294817363,False,0.16042452029955248,0.8395754797004475,0.8395754797004475
promotion,Random Forest,0,5036,5037,5040,cat__region_region_2,0.5,0.34129359726386677,14,52.57572419346879,False,0.21830299723272398,0.7816970027672759,0.781697002767276
promotion,Random Forest,0,5037,5038,5039,cat__region_region_22,0.5,0.2793409491579204,9,42.33218307699342,False,0.16784111419225903,0.832158885807741,0.832158885807741
promotion,Random Forest,0,5038,-1,-1,leaf,,0.34129359726386654,6,22.532453225772336,True,0.218302997232724,0.781697002767276,0.781697002767276
promotion,Random Forest,0,5039,-1,-1,leaf,,0.19644638876922693,3,19.79972985122108,True,0.11041457212135548,0.8895854278786446,0.8895854278786446
promotion,Random Forest,0,5040,5041,5042,cat__department_Operations,0.5,0.4892953519038069,5,10.243541116475368,False,0.42684042066758116,0.5731595793324189,0.5731595793324189
promotion,Random Forest,0,5041,-1,-1,leaf,,0.4598831646567927,3,9.150451766654866,True,0.3583722567022842,0.6416277432977158,0.6416277432977158
promotion,Random Forest,0,5042,-1,-1,leaf,,0.0,2,1.0930893498205025,True,1.0,0.0,0.0
promotion,Random Forest,0,5043,5044,5055,num__avg_training_score,80.5,0.21502573346491827,20,80.29200875470482,False,0.12252532102465381,0.8774746789753463,0.8774746789753463
promotion,Random Forest,0,5044,5045,5048,cat__region_region_2,0.5,0.16738191516929646,16,71.14155698804996,False,0.09218994321455024,0.9078100567854498,0.9078100567854498
promotion,Random Forest,0,5045,5046,5047,cat__education_Bachelor's,0.5,0.2932086897501166,7,21.439363875951834,False,0.1784480522140448,0.8215519477859552,0.8215519477859552
promotion,Random Forest,0,5046,-1,-1,leaf,,0.4334708659252019,4,8.603907091744615,True,0.31761423565036917,0.6823857643496308,0.6823857643496308
promotion,Random Forest,0,5047,-1,-1,leaf,,0.15581837355884398,3,12.835456784207219,True,0.08516170232176253,0.9148382976782374,0.9148382976782374
promotion,Random Forest,0,5048,5049,5052,cat__education_Master's & above,0.5,0.10391786597797448,9,49.70219311209812,False,0.05498194754480719,0.9450180524551928,0.9450180524551928
promotion,Random Forest,0,5049,5050,5051,cat__recruitment_channel_sourcing,0.5,0.03588702081288253,4,29.90246326087704,False,0.018277580349887905,0.9817224196501121,0.9817224196501121
promotion,Random Forest,0,5050,-1,-1,leaf,,0.0,2,23.484734868773433,True,0.0,1.0,1.0
promotion,Random Forest,0,5051,-1,-1,leaf,,0.15581837355884398,2,6.4177283921036095,True,0.08516170232176253,0.9148382976782374,0.9148382976782374
promotion,Random Forest,0,5052,5053,5054,cat__recruitment_channel_other,0.5,0.19644638876922693,5,19.79972985122108,False,0.11041457212135548,0.8895854278786446,0.8895854278786446
promotion,Random Forest,0,5053,-1,-1,leaf,,0.0,2,1.639634024730754,True,1.0,0.0,0.0
promotion,Random Forest,0,5054,-1,-1,leaf,,0.05838029916382992,3,18.160095826490327,True,0.03009591359716289,0.9699040864028371,0.9699040864028371
promotion,Random Forest,0,5055,-1,-1,leaf,,0.4598831646567926,4,9.150451766654866,True,0.35837225670228423,0.6416277432977158,0.6416277432977158
promotion,Random Forest,0,5056,5057,5060,cat__recruitment_channel_other,0.5,0.46812025162388615,14,15.70898786557788,False,0.6262532145652417,0.3737467854347583,0.3737467854347583
promotion,Random Forest,0,5057,5058,5059,num__length_of_service,16.0,0.4999297966462748,9,11.883175141206122,False,0.5059246668144753,0.4940753331855246,0.4940753331855246
promotion,Random Forest,0,5058,-1,-1,leaf,,0.26464259482182684,3,6.964273067013861,True,0.15695670449768812,0.8430432955023119,0.8430432955023119
promotion,Random Forest,0,5059,-1,-1,leaf,,0.0,6,4.918902074192261,True,1.0,0.0,0.0
promotion,Random Forest,0,5060,-1,-1,leaf,,0.0,5,3.825812724371759,True,1.0,0.0,0.0
promotion,Random Forest,0,5061,5062,5063,num__length_of_service,15.5,0.3954171736469341,5,8.057362416834364,False,0.2713268420287749,0.7286731579712251,0.7286731579712251
promotion,Random Forest,0,5062,-1,-1,leaf,,6.661338147750939e-16,3,1.639634024730754,True,1.0,0.0,0.0
promotion,Random Forest,0,5063,-1,-1,leaf,,0.1558183735588441,2,6.4177283921036095,True,0.08516170232176253,0.9148382976782374,0.9148382976782374
promotion,Random Forest,0,5064,-1,-1,leaf,,0.0,7,4.918902074192261,True,1.0,0.0,0.0
promotion,Random Forest,0,5065,5066,5067,cat__department_Operations,0.5,0.36522851939274437,14,38.64717805944106,False,0.24041236488687234,0.7595876351131277,0.7595876351131277
promotion,Random Forest,0,5066,-1,-1,leaf,,0.1558183735588441,8,32.088641960518046,True,0.08516170232176253,0.9148382976782374,0.9148382976782374
promotion,Random Forest,0,5067,-1,-1,leaf,,0.0,6,6.558536098923016,True,1.0,0.0,0.0
promotion,Random Forest,0,5068,5069,5070,cat__education_Bachelor's,0.5,0.18870186152141966,20,98.45210458119516,False,0.1054761487067107,0.8945238512932894,0.8945238512932894
promotion,Random Forest,0,5069,-1,-1,leaf,,0.3954171736469344,6,16.114724833668728,True,0.2713268420287749,0.7286731579712251,0.7286731579712251
promotion,Random Forest,0,5070,-1,-1,leaf,,0.13537026724234225,14,82.33737974752643,True,0.07301655022843224,0.9269834497715678,0.9269834497715678
promotion,Random Forest,0,5071,5072,5123,cat__region_region_22,0.5,0.4727733417708081,152,295.14144293941615,False,0.383323827991331,0.616676172008669,0.616676172008669
promotion,Random Forest,0,5072,5073,5098,cat__education_Bachelor's,0.5,0.4857585704825951,137,251.16962583769197,False,0.4156156723158705,0.5843843276841295,0.5843843276841295
promotion,Random Forest,0,5073,5074,5097,cat__department_Sales & Marketing,0.5,0.48559702639682156,83,160.61738981414442,False,0.4151384256474747,0.5848615743525252,0.5848615743525253
promotion,Random Forest,0,5074,5075,5096,cat__recruitment_channel_referred,0.5,0.4936827231391009,80,147.78193302993716,False,0.44379823463226786,0.5562017653677322,0.5562017653677322
promotion,Random Forest,0,5075,5076,5095,num__length_of_service,26.0,0.49110739722003816,77,145.0492096553859,False,0.4333194076962354,0.5666805923037647,0.5666805923037647
promotion,Random Forest,0,5076,5077,5088,cat__department_Procurement,0.5,0.49975028895104556,73,126.34256915398534,False,0.4888261231223368,0.5111738768776631,0.5111738768776631
promotion,Random Forest,0,5077,5078,5087,num__avg_training_score,82.5,0.4853251673573533,50,100.24923246511268,False,0.4143412799458026,0.5856587200541974,0.5856587200541974
promotion,Random Forest,0,5078,5079,5080,cat__recruitment_channel_other,0.5,0.49714066223398234,47,76.21795292142899,False,0.5378109624713379,0.4621890375286622,0.4621890375286622
promotion,Random Forest,0,5079,-1,-1,leaf,,0.49721392321535585,22,43.70688784045273,True,0.4626765704640898,0.5373234295359102,0.5373234295359102
promotion,Random Forest,0,5080,5081,5086,cat__region_region_7,0.5,0.46145837299272585,25,32.511065080976266,False,0.6388193556520017,0.36118064434799835,0.36118064434799835
promotion,Random Forest,0,5081,5082,5083,num__length_of_service,11.5,0.4745608214850363,22,30.324886381335258,False,0.6127811564822859,0.3872188435177141,0.3872188435177141
promotion,Random Forest,0,5082,-1,-1,leaf,,0.34129359726386665,2,7.510817741924113,True,0.218302997232724,0.7816970027672759,0.7816970027672759
promotion,Random Forest,0,5083,5084,5085,cat__department_Technology,0.5,0.3822412382546546,20,22.814068639411147,False,0.7426507384548267,0.25734926154517346,0.25734926154517346
promotion,Random Forest,0,5084,-1,-1,leaf,,0.4614583729927261,13,16.255532540488133,True,0.6388193556520017,0.36118064434799835,0.36118064434799835
promotion,Random Forest,0,5085,-1,-1,leaf,,0.0,7,6.558536098923015,True,1.0,0.0,0.0
promotion,Random Forest,0,5086,-1,-1,leaf,,0.0,3,2.186178699641005,True,1.0,0.0,0.0
promotion,Random Forest,0,5087,-1,-1,leaf,,0.044451613921774435,3,24.031279543683684,True,0.022743053440693863,0.9772569465593062,0.9772569465593062
promotion,Random Forest,0,5088,5089,5090,num__length_of_service,15.5,0.3487577129212456,23,26.093336688872654,False,0.7749929881640208,0.22500701183597915,0.22500701183597915
promotion,Random Forest,0,5089,-1,-1,leaf,,0.0,10,9.837804148384523,True,1.0,0.0,0.0
promotion,Random Forest,0,5090,5091,5094,num__age,48.0,0.4614583729927263,13,16.255532540488133,False,0.6388193556520017,0.36118064434799835,0.36118064434799835
promotion,Random Forest,0,5091,5092,5093,num__length_of_service,16.5,0.3954171736469344,5,8.057362416834364,False,0.2713268420287749,0.7286731579712251,0.7286731579712251
promotion,Random Forest,0,5092,-1,-1,leaf,,0.1558183735588441,2,6.4177283921036095,True,0.08516170232176253,0.9148382976782374,0.9148382976782374
promotion,Random Forest,0,5093,-1,-1,leaf,,6.661338147750939e-16,3,1.639634024730754,True,1.0,0.0,0.0
promotion,Random Forest,0,5094,-1,-1,leaf,,0.0,8,8.19817012365377,True,1.0,0.0,0.0
promotion,Random Forest,0,5095,-1,-1,leaf,,0.1100375679814346,4,18.706640501400578,True,0.058433225877124344,0.9415667741228757,0.9415667741228757
promotion,Random Forest,0,5096,-1,-1,leaf,,0.0,3,2.7327233745512562,True,1.0,0.0,0.0
promotion,Random Forest,0,5097,-1,-1,leaf,,0.15581837355884398,3,12.835456784207219,True,0.08516170232176253,0.9148382976782374,0.9148382976782374
promotion,Random Forest,0,5098,5099,5116,cat__department_Operations,0.5,0.4860428687670262,54,90.55223602354756,False,0.4164621904974347,0.5835378095025653,0.5835378095025653
promotion,Random Forest,0,5099,5100,5109,cat__recruitment_channel_sourcing,0.5,0.43787257115515654,27,60.773894317122554,False,0.32375098745688907,0.676249012543111,0.676249012543111
promotion,Random Forest,0,5100,5101,5104,cat__region_region_2,0.5,0.32801888197763096,13,37.00754403471031,False,0.2067585312218197,0.7932414687781804,0.7932414687781804
promotion,Random Forest,0,5101,5102,5103,num__avg_training_score,80.0,0.11003756798143471,4,18.706640501400578,False,0.058433225877124344,0.9415667741228757,0.9415667741228757
promotion,Random Forest,0,5102,-1,-1,leaf,,0.0,2,1.0930893498205025,True,1.0,0.0,0.0
promotion,Random Forest,0,5103,-1,-1,leaf,,0.0,2,17.613551151580076,True,0.0,1.0,1.0
promotion,Random Forest,0,5104,5105,5108,num__length_of_service,16.0,0.45988316465679246,9,18.300903533309732,False,0.35837225670228423,0.6416277432977158,0.6416277432977158
promotion,Random Forest,0,5105,5106,5107,cat__department_Sales & Marketing,0.5,0.34129359726386665,5,15.021635483848225,False,0.218302997232724,0.7816970027672759,0.7816970027672759
promotion,Random Forest,0,5106,-1,-1,leaf,,0.43347086592520223,3,8.603907091744615,True,0.31761423565036917,0.6823857643496308,0.6823857643496308
promotion,Random Forest,0,5107,-1,-1,leaf,,0.15581837355884387,2,6.4177283921036095,True,0.08516170232176253,0.9148382976782374,0.9148382976782374
promotion,Random Forest,0,5108,-1,-1,leaf,,-2.220446049250313e-16,4,3.2792680494615074,True,1.0,0.0,0.0
promotion,Random Forest,0,5109,5110,5111,cat__department_Procurement,0.5,0.4999297966462748,14,23.766350282412244,False,0.5059246668144753,0.4940753331855246,0.4940753331855246
promotion,Random Forest,0,5110,-1,-1,leaf,,0.0,3,2.186178699641005,True,1.0,0.0,0.0
promotion,Random Forest,0,5111,5112,5115,num__previous_year_rating,4.5,0.4961055060456645,11,21.58017158277124,False,0.45587237852356277,0.5441276214764372,0.5441276214764372
promotion,Random Forest,0,5112,5113,5114,num__length_of_service,15.5,0.3954171736469344,5,16.114724833668728,False,0.2713268420287749,0.7286731579712251,0.7286731579712251
promotion,Random Forest,0,5113,-1,-1,leaf,,1.1102230246251565e-15,3,2.7327233745512562,True,1.0,0.0,0.0
promotion,Random Forest,0,5114,-1,-1,leaf,,0.21502573346491882,2,13.38200145911747,True,0.12252532102465383,0.8774746789753463,0.8774746789753463
promotion,Random Forest,0,5115,-1,-1,leaf,,-2.220446049250313e-16,6,5.4654467491025125,True,1.0,0.0,0.0
promotion,Random Forest,0,5116,5117,5122,cat__region_region_16,0.5,0.477665912974097,27,29.778341706425007,False,0.6056742329659959,0.3943257670340041,0.3943257670340041
promotion,Random Forest,0,5117,5118,5121,cat__recruitment_channel_sourcing,0.5,0.4889200332256678,24,27.592163006784002,False,0.5744310646650045,0.4255689353349955,0.4255689353349955
promotion,Random Forest,0,5118,5119,5120,num__length_of_service,14.5,0.49847100449088555,10,12.429719816116373,False,0.5276495525200188,0.4723504474799812,0.4723504474799812
promotion,Random Forest,0,5119,-1,-1,leaf,,0.26464259482182684,3,6.964273067013861,True,0.15695670449768812,0.8430432955023119,0.8430432955023119
promotion,Random Forest,0,5120,-1,-1,leaf,,0.0,7,5.4654467491025125,True,1.0,0.0,0.0
promotion,Random Forest,0,5121,-1,-1,leaf,,0.4745608214850364,14,15.162443190667629,True,0.6127811564822859,0.3872188435177141,0.3872188435177141
promotion,Random Forest,0,5122,-1,-1,leaf,,0.0,3,2.186178699641005,True,1.0,0.0,0.0
promotion,Random Forest,0,5123,5124,5125,num__age,44.5,0.3186425290859828,15,43.97181710172417,False,0.19887089902002555,0.8011291009799745,0.8011291009799745
promotion,Random Forest,0,5124,-1,-1,leaf,,0.0,6,4.37235739928201,True,1.0,0.0,0.0
promotion,Random Forest,0,5125,5126,5127,cat__education_Master's & above,0.5,0.19644638876922693,9,39.59945970244216,False,0.11041457212135548,0.8895854278786446,0.8895854278786446
promotion,Random Forest,0,5126,-1,-1,leaf,,0.1558183735588441,2,6.4177283921036095,True,0.08516170232176253,0.9148382976782374,0.9148382976782374
promotion,Random Forest,0,5127,5128,5129,num__length_of_service,19.0,0.20400992346183577,7,33.18173131033855,False,0.11529876752331296,0.8847012324766871,0.8847012324766871
promotion,Random Forest,0,5128,-1,-1,leaf,,0.12901202587558036,5,31.542097285607795,True,0.06930987118090359,0.9306901288190964,0.9306901288190964
promotion,Random Forest,0,5129,-1,-1,leaf,,0.0,2,1.639634024730754,True,1.0,0.0,0.0
promotion,Random Forest,0,5130,5131,5132,num__avg_training_score,85.0,0.499929796646318,15,23.766350282412244,False,0.5059246668144753,0.4940753331855246,0.4940753331855246
promotion,Random Forest,0,5131,-1,-1,leaf,,0.0,11,7.651625448743517,True,1.0,0.0,0.0
promotion,Random Forest,0,5132,5133,5134,cat__education_Bachelor's,0.5,0.3954171736469341,4,16.114724833668728,False,0.2713268420287749,0.7286731579712251,0.7286731579712251
promotion,Random Forest,0,5133,-1,-1,leaf,,0.1558183735588441,2,12.835456784207219,True,0.08516170232176253,0.9148382976782374,0.9148382976782374
promotion,Random Forest,0,5134,-1,-1,leaf,,6.661338147750939e-16,2,3.279268049461508,True,1.0,0.0,0.0
promotion,Random Forest,0,5135,5136,5137,cat__recruitment_channel_sourcing,0.5,1.34781075189494e-13,25,20.222152971679296,False,1.0,0.0,0.0
promotion,Random Forest,0,5136,-1,-1,leaf,,0.0,12,8.74471479856402,True,1.0,0.0,0.0
promotion,Random Forest,0,5137,-1,-1,leaf,,0.0,13,11.477438173115276,True,1.0,0.0,0.0
promotion,Random Forest,0,5138,5139,5154,cat__education_Master's & above,0.5,0.3580284921810539,94,100.54753403111886,False,0.7664315182358918,0.2335684817641082,0.2335684817641082
promotion,Random Forest,0,5139,5140,5149,cat__gender_f,0.5,0.40078893098540125,55,63.52330384404118,False,0.7227229995022949,0.27727700049770504,0.27727700049770504
promotion,Random Forest,0,5140,5141,5142,num__avg_training_score,59.5,0.2911498521566669,32,33.19841746270592,False,0.8231486870183236,0.17685131298167647,0.17685131298167647
promotion,Random Forest,0,5141,-1,-1,leaf,,0.0,19,16.39634024730754,True,1.0,0.0,0.0
promotion,Random Forest,0,5142,5143,5144,cat__recruitment_channel_other,0.5,0.4546585644897584,13,16.802077215398384,False,0.6505679838316258,0.3494320161683741,0.3494320161683741
promotion,Random Forest,0,5143,-1,-1,leaf,,0.0,2,2.186178699641005,True,1.0,0.0,0.0
promotion,Random Forest,0,5144,5145,5146,num__length_of_service,9.5,0.48067360886874677,11,14.615898515757378,False,0.5983015542381029,0.40169844576189717,0.40169844576189717
promotion,Random Forest,0,5145,-1,-1,leaf,,0.0,4,4.37235739928201,True,1.0,0.0,0.0
promotion,Random Forest,0,5146,5147,5148,num__age,42.5,0.4892953519038068,7,10.243541116475368,False,0.42684042066758116,0.5731595793324189,0.5731595793324189
promotion,Random Forest,0,5147,-1,-1,leaf,,0.1558183735588441,2,6.4177283921036095,True,0.08516170232176253,0.9148382976782374,0.9148382976782374
promotion,Random Forest,0,5148,-1,-1,leaf,,0.0,5,3.8258127243717586,True,1.0,0.0,0.0
promotion,Random Forest,0,5149,5150,5153,num__age,44.5,0.47456082148503653,23,30.324886381335258,False,0.6127811564822859,0.3872188435177141,0.3872188435177141
promotion,Random Forest,0,5150,5151,5152,num__previous_year_rating,4.5,0.4697313693660542,9,18.847448208219983,False,0.3769783949179131,0.6230216050820869,0.6230216050820869
promotion,Random Forest,0,5151,-1,-1,leaf,,0.4999297966462751,6,11.883175141206122,True,0.5059246668144753,0.4940753331855246,0.4940753331855246
promotion,Random Forest,0,5152,-1,-1,leaf,,0.2646425948218267,3,6.964273067013861,True,0.15695670449768812,0.8430432955023119,0.8430432955023119
promotion,Random Forest,0,5153,-1,-1,leaf,,-6.661338147750939e-16,14,11.477438173115276,True,1.0,0.0,0.0
promotion,Random Forest,0,5154,5155,5156,num__avg_training_score,65.5,0.26686038858098293,39,37.02423018707768,False,0.8414232061672268,0.1585767938327733,0.1585767938327733
promotion,Random Forest,0,5155,-1,-1,leaf,,0.0,37,30.60650179497407,True,1.0,0.0,0.0
promotion,Random Forest,0,5156,-1,-1,leaf,,0.15581837355884387,2,6.4177283921036095,True,0.08516170232176253,0.9148382976782374,0.9148382976782374
promotion,Random Forest,0,5157,5158,5219,cat__department_Technology,0.5,0.37239920677198657,732,806.8313802098631,False,0.7525874039100323,0.24741259608996796,0.2474125960899679
promotion,Random Forest,0,5158,5159,5186,num__KPIs_met >80%,0.5,0.2911498521566661,629,630.7699317914124,False,0.8231486870183237,0.17685131298167653,0.1768513129816765
promotion,Random Forest,0,5159,5160,5175,num__avg_training_score,70.5,0.1733901390130368,465,428.5984605317215,False,0.9041100475037483,0.095889952496252,0.09588995249625196
promotion,Random Forest,0,5160,5161,5166,num__previous_year_rating,4.5,0.06812377730374997,382,332.56409160670415,False,0.9646914151866,0.035308584813400226,0.03530858481340022
promotion,Random Forest,0,5161,5162,5163,num__avg_training_score,67.5,0.03818164151026038,351,301.55185284363927,False,0.9805301023295729,0.019469897670427134,0.019469897670427134
promotion,Random Forest,0,5162,-1,-1,leaf,,0.0,302,255.78290785799757,True,1.0,0.0,0.0
promotion,Random Forest,0,5163,5164,5165,cat__department_Procurement,0.5,0.22364664622060026,49,45.7689449856417,False,0.8717212354570282,0.1282787645429717,0.12827876454297174
promotion,Random Forest,0,5164,-1,-1,leaf,,0.26464259482182684,2,6.964273067013861,True,0.15695670449768812,0.8430432955023119,0.8430432955023119
promotion,Random Forest,0,5165,-1,-1,leaf,,0.0,47,38.80467191862784,True,1.0,0.0,0.0
promotion,Random Forest,0,5166,5167,5168,cat__education_Master's & above,0.5,0.3069537383416323,31,31.012238763064914,False,0.8106817194963092,0.18931828050369087,0.18931828050369087
promotion,Random Forest,0,5167,-1,-1,leaf,,0.0,14,12.023982848025527,True,1.0,0.0,0.0
promotion,Random Forest,0,5168,5169,5174,cat__region_region_7,0.5,0.42719132242598623,17,18.98825591503939,False,0.690799210656142,0.3092007893438579,0.3092007893438579
promotion,Random Forest,0,5169,5170,5173,num__age,46.5,0.4477861578444994,15,17.348621890308635,False,0.6615763629920861,0.3384236370079139,0.3384236370079139
promotion,Random Forest,0,5170,5171,5172,cat__recruitment_channel_sourcing,0.5,0.4777546257315771,5,9.696996441565117,False,0.39453584905660377,0.6054641509433962,0.6054641509433962
promotion,Random Forest,0,5171,-1,-1,leaf,,0.3954171736469343,3,8.057362416834364,True,0.2713268420287749,0.7286731579712251,0.7286731579712251
promotion,Random Forest,0,5172,-1,-1,leaf,,0.0,2,1.639634024730754,True,1.0,0.0,0.0
promotion,Random Forest,0,5173,-1,-1,leaf,,2.220446049250313e-16,10,7.651625448743517,True,1.0,0.0,0.0
promotion,Random Forest,0,5174,-1,-1,leaf,,0.0,2,1.639634024730754,True,1.0,0.0,0.0
promotion,Random Forest,0,5175,5176,5181,cat__gender_f,0.5,0.42448054918240996,83,96.03436892501745,False,0.6943186182762594,0.3056813817237406,0.3056813817237406
promotion,Random Forest,0,5176,5177,5180,num__avg_training_score,73.5,0.2988603805342289,66,64.21065622577083,False,0.8171274345320593,0.18287256546794078,0.18287256546794078
promotion,Random Forest,0,5177,5178,5179,cat__department_Procurement,0.5,0.4863224159403401,23,28.138707681694253,False,0.5826969892428373,0.4173030107571628,0.4173030107571628
promotion,Random Forest,0,5178,-1,-1,leaf,,0.0,2,11.742367434386717,True,0.0,1.0,1.0
promotion,Random Forest,0,5179,-1,-1,leaf,,-4.440892098500626e-16,21,16.39634024730754,True,1.0,0.0,0.0
promotion,Random Forest,0,5180,-1,-1,leaf,,0.0,43,36.071948544076584,True,1.0,0.0,0.0
promotion,Random Forest,0,5181,5182,5183,num__length_of_service,14.5,0.4942813745844312,17,31.823712699246606,False,0.4465274583754944,0.5534725416245057,0.5534725416245057
promotion,Random Forest,0,5182,-1,-1,leaf,,-2.220446049250313e-16,12,10.930893498205025,True,1.0,0.0,0.0
promotion,Random Forest,0,5183,5184,5185,num__age,53.5,0.26464259482182695,5,20.892819201041583,False,0.15695670449768812,0.8430432955023119,0.8430432955023119
promotion,Random Forest,0,5184,-1,-1,leaf,,-6.661338147750939e-16,3,2.7327233745512567,True,1.0,0.0,0.0
promotion,Random Forest,0,5185,-1,-1,leaf,,0.05838029916382992,2,18.160095826490327,True,0.03009591359716289,0.9699040864028371,0.9699040864028371
promotion,Random Forest,0,5186,5187,5190,cat__gender_m,0.5,0.45408784679428227,164,202.17147125969086,False,0.6515126285260034,0.3484873714739966,0.3484873714739966
promotion,Random Forest,0,5187,5188,5189,cat__region_region_4,0.5,0.2381712181083795,43,42.48967693618019,False,0.8618209376830067,0.13817906231699337,0.13817906231699337
promotion,Random Forest,0,5188,-1,-1,leaf,,-4.440892098500626e-16,41,36.071948544076584,True,1.0,0.0,0.0
promotion,Random Forest,0,5189,-1,-1,leaf,,0.15581837355884487,2,6.4177283921036095,True,0.08516170232176253,0.9148382976782374,0.9148382976782374
promotion,Random Forest,0,5190,5191,5196,num__previous_year_rating,2.5,0.48173972283627786,121,159.68179432351064,False,0.5955517586539414,0.40444824134605883,0.4044482413460587
promotion,Random Forest,0,5191,5192,5193,num__previous_year_rating,1.5,0.443393068207407,13,26.358265950144094,False,0.331763660595291,0.6682363394047091,0.6682363394047091
promotion,Random Forest,0,5192,-1,-1,leaf,,0.0,5,4.37235739928201,True,1.0,0.0,0.0
promotion,Random Forest,0,5193,5194,5195,num__avg_training_score,71.0,0.31864252908598467,8,21.985908550862085,False,0.19887089902002555,0.8011291009799745,0.8011291009799745
promotion,Random Forest,0,5194,-1,-1,leaf,,3.3306690738754696e-16,6,4.37235739928201,True,1.0,0.0,0.0
promotion,Random Forest,0,5195,-1,-1,leaf,,0.0,2,17.613551151580076,True,0.0,1.0,1.0
promotion,Random Forest,0,5196,5197,5216,cat__education_Bachelor's,0.5,0.45636760620229233,108,133.32352837336657,False,0.6477030700386883,0.3522969299613117,0.3522969299613117
promotion,Random Forest,0,5197,5198,5215,num__length_of_service,17.0,0.4998325632791668,52,83.72877066335312,False,0.5091497737904607,0.4908502262095393,0.4908502262095393
promotion,Random Forest,0,5198,5199,5200,num__avg_training_score,52.0,0.45807125406104876,50,66.11521951177303,False,0.6447907903475758,0.3552092096524242,0.3552092096524242
promotion,Random Forest,0,5199,-1,-1,leaf,,0.3954171736469344,7,16.114724833668728,True,0.2713268420287749,0.7286731579712251,0.7286731579712251
promotion,Random Forest,0,5200,5201,5214,cat__region_region_7,0.5,0.3593856787135741,43,50.0004946781043,False,0.7651549747661035,0.23484502523389658,0.23484502523389658
promotion,Random Forest,0,5201,5202,5207,cat__recruitment_channel_sourcing,0.5,0.4039923605235509,36,41.802324554450536,False,0.7190977401486025,0.28090225985139744,0.28090225985139744
promotion,Random Forest,0,5202,5203,5206,cat__region_region_22,0.5,0.39447594754399873,19,21.720979289590645,False,0.7296998611841129,0.27030013881588705,0.27030013881588705
promotion,Random Forest,0,5203,5204,5205,cat__region_region_4,0.5,0.4204393704912991,16,19.53480058994964,False,0.6994500307203548,0.30054996927964517,0.30054996927964517
promotion,Random Forest,0,5204,-1,-1,leaf,,0.43401699332762034,14,18.441711240129138,True,0.6816356334428623,0.3183643665571376,0.3183643665571377
promotion,Random Forest,0,5205,-1,-1,leaf,,0.0,2,1.0930893498205025,True,1.0,0.0,0.0
promotion,Random Forest,0,5206,-1,-1,leaf,,0.0,3,2.186178699641005,True,1.0,0.0,0.0
promotion,Random Forest,0,5207,5208,5211,num__previous_year_rating,4.5,0.4137795993733371,17,20.08134526485989,False,0.7076299600571445,0.2923700399428555,0.2923700399428555
promotion,Random Forest,0,5208,5209,5210,num__age,40.5,3.3306690738754696e-16,11,9.837804148384523,False,1.0,0.0,0.0
promotion,Random Forest,0,5209,-1,-1,leaf,,0.0,4,4.37235739928201,True,1.0,0.0,0.0
promotion,Random Forest,0,5210,-1,-1,leaf,,0.0,7,5.4654467491025125,True,1.0,0.0,0.0
promotion,Random Forest,0,5211,5212,5213,cat__region_region_22,0.5,0.489295351903807,6,10.243541116475368,False,0.42684042066758116,0.5731595793324189,0.5731595793324189
promotion,Random Forest,0,5212,-1,-1,leaf,,0.0,4,3.279268049461508,True,1.0,0.0,0.0
promotion,Random Forest,0,5213,-1,-1,leaf,,0.26464259482182684,2,6.964273067013861,True,0.15695670449768812,0.8430432955023119,0.8430432955023119
promotion,Random Forest,0,5214,-1,-1,leaf,,0.0,7,8.19817012365377,True,1.0,0.0,0.0
promotion,Random Forest,0,5215,-1,-1,leaf,,1.3322676295501878e-15,2,17.613551151580076,True,0.0,1.0,1.0
promotion,Random Forest,0,5216,5217,5218,cat__recruitment_channel_sourcing,0.5,0.20873716193119574,56,49.594757710013454,False,0.8816168484676773,0.11838315153232282,0.11838315153232282
promotion,Random Forest,0,5217,-1,-1,leaf,,0.3028577452042386,35,31.558783437975165,True,0.813960391447521,0.18603960855247903,0.18603960855247903
promotion,Random Forest,0,5218,-1,-1,leaf,,0.0,21,18.035974272038292,True,1.0,0.0,0.0
promotion,Random Forest,0,5219,5220,5223,num__length_of_service,2.5,0.4999999115199829,103,176.06144841845082,False,0.4997896669088684,0.5002103330911317,0.5002103330911317
promotion,Random Forest,0,5220,5221,5222,cat__region_region_2,0.5,0.22565919718173966,5,33.7282759852488,False,0.12963477294820164,0.8703652270517984,0.8703652270517984
promotion,Random Forest,0,5221,-1,-1,leaf,,0.03588702081288253,2,29.90246326087704,True,0.018277580349887905,0.9817224196501121,0.9817224196501121
promotion,Random Forest,0,5222,-1,-1,leaf,,-4.440892098500626e-16,3,3.825812724371759,True,1.0,0.0,0.0
promotion,Random Forest,0,5223,5224,5235,cat__education_Master's & above,0.5,0.4846860332662639,98,142.333172433202,False,0.5875041905674697,0.41249580943253045,0.41249580943253034
promotion,Random Forest,0,5224,5225,5234,cat__region_region_7,0.5,0.4104887994377415,35,40.70923520463003,False,0.7115551944082897,0.28844480559171026,0.28844480559171026
promotion,Random Forest,0,5225,5226,5227,num__age,42.5,0.4614583729927263,28,32.511065080976266,False,0.6388193556520017,0.36118064434799835,0.36118064434799835
promotion,Random Forest,0,5226,-1,-1,leaf,,0.0,9,6.558536098923016,True,1.0,0.0,0.0
promotion,Random Forest,0,5227,5228,5231,num__KPIs_met >80%,0.5,0.49547906271213793,19,25.95252898205325,False,0.5475443860401109,0.45245561395988904,0.45245561395988904
promotion,Random Forest,0,5228,5229,5230,num__avg_training_score,76.5,3.3306690738754696e-16,13,10.930893498205025,False,1.0,0.0,0.0
promotion,Random Forest,0,5229,-1,-1,leaf,,0.0,2,1.639634024730754,True,1.0,0.0,0.0
promotion,Random Forest,0,5230,-1,-1,leaf,,0.0,11,9.291259473474272,True,1.0,0.0,0.0
promotion,Random Forest,0,5231,5232,5233,cat__recruitment_channel_other,0.5,0.34129359726386643,6,15.021635483848225,False,0.21830299723272398,0.7816970027672759,0.781697002767276
promotion,Random Forest,0,5232,-1,-1,leaf,,0.0,2,11.742367434386717,True,0.0,1.0,1.0
promotion,Random Forest,0,5233,-1,-1,leaf,,7.771561172376096e-16,4,3.2792680494615074,True,1.0,0.0,0.0
promotion,Random Forest,0,5234,-1,-1,leaf,,0.0,7,8.19817012365377,True,1.0,0.0,0.0
promotion,Random Forest,0,5235,5236,5243,cat__recruitment_channel_sourcing,0.5,0.4971406622339818,63,101.623937228572,False,0.5378109624713378,0.46218903752866214,0.4621890375286622
promotion,Random Forest,0,5236,5237,5238,num__age,49.5,0.37054364550176033,38,47.8143159784633,False,0.7544173289088616,0.24558267109113843,0.24558267109113843
promotion,Random Forest,0,5237,-1,-1,leaf,,-2.220446049250313e-16,28,28.420323095333064,True,1.0,0.0,0.0
promotion,Random Forest,0,5238,5239,5240,num__avg_training_score,81.5,0.4777546257315771,10,19.393992883130235,False,0.3945358490566037,0.6054641509433962,0.6054641509433962
promotion,Random Forest,0,5239,-1,-1,leaf,,0.0,5,4.37235739928201,True,1.0,0.0,0.0
promotion,Random Forest,0,5240,5241,5242,num__length_of_service,16.0,0.34129359726386677,5,15.021635483848225,False,0.218302997232724,0.7816970027672759,0.7816970027672759
promotion,Random Forest,0,5241,-1,-1,leaf,,0.0,2,2.186178699641005,True,1.0,0.0,0.0
promotion,Random Forest,0,5242,-1,-1,leaf,,0.15581837355884443,3,12.835456784207219,True,0.08516170232176253,0.9148382976782374,0.9148382976782374
promotion,Random Forest,0,5243,5244,5245,num__previous_year_rating,4.5,0.45215946905804294,25,53.8096212501087,False,0.34533822233344574,0.6546617776665542,0.6546617776665542
promotion,Random Forest,0,5244,-1,-1,leaf,,0.36489759054240545,21,24.4537026641419,True,0.7599061460004309,0.24009385399956906,0.24009385399956906
promotion,Random Forest,0,5245,-1,-1,leaf,,2.220446049250313e-16,4,29.35591858596679,True,0.0,1.0,1.0
promotion,Random Forest,0,5246,5247,5286,num__no_of_trainings,1.5,0.375028394334846,369,422.67721835742606,False,0.7499716040524482,0.2500283959475521,0.250028395947552
promotion,Random Forest,0,5247,5248,5275,cat__department_Technology,0.5,0.3356303340114811,328,357.79589590229295,False,0.7866789720127015,0.2133210279872988,0.2133210279872987
promotion,Random Forest,0,5248,5249,5256,num__KPIs_met >80%,0.5,0.2957315256896901,307,325.4256385281361,False,0.8195844757730811,0.1804155242269192,0.18041552422691912
promotion,Random Forest,0,5249,5250,5255,cat__education_Bachelor's,0.5,0.11209492094312978,206,197.0210122289619,False,0.9404004308903829,0.05959956910961703,0.05959956910961703
promotion,Random Forest,0,5250,5251,5252,num__avg_training_score,72.5,0.2606085375401501,74,76.23463907379636,False,0.8459707086299719,0.15402929137002822,0.1540292913700282
promotion,Random Forest,0,5251,-1,-1,leaf,,-4.440892098500626e-16,68,61.75954826485839,True,1.0,0.0,0.0
promotion,Random Forest,0,5252,5253,5254,cat__department_Procurement,0.5,0.30629417617060606,6,14.475090808937972,False,0.18878799522721296,0.8112120047727871,0.8112120047727871
promotion,Random Forest,0,5253,-1,-1,leaf,,0.08499325318400885,3,12.288912109296968,True,0.04447461826151171,0.9555253817384883,0.9555253817384883
promotion,Random Forest,0,5254,-1,-1,leaf,,-4.440892098500626e-16,3,2.186178699641005,True,1.0,0.0,0.0
promotion,Random Forest,0,5255,-1,-1,leaf,,2.220446049250313e-16,132,120.78637315516552,True,1.0,0.0,0.0
promotion,Random Forest,0,5256,5257,5272,num__previous_year_rating,4.5,0.46397677947616445,101,128.4046262991743,False,0.6342073405664442,0.3657926594335558,0.3657926594335558
promotion,Random Forest,0,5257,5258,5271,cat__department_Procurement,0.5,0.39240015086210744,56,65.70948254368218,False,0.7319481074916244,0.2680518925083755,0.2680518925083755
promotion,Random Forest,0,5258,5259,5260,cat__gender_m,0.5,0.4182084313810649,48,59.15094644475917,False,0.70222706126893,0.29777293873107,0.29777293873107
promotion,Random Forest,0,5259,-1,-1,leaf,,0.0,9,8.19817012365377,True,1.0,0.0,0.0
promotion,Random Forest,0,5260,5261,5270,num__age,48.5,0.452373042790743,39,50.9527763211054,False,0.6543161644307834,0.34568383556921667,0.34568383556921667
promotion,Random Forest,0,5261,5262,5263,cat__recruitment_channel_other,0.5,0.27009392157452394,34,36.477685512167426,False,0.8390472521828454,0.16095274781715463,0.16095274781715463
promotion,Random Forest,0,5262,-1,-1,leaf,,0.0,10,10.930893498205025,True,1.0,0.0,0.0
promotion,Random Forest,0,5263,5264,5265,cat__department_Sales & Marketing,0.5,0.3540063802775324,24,25.546792013962403,False,0.7701792180409772,0.2298207819590228,0.2298207819590228
promotion,Random Forest,0,5264,-1,-1,leaf,,0.0,17,14.756706222576783,True,1.0,0.0,0.0
promotion,Random Forest,0,5265,5266,5269,num__age,42.5,0.4961055060456645,7,10.79008579138562,False,0.45587237852356277,0.5441276214764372,0.5441276214764372
promotion,Random Forest,0,5266,5267,5268,num__age,41.5,0.4334708659252019,4,8.603907091744615,False,0.3176142356503691,0.6823857643496308,0.6823857643496308
promotion,Random Forest,0,5267,-1,-1,leaf,,0.0,2,2.186178699641005,True,1.0,0.0,0.0
promotion,Random Forest,0,5268,-1,-1,leaf,,0.15581837355884443,2,6.4177283921036095,True,0.08516170232176253,0.9148382976782374,0.9148382976782374
promotion,Random Forest,0,5269,-1,-1,leaf,,0.0,3,2.186178699641005,True,1.0,0.0,0.0
promotion,Random Forest,0,5270,-1,-1,leaf,,0.3062941761706054,5,14.475090808937972,True,0.18878799522721296,0.8112120047727871,0.8112120047727871
promotion,Random Forest,0,5271,-1,-1,leaf,,0.0,8,6.558536098923015,True,1.0,0.0,0.0
promotion,Random Forest,0,5272,5273,5274,num__age,48.5,0.4979816816558402,45,62.69514375549212,False,0.5317672657318822,0.46823273426811785,0.46823273426811785
promotion,Random Forest,0,5273,-1,-1,leaf,,0.49700916626476066,38,54.49697363183835,True,0.4613293797874969,0.5386706202125031,0.5386706202125031
promotion,Random Forest,0,5274,-1,-1,leaf,,0.0,7,8.19817012365377,True,1.0,0.0,0.0
promotion,Random Forest,0,5275,5276,5281,cat__education_Bachelor's,0.5,0.49610550604566184,21,32.37025737415686,False,0.45587237852356277,0.5441276214764373,0.5441276214764373
promotion,Random Forest,0,5276,5277,5278,num__length_of_service,9.0,0.48420454778537714,11,19.940537558040486,False,0.4111308483932058,0.5888691516067942,0.5888691516067942
promotion,Random Forest,0,5277,-1,-1,leaf,,0.0,5,4.37235739928201,True,1.0,0.0,0.0
promotion,Random Forest,0,5278,5279,5280,cat__recruitment_channel_sourcing,0.5,0.3707094622444591,6,15.568180158758476,False,0.24574566104435794,0.754254338955642,0.7542543389556421
promotion,Random Forest,0,5279,-1,-1,leaf,,0.3954171736469346,4,8.057362416834364,True,0.2713268420287749,0.7286731579712251,0.7286731579712251
promotion,Random Forest,0,5280,-1,-1,leaf,,0.3412935972638663,2,7.510817741924113,True,0.218302997232724,0.7816970027672759,0.7816970027672759
promotion,Random Forest,0,5281,5282,5283,num__KPIs_met >80%,0.5,0.49847100449088544,10,12.429719816116373,False,0.5276495525200188,0.4723504474799812,0.4723504474799812
promotion,Random Forest,0,5282,-1,-1,leaf,,0.0,6,4.37235739928201,True,1.0,0.0,0.0
promotion,Random Forest,0,5283,5284,5285,num__previous_year_rating,4.0,0.3954171736469341,4,8.057362416834364,False,0.2713268420287749,0.7286731579712251,0.7286731579712251
promotion,Random Forest,0,5284,-1,-1,leaf,,0.0,2,1.0930893498205025,True,1.0,0.0,0.0
promotion,Random Forest,0,5285,-1,-1,leaf,,0.26464259482182706,2,6.964273067013861,True,0.15695670449768812,0.8430432955023119,0.8430432955023119
promotion,Random Forest,0,5286,5287,5298,num__avg_training_score,60.5,0.4954790627121374,41,64.88132245513312,False,0.547544386040111,0.45245561395988904,0.45245561395988904
promotion,Random Forest,0,5287,5288,5297,cat__department_Sales & Marketing,0.5,0.3290192166691147,27,28.27951538851366,False,0.7923873999772264,0.20761260002277365,0.20761260002277365
promotion,Random Forest,0,5288,5289,5294,num__age,43.5,0.44089230983230954,13,17.895166565218886,False,0.6719123180107966,0.32808768198920335,0.32808768198920335
promotion,Random Forest,0,5289,5290,5293,cat__education_Master's & above,0.5,0.4777546257315771,6,9.696996441565117,False,0.39453584905660377,0.6054641509433962,0.6054641509433962
promotion,Random Forest,0,5290,5291,5292,cat__gender_m,0.5,0.3954171736469343,4,8.057362416834364,False,0.2713268420287749,0.7286731579712251,0.7286731579712251
promotion,Random Forest,0,5291,-1,-1,leaf,,0.0,2,1.639634024730754,True,1.0,0.0,0.0
promotion,Random Forest,0,5292,-1,-1,leaf,,0.15581837355884443,2,6.4177283921036095,True,0.08516170232176253,0.9148382976782374,0.9148382976782374
promotion,Random Forest,0,5293,-1,-1,leaf,,0.0,2,1.639634024730754,True,1.0,0.0,0.0
promotion,Random Forest,0,5294,5295,5296,cat__education_Master's & above,0.5,4.440892098500626e-16,7,8.19817012365377,False,1.0,0.0,0.0
promotion,Random Forest,0,5295,-1,-1,leaf,,0.0,2,1.639634024730754,True,1.0,0.0,0.0
promotion,Random Forest,0,5296,-1,-1,leaf,,0.0,5,6.558536098923016,True,1.0,0.0,0.0
promotion,Random Forest,0,5297,-1,-1,leaf,,-4.440892098500626e-16,14,10.384348823294774,True,1.0,0.0,0.0
promotion,Random Forest,0,5298,5299,5302,num__length_of_service,7.5,0.4598831646567926,14,36.601807066619465,False,0.3583722567022842,0.6416277432977158,0.6416277432977158
promotion,Random Forest,0,5299,5300,5301,num__previous_year_rating,4.5,0.1558183735588441,5,25.670913568414438,False,0.08516170232176253,0.9148382976782374,0.9148382976782374
promotion,Random Forest,0,5300,-1,-1,leaf,,0.0,2,1.639634024730754,True,1.0,0.0,0.0
promotion,Random Forest,0,5301,-1,-1,leaf,,0.04445161392177521,3,24.031279543683684,True,0.022743053440693863,0.9772569465593062,0.9772569465593062
promotion,Random Forest,0,5302,5303,5304,cat__gender_f,0.5,3.3306690738754696e-16,9,10.930893498205025,False,1.0,0.0,0.0
promotion,Random Forest,0,5303,-1,-1,leaf,,0.0,6,6.558536098923016,True,1.0,0.0,0.0
promotion,Random Forest,0,5304,-1,-1,leaf,,0.0,3,4.37235739928201,True,1.0,0.0,0.0
promotion,Random Forest,0,5305,5306,5337,cat__region_region_22,0.5,0.3106798384372962,254,274.7377914683022,False,0.8076687842166167,0.19233121578338344,0.19233121578338339
promotion,Random Forest,0,5306,5307,5336,cat__region_region_20,0.5,0.31986363364989845,242,264.3534426450074,False,0.8001136171103382,0.19988638288966193,0.19988638288966187
promotion,Random Forest,0,5307,5308,5335,cat__region_region_15,0.5,0.3213581110128818,240,262.7138086202767,False,0.7988660979327681,0.20113390206723183,0.20113390206723186
promotion,Random Forest,0,5308,5309,5328,num__length_of_service,9.5,0.32337010076627903,237,260.5276299206357,False,0.7971783128306312,0.2028216871693687,0.20282168716936871
promotion,Random Forest,0,5309,5310,5323,num__previous_year_rating,4.5,0.40629906936454174,119,144.94177425330125,False,0.7164496831084055,0.28355031689159443,0.28355031689159443
promotion,Random Forest,0,5310,5311,5322,cat__region_region_7,0.5,0.1340107710255315,84,81.29434885480804,False,0.9277786980288222,0.07222130197117774,0.07222130197117775
promotion,Random Forest,0,5311,5312,5313,cat__recruitment_channel_sourcing,0.5,0.1419265075018895,78,76.37544678061576,False,0.9231273404650844,0.07687265953491583,0.07687265953491582
promotion,Random Forest,0,5312,-1,-1,leaf,,-6.661338147750939e-16,40,34.97885919425608,True,1.0,0.0,0.0
promotion,Random Forest,0,5313,5314,5321,num__avg_training_score,49.5,0.24342523858772103,38,41.396587586359686,False,0.8581722779698893,0.14182772203011082,0.14182772203011082
promotion,Random Forest,0,5314,5315,5320,cat__education_Bachelor's,0.5,0.43401699332762034,19,18.441711240129138,False,0.6816356334428623,0.3183643665571376,0.3183643665571377
promotion,Random Forest,0,5315,5316,5317,cat__gender_f,0.5,0.49935954122161186,10,11.33663046629587,False,0.4821050457057274,0.5178949542942726,0.5178949542942726
promotion,Random Forest,0,5316,-1,-1,leaf,,0.0,6,3.8258127243717586,True,1.0,0.0,0.0
promotion,Random Forest,0,5317,5318,5319,num__previous_year_rating,2.5,0.34129359726386665,4,7.510817741924112,False,0.21830299723272403,0.781697002767276,0.781697002767276
promotion,Random Forest,0,5318,-1,-1,leaf,,0.1558183735588441,2,6.4177283921036095,True,0.08516170232176253,0.9148382976782374,0.9148382976782374
promotion,Random Forest,0,5319,-1,-1,leaf,,-6.661338147750939e-16,2,1.0930893498205025,True,1.0,0.0,0.0
promotion,Random Forest,0,5320,-1,-1,leaf,,0.0,9,7.105080773833266,True,1.0,0.0,0.0
promotion,Random Forest,0,5321,-1,-1,leaf,,-6.661338147750939e-16,19,22.954876346230552,True,1.0,0.0,0.0
promotion,Random Forest,0,5322,-1,-1,leaf,,0.0,6,4.918902074192261,True,1.0,0.0,0.0
promotion,Random Forest,0,5323,5324,5327,num__avg_training_score,57.5,0.494281374584431,35,63.64742539849322,False,0.44652745837549435,0.5534725416245055,0.5534725416245057
promotion,Random Forest,0,5324,5325,5326,cat__region_region_7,0.5,0.28379944304017246,33,34.29150681252642,False,0.8287860679528769,0.17121393204712312,0.17121393204712312
promotion,Random Forest,0,5325,-1,-1,leaf,,0.0,30,27.32723374551256,True,1.0,0.0,0.0
promotion,Random Forest,0,5326,-1,-1,leaf,,0.2646425948218267,3,6.964273067013861,True,0.15695670449768812,0.8430432955023119,0.8430432955023119
promotion,Random Forest,0,5327,-1,-1,leaf,,5.551115123125783e-16,2,29.35591858596679,True,0.0,1.0,1.0
promotion,Random Forest,0,5328,5329,5330,num__age,58.5,0.18253894872409826,118,115.58585566733446,False,0.8984099969101564,0.10159000308984353,0.10159000308984353
promotion,Random Forest,0,5329,-1,-1,leaf,,0.0,105,92.36605005983246,True,1.0,0.0,0.0
promotion,Random Forest,0,5330,5331,5334,num__previous_year_rating,4.5,0.49993491023520686,13,23.219805607501993,False,0.49429518778602854,0.5057048122139715,0.5057048122139715
promotion,Random Forest,0,5331,5332,5333,num__length_of_service,18.5,0.4598831646567927,8,18.300903533309732,False,0.35837225670228423,0.6416277432977158,0.6416277432977158
promotion,Random Forest,0,5332,-1,-1,leaf,,0.0,5,4.918902074192261,True,1.0,0.0,0.0
promotion,Random Forest,0,5333,-1,-1,leaf,,0.21502573346491882,3,13.38200145911747,True,0.12252532102465383,0.8774746789753463,0.8774746789753463
promotion,Random Forest,0,5334,-1,-1,leaf,,0.0,5,4.918902074192261,True,1.0,0.0,0.0
promotion,Random Forest,0,5335,-1,-1,leaf,,0.0,3,2.186178699641005,True,1.0,0.0,0.0
promotion,Random Forest,0,5336,-1,-1,leaf,,0.0,2,1.639634024730754,True,1.0,0.0,0.0
promotion,Random Forest,0,5337,-1,-1,leaf,,0.0,12,10.384348823294774,True,1.0,0.0,0.0
promotion,Random Forest,0,5338,5339,5340,cat__education_Master's & above,0.5,0.28743100862173154,137,134.97984855046468,False,0.8260130299376264,0.17398697006237368,0.17398697006237368
promotion,Random Forest,0,5339,-1,-1,leaf,,-4.440892098500626e-16,70,57.38719086557638,True,1.0,0.0,0.0
promotion,Random Forest,0,5340,5341,5352,num__previous_year_rating,3.5,0.4221193533196219,67,77.59265768488831,False,0.6973330264810965,0.3026669735189035,0.3026669735189035
promotion,Random Forest,0,5341,5342,5343,cat__gender_m,0.5,0.4791830083303914,47,59.01013873793976,False,0.6020220360255781,0.397977963974422,0.397977963974422
promotion,Random Forest,0,5342,-1,-1,leaf,,0.34129359726386654,4,7.510817741924112,True,0.21830299723272403,0.781697002767276,0.781697002767276
promotion,Random Forest,0,5343,5344,5345,num__avg_training_score,61.5,0.45008161307050387,43,51.499320996015655,False,0.6579847887131797,0.34201521128682033,0.34201521128682033
promotion,Random Forest,0,5344,-1,-1,leaf,,-2.220446049250313e-16,28,25.141055045871557,True,1.0,0.0,0.0
promotion,Random Forest,0,5345,5346,5351,num__length_of_service,6.0,0.4433930682074073,15,26.358265950144094,False,0.331763660595291,0.6682363394047091,0.6682363394047091
promotion,Random Forest,0,5346,5347,5348,cat__recruitment_channel_sourcing,0.5,0.31864252908598467,9,21.985908550862085,False,0.19887089902002555,0.8011291009799745,0.8011291009799745
promotion,Random Forest,0,5347,-1,-1,leaf,,0.34129359726386654,3,7.510817741924112,True,0.21830299723272403,0.781697002767276,0.781697002767276
promotion,Random Forest,0,5348,5349,5350,num__length_of_service,3.5,0.3062941761706054,6,14.475090808937972,False,0.18878799522721296,0.8112120047727871,0.8112120047727871
promotion,Random Forest,0,5349,-1,-1,leaf,,0.26464259482182684,3,6.964273067013861,True,0.15695670449768812,0.8430432955023119,0.8430432955023119
promotion,Random Forest,0,5350,-1,-1,leaf,,0.34129359726386654,3,7.510817741924112,True,0.21830299723272403,0.781697002767276,0.781697002767276
promotion,Random Forest,0,5351,-1,-1,leaf,,0.0,6,4.37235739928201,True,1.0,0.0,0.0
promotion,Random Forest,0,5352,-1,-1,leaf,,0.0,20,18.582518946948543,True,1.0,0.0,0.0
promotion,Random Forest,0,5353,5354,5389,cat__department_Technology,0.5,0.2450989847266707,101,363.0944811277217,False,0.14299788847027375,0.8570021115297266,0.8570021115297263
promotion,Random Forest,0,5354,5355,5388,cat__department_Legal,0.5,0.21617487477828057,81,314.7503066267157,False,0.12328716160600599,0.876712838393994,0.876712838393994
promotion,Random Forest,0,5355,5356,5379,cat__recruitment_channel_sourcing,0.5,0.2068596217020119,78,312.56412792707465,False,0.11715513696930191,0.8828448630306983,0.8828448630306981
promotion,Random Forest,0,5356,5357,5376,cat__region_region_4,0.5,0.2608322254326978,48,166.59600893342244,False,0.1541909670299933,0.8458090329700068,0.8458090329700068
promotion,Random Forest,0,5357,5358,5367,num__KPIs_met >80%,0.5,0.2932086897501167,42,128.63618325571102,False,0.17844805221404478,0.8215519477859552,0.8215519477859552
promotion,Random Forest,0,5358,5359,5360,num__avg_training_score,61.5,0.18673690602718718,13,52.434916486649385,False,0.1042329637445706,0.8957670362554294,0.8957670362554294
promotion,Random Forest,0,5359,-1,-1,leaf,,0.0,3,2.7327233745512562,True,1.0,0.0,0.0
promotion,Random Forest,0,5360,5361,5366,num__age,50.5,0.10391786597797448,10,49.70219311209812,False,0.0549819475448072,0.9450180524551928,0.9450180524551928
promotion,Random Forest,0,5361,5362,5365,cat__department_Sales & Marketing,0.5,0.15581837355884387,7,32.088641960518046,False,0.08516170232176253,0.9148382976782374,0.9148382976782374
promotion,Random Forest,0,5362,5363,5364,cat__department_Procurement,0.5,0.23254274366399408,5,20.34627452613133,False,0.13431074917629457,0.8656892508237055,0.8656892508237055
promotion,Random Forest,0,5363,-1,-1,leaf,,0.1558183735588441,2,6.4177283921036095,True,0.08516170232176253,0.9148382976782374,0.9148382976782374
promotion,Random Forest,0,5364,-1,-1,leaf,,0.26464259482182684,3,13.928546134027721,True,0.15695670449768812,0.8430432955023119,0.8430432955023119
promotion,Random Forest,0,5365,-1,-1,leaf,,0.0,2,11.742367434386717,True,0.0,1.0,1.0
promotion,Random Forest,0,5366,-1,-1,leaf,,5.551115123125783e-16,3,17.613551151580076,True,0.0,1.0,1.0
promotion,Random Forest,0,5367,5368,5369,num__avg_training_score,49.5,0.3536770905341178,29,76.20126676906163,False,0.2295162579138238,0.7704837420861762,0.7704837420861762
promotion,Random Forest,0,5368,-1,-1,leaf,,0.489295351903807,6,10.243541116475368,True,0.42684042066758116,0.5731595793324189,0.5731595793324189
promotion,Random Forest,0,5369,5370,5371,cat__region_region_2,0.5,0.3186425290859848,23,65.95772565258625,False,0.19887089902002555,0.8011291009799746,0.8011291009799744
promotion,Random Forest,0,5370,-1,-1,leaf,,0.3062941761706053,14,43.42527242681392,True,0.18878799522721298,0.8112120047727871,0.8112120047727871
promotion,Random Forest,0,5371,5372,5373,num__avg_training_score,57.5,0.34129359726386654,9,22.532453225772336,False,0.218302997232724,0.781697002767276,0.781697002767276
promotion,Random Forest,0,5372,-1,-1,leaf,,0.0,3,2.186178699641005,True,1.0,0.0,0.0
promotion,Random Forest,0,5373,5374,5375,cat__gender_f,0.5,0.23254274366399408,6,20.34627452613133,False,0.13431074917629454,0.8656892508237055,0.8656892508237055
promotion,Random Forest,0,5374,-1,-1,leaf,,0.3954171736469342,4,8.057362416834364,True,0.2713268420287749,0.7286731579712251,0.7286731579712251
promotion,Random Forest,0,5375,-1,-1,leaf,,0.08499325318400885,2,12.288912109296968,True,0.04447461826151171,0.9555253817384883,0.9555253817384883
promotion,Random Forest,0,5376,5377,5378,cat__education_Bachelor's,0.5,0.13361467792683457,6,37.95982567771141,False,0.07198988208620277,0.9280101179137973,0.9280101179137973
promotion,Random Forest,0,5377,-1,-1,leaf,,0.03588702081288253,3,29.90246326087704,True,0.018277580349887905,0.9817224196501121,0.9817224196501121
promotion,Random Forest,0,5378,-1,-1,leaf,,0.3954171736469341,3,8.057362416834364,True,0.2713268420287749,0.7286731579712251,0.7286731579712251
promotion,Random Forest,0,5379,5380,5387,cat__region_region_31,0.5,0.1385552995870163,30,145.9681189936523,False,0.07488548577296099,0.925114514227039,0.925114514227039
promotion,Random Forest,0,5380,5381,5382,num__length_of_service,4.5,0.1265886005158191,28,144.8750296438318,False,0.06790545046009851,0.9320945495399015,0.9320945495399015
promotion,Random Forest,0,5381,-1,-1,leaf,,0.04445161392177499,12,96.12511817473475,True,0.02274305344069386,0.9772569465593062,0.9772569465593062
promotion,Random Forest,0,5382,5383,5384,cat__department_Procurement,0.5,0.26464259482182695,16,48.74991146909702,False,0.1569567044976881,0.8430432955023119,0.8430432955023119
promotion,Random Forest,0,5383,-1,-1,leaf,,0.23254274366399408,11,40.69254905226266,True,0.13431074917629454,0.8656892508237055,0.8656892508237055
promotion,Random Forest,0,5384,5385,5386,cat__education_Bachelor's,0.5,0.3954171736469341,5,8.057362416834364,False,0.2713268420287749,0.7286731579712251,0.7286731579712251
promotion,Random Forest,0,5385,-1,-1,leaf,,0.26464259482182706,3,6.964273067013861,True,0.15695670449768812,0.8430432955023119,0.8430432955023119
promotion,Random Forest,0,5386,-1,-1,leaf,,0.0,2,1.0930893498205025,True,1.0,0.0,0.0
promotion,Random Forest,0,5387,-1,-1,leaf,,0.0,2,1.0930893498205025,True,1.0,0.0,0.0
promotion,Random Forest,0,5388,-1,-1,leaf,,0.0,3,2.186178699641005,True,1.0,0.0,0.0
promotion,Random Forest,0,5389,5390,5399,cat__gender_f,0.5,0.3954171736469344,20,48.34417450100618,False,0.2713268420287749,0.7286731579712251,0.7286731579712251
promotion,Random Forest,0,5390,5391,5396,cat__region_region_2,0.5,0.2932086897501166,14,42.87872775190367,False,0.17844805221404478,0.8215519477859552,0.8215519477859552
promotion,Random Forest,0,5391,5392,5393,num__age,43.5,0.22565919718173943,8,33.7282759852488,False,0.12963477294820164,0.8703652270517984,0.8703652270517984
promotion,Random Forest,0,5392,-1,-1,leaf,,0.0,3,2.186178699641005,True,1.0,0.0,0.0
promotion,Random Forest,0,5393,5394,5395,num__age,47.5,0.12901202587558036,5,31.542097285607795,False,0.06930987118090359,0.9306901288190964,0.9306901288190964
promotion,Random Forest,0,5394,-1,-1,leaf,,0.2150257334649187,3,13.38200145911747,True,0.12252532102465383,0.8774746789753463,0.8774746789753463
promotion,Random Forest,0,5395,-1,-1,leaf,,0.05838029916382992,2,18.160095826490327,True,0.03009591359716289,0.9699040864028371,0.9699040864028371
promotion,Random Forest,0,5396,5397,5398,cat__recruitment_channel_other,0.5,0.459883164656793,6,9.150451766654866,False,0.35837225670228423,0.6416277432977158,0.6416277432977158
promotion,Random Forest,0,5397,-1,-1,leaf,,0.0,3,1.639634024730754,True,1.0,0.0,0.0
promotion,Random Forest,0,5398,-1,-1,leaf,,0.34129359726386665,3,7.510817741924112,True,0.21830299723272403,0.781697002767276,0.781697002767276
promotion,Random Forest,0,5399,-1,-1,leaf,,0.0,6,5.4654467491025125,True,1.0,0.0,0.0
promotion,Random Forest,0,5400,5401,5428,num__KPIs_met >80%,0.5,0.1758360060853854,149,735.041112456092,False,0.09740591539703816,0.902594084602962,0.9025940846029618
promotion,Random Forest,0,5401,5402,5427,cat__gender_f,0.5,0.26028333681343796,72,291.40637946476164,False,0.1537943796047199,0.8462056203952804,0.8462056203952801
promotion,Random Forest,0,5402,5403,5422,num__age,52.5,0.299461181327617,67,244.43690972721484,False,0.18334654693783692,0.816653453062163,0.8166534530621631
promotion,Random Forest,0,5403,5404,5409,cat__region_region_2,0.5,0.40508061504162707,56,147.21870220265959,False,0.2821475442433883,0.7178524557566116,0.7178524557566117
promotion,Random Forest,0,5404,5405,5406,num__previous_year_rating,4.5,0.4830296628725099,31,49.57807155764609,False,0.407885025301283,0.5921149746987169,0.592114974698717
promotion,Random Forest,0,5405,-1,-1,leaf,,0.48067360886874655,26,29.231797031514756,True,0.5983015542381029,0.40169844576189717,0.40169844576189717
promotion,Random Forest,0,5406,5407,5408,num__length_of_service,7.0,0.23254274366399452,5,20.34627452613133,False,0.13431074917629457,0.8656892508237055,0.8656892508237055
promotion,Random Forest,0,5407,-1,-1,leaf,,0.34129359726386665,2,7.510817741924113,True,0.218302997232724,0.7816970027672759,0.7816970027672759
promotion,Random Forest,0,5408,-1,-1,leaf,,0.15581837355884376,3,12.835456784207219,True,0.08516170232176253,0.9148382976782374,0.9148382976782374
promotion,Random Forest,0,5409,5410,5415,cat__education_Master's & above,0.5,0.34129359726386643,25,97.64063064501347,False,0.21830299723272395,0.7816970027672759,0.781697002767276
promotion,Random Forest,0,5410,5411,5414,num__avg_training_score,89.5,0.4041480297839446,12,40.833356759082065,False,0.28107995727200386,0.7189200427279963,0.7189200427279963
promotion,Random Forest,0,5411,5412,5413,cat__department_Analytics,0.5,0.46812025162388593,10,15.708987865577882,False,0.6262532145652416,0.3737467854347583,0.3737467854347583
promotion,Random Forest,0,5412,-1,-1,leaf,,0.3954171736469344,3,8.057362416834364,True,0.2713268420287749,0.7286731579712251,0.7286731579712251
promotion,Random Forest,0,5413,-1,-1,leaf,,0.0,7,7.651625448743517,True,1.0,0.0,0.0
promotion,Random Forest,0,5414,-1,-1,leaf,,0.12200349063157245,2,25.124368893504187,True,0.06526070492280804,0.934739295077192,0.934739295077192
promotion,Random Forest,0,5415,5416,5421,num__age,45.5,0.2863755447049703,13,56.80727388593139,False,0.1731785997711977,0.8268214002288024,0.8268214002288024
promotion,Random Forest,0,5416,5417,5420,cat__recruitment_channel_sourcing,0.5,0.18673690602718718,9,52.43491648664938,False,0.10423296374457063,0.8957670362554294,0.8957670362554294
promotion,Random Forest,0,5417,5418,5419,num__age,41.5,0.19644638876922693,7,39.59945970244216,False,0.11041457212135551,0.8895854278786446,0.8895854278786446
promotion,Random Forest,0,5418,-1,-1,leaf,,0.08499325318400885,4,24.577824218593936,True,0.04447461826151171,0.9555253817384883,0.9555253817384883
promotion,Random Forest,0,5419,-1,-1,leaf,,0.34129359726386643,3,15.021635483848224,True,0.21830299723272403,0.781697002767276,0.781697002767276
promotion,Random Forest,0,5420,-1,-1,leaf,,0.15581837355884398,2,12.835456784207219,True,0.08516170232176253,0.9148382976782374,0.9148382976782374
promotion,Random Forest,0,5421,-1,-1,leaf,,0.0,4,4.37235739928201,True,1.0,0.0,0.0
promotion,Random Forest,0,5422,5423,5426,cat__education_Bachelor's,0.5,0.06518645254308908,11,97.21820752455524,False,0.033731007112358394,0.9662689928876416,0.9662689928876416
promotion,Random Forest,0,5423,5424,5425,num__no_of_trainings,1.5,0.011501940861095239,7,94.48548415000398,False,0.0057844300616861286,0.9942155699383138,0.9942155699383138
promotion,Random Forest,0,5424,-1,-1,leaf,,0.0,5,76.32538832351366,True,0.0,1.0,1.0
promotion,Random Forest,0,5425,-1,-1,leaf,,0.05838029916382992,2,18.160095826490327,True,0.03009591359716289,0.9699040864028371,0.9699040864028371
promotion,Random Forest,0,5426,-1,-1,leaf,,-2.220446049250313e-16,4,2.7327233745512562,True,1.0,0.0,0.0
promotion,Random Forest,0,5427,-1,-1,leaf,,-2.4424906541753444e-15,5,46.969469737546866,True,0.0,1.0,1.0
promotion,Random Forest,0,5428,5429,5430,cat__gender_m,0.5,0.11344482273381362,77,443.6347329913305,False,0.06036652921656082,0.9396334707834392,0.9396334707834392
promotion,Random Forest,0,5429,-1,-1,leaf,,0.0,17,140.90840921264063,True,0.0,1.0,1.0
promotion,Random Forest,0,5430,5431,5440,cat__department_Technology,0.5,0.16127791385506596,60,302.7263237786902,False,0.08846501597984749,0.9115349840201525,0.9115349840201525
promotion,Random Forest,0,5431,5432,5439,cat__department_R&D,0.5,0.1530572510152779,58,301.08668975395943,False,0.08350105103090476,0.9164989489690955,0.9164989489690952
promotion,Random Forest,0,5432,5433,5438,cat__region_region_14,0.5,0.13893108140632182,54,298.3539663794082,False,0.07510653182610708,0.924893468173893,0.924893468173893
promotion,Random Forest,0,5433,5434,5437,cat__region_region_15,0.5,0.14975501983674278,52,274.86923151063473,False,0.08152360869264234,0.9184763913073578,0.9184763913073576
promotion,Random Forest,0,5434,5435,5436,cat__region_region_27,0.5,0.16238758237109274,49,251.38449664186135,False,0.08913967237703073,0.9108603276229693,0.9108603276229693
promotion,Random Forest,0,5435,-1,-1,leaf,,0.18583988870605006,47,216.15739433870115,True,0.10366673663824916,0.896333263361751,0.8963332633617508
promotion,Random Forest,0,5436,-1,-1,leaf,,0.0,2,35.22710230316015,True,0.0,1.0,1.0
promotion,Random Forest,0,5437,-1,-1,leaf,,-2.4424906541753444e-15,3,23.484734868773433,True,0.0,1.0,1.0
promotion,Random Forest,0,5438,-1,-1,leaf,,-2.4424906541753444e-15,2,23.484734868773433,True,0.0,1.0,1.0
promotion,Random Forest,0,5439,-1,-1,leaf,,0.0,4,2.7327233745512562,True,1.0,0.0,0.0
promotion,Random Forest,0,5440,-1,-1,leaf,,0.0,2,1.639634024730754,True,1.0,0.0,0.0
