Dataset,Model,Tree_Index,Node,Left_Child,Right_Child,Feature,Threshold,Impurity,Samples,Weighted_Samples,Is_Leaf,Value_0,Value_1,Positive_Probability
job_change,Random Forest,0,0,1,702,cat__education_level_Graduate,0.5,0.4999544958931348,9689,15399.63702971714,False,0.49523008873125235,0.5047699112685908,0.50476991126867
job_change,Random Forest,0,1,2,579,cat__last_new_job_>4,0.5,0.49134967410548314,3593,5305.2312285616035,False,0.5657659710431359,0.4342340289568914,0.4342340289568795
job_change,Random Forest,0,2,3,318,cat__company_size_50-99,0.5,0.49476914588886745,2986,4493.620830995147,False,0.5511412461283024,0.4488587538717217,0.4488587538717109
job_change,Random Forest,0,3,4,259,cat__city_city_103,0.5,0.46170180036689856,1413,1962.7242587657636,False,0.6383802724977412,0.36161972750226334,0.36161972750226173
job_change,Random Forest,0,4,5,258,cat__city_city_138,0.5,0.4705786619980119,1202,1704.7253848955822,False,0.6212875467679673,0.3787124532320372,0.37871245323203556
job_change,Random Forest,0,5,6,53,num__city_development_index,0.6245000064373016,0.47236327413528,1189,1688.072481557613,False,0.617551533092335,0.38244846690766987,0.382448466907668
job_change,Random Forest,0,6,7,52,cat__major_discipline_Business Degree,0.5,0.3163276444422525,199,476.87187770422224,False,0.19695515549860618,0.8030448445013936,0.8030448445013938
job_change,Random Forest,0,7,8,51,cat__city_city_126,0.5,0.3065897399790527,197,472.2090647695905,False,0.18902551549930371,0.8109744845006962,0.8109744845006963
job_change,Random Forest,0,8,9,46,cat__company_type_Early Stage Startup,0.5,0.30082304953917105,194,469.5446002355156,False,0.18442358258194477,0.815576417418055,0.8155764174180552
job_change,Random Forest,0,9,10,45,cat__city_city_74,0.5,0.27682619857740753,177,437.51142045830875,False,0.16595374465308485,0.8340462553469152,0.8340462553469152
job_change,Random Forest,0,10,11,42,cat__experience_3,0.5,0.2699453865528251,175,434.8469559242335,False,0.1608432416660588,0.8391567583339413,0.8391567583339413
job_change,Random Forest,0,11,12,41,cat__city_city_128,0.5,0.28243846766295266,159,391.4169508715008,False,0.1701807067976106,0.8298192932023896,0.8298192932023893
job_change,Random Forest,0,12,13,20,num__training_hours,17.5,0.28881967046999557,155,376.7160362031836,False,0.17505359708868573,0.8249464029113143,0.8249464029113143
job_change,Random Forest,0,13,14,19,cat__company_type_Public Sector,0.5,0.14161469823007478,26,78.17400909491856,False,0.07668847064488947,0.9233115293551105,0.9233115293551105
job_change,Random Forest,0,14,15,18,cat__experience_9,0.5,0.10196303486104907,24,74.1706894751053,False,0.05388512402131721,0.9461148759786827,0.9461148759786828
job_change,Random Forest,0,15,16,17,num__training_hours,5.0,0.11684864819070295,21,64.14583337882064,False,0.06230641322421834,0.9376935867757816,0.9376935867757816
job_change,Random Forest,0,16,-1,-1,leaf,,0.2771653159138717,4,12.023204496840995,True,0.1662076363320094,0.8337923636679906,0.8337923636679906
job_change,Random Forest,0,17,-1,-1,leaf,,0.07373891289112311,17,52.12262888197966,True,0.03833936321748377,0.9616606367825161,0.9616606367825162
job_change,Random Forest,0,18,-1,-1,leaf,,-1.3322676295501878e-15,3,10.024856096284667,True,0.0,1.0,1.0
job_change,Random Forest,0,19,-1,-1,leaf,,0.49999863159325086,2,4.0033196198132615,True,0.49917283413147584,0.5008271658685242,0.5008271658685242
job_change,Random Forest,0,20,21,40,cat__enrolled_university_Part time course,0.5,0.3209715999867323,129,298.54202710826473,False,0.20081076221455804,0.7991892377854419,0.7991892377854419
job_change,Random Forest,0,21,22,39,cat__company_type_NGO,0.5,0.31135536967143607,121,283.18824194382995,False,0.19288061740703832,0.8071193825929613,0.8071193825929616
job_change,Random Forest,0,22,23,36,cat__relevent_experience_No relevent experience,0.5,0.31936480716117266,116,270.4922984947695,False,0.19947113879127404,0.8005288612087259,0.8005288612087259
job_change,Random Forest,0,23,24,35,cat__company_size_10/49,0.5,0.3281179709095251,104,235.08880113776527,False,0.20684302064382426,0.793156979356176,0.7931569793561758
job_change,Random Forest,0,24,25,30,cat__company_size_10000+,0.5,0.36635412796555544,87,190.3199409992946,False,0.24149867308421405,0.7585013269157862,0.758501326915786
job_change,Random Forest,0,25,26,27,cat__company_type_Pvt Ltd,0.5,0.42859973734467216,61,113.49803262751547,False,0.3110552161935562,0.688944783806444,0.6889447838064439
job_change,Random Forest,0,26,-1,-1,leaf,,0.4796812130758181,2,3.3372034862944853,True,0.39920618341341135,0.6007938165865887,0.6007938165865887
job_change,Random Forest,0,27,28,29,cat__experience_17,0.5,0.4265672131901562,59,110.16082914122099,False,0.3083847777317214,0.6916152222682788,0.6916152222682787
job_change,Random Forest,0,28,-1,-1,leaf,,0.41644691212949014,57,108.16248074066465,True,0.2956068887284729,0.7043931112715273,0.7043931112715272
job_change,Random Forest,0,29,-1,-1,leaf,,-7.105427357601002e-15,2,1.9983484005563281,True,1.0,0.0,0.0
job_change,Random Forest,0,30,31,32,cat__gender_Male,0.5,0.2389746479940843,26,76.82190837177919,False,0.1387346183164544,0.8612653816835459,0.8612653816835456
job_change,Random Forest,0,31,-1,-1,leaf,,0.37437936987003884,2,5.342174705551419,True,0.249380138327026,0.750619861672974,0.750619861672974
job_change,Random Forest,0,32,33,34,cat__last_new_job_2,0.5,0.22688823110389456,24,71.47973366622779,False,0.13046531360635116,0.8695346863936488,0.8695346863936488
job_change,Random Forest,0,33,-1,-1,leaf,,0.24431953983676358,15,46.76058572032643,True,0.14245247856876628,0.8575475214312336,0.8575475214312337
job_change,Random Forest,0,34,-1,-1,leaf,,0.1923418433531967,9,24.719147945901376,True,0.10778949743358338,0.8922105025664164,0.8922105025664167
job_change,Random Forest,0,35,-1,-1,leaf,,0.11194773297243088,17,44.76886013847071,True,0.059516023544800525,0.9404839764551994,0.9404839764551994
job_change,Random Forest,0,36,37,38,cat__enrolled_university_no_enrollment,0.5,0.255727247794286,12,35.403497357004206,False,0.15051984877126656,0.8494801512287337,0.8494801512287334
job_change,Random Forest,0,37,-1,-1,leaf,,0.37437936987003884,6,18.697611469429965,True,0.249380138327026,0.750619861672974,0.750619861672974
job_change,Random Forest,0,38,-1,-1,leaf,,0.07656654615117253,6,16.705885887574244,True,0.03987314040102656,0.9601268595989734,0.9601268595989735
job_change,Random Forest,0,39,-1,-1,leaf,,0.09942815549070894,5,12.695943449060376,True,0.05246684787085084,0.9475331521291491,0.9475331521291491
job_change,Random Forest,0,40,-1,-1,leaf,,0.45322844978809484,8,15.353785164434875,True,0.34707591718125685,0.6529240828187433,0.6529240828187433
job_change,Random Forest,0,41,-1,-1,leaf,,0.08651619634647878,4,14.70091466831731,True,0.04531120331950208,0.954688796680498,0.954688796680498
job_change,Random Forest,0,42,43,44,cat__company_size_10/49,0.5,0.14161469823007033,16,43.43000505273254,False,0.07668847064488947,0.9233115293551106,0.9233115293551106
job_change,Random Forest,0,43,-1,-1,leaf,,0.12805269324492097,13,38.7539464806999,True,0.06875337290879656,0.9312466270912033,0.9312466270912034
job_change,Random Forest,0,44,-1,-1,leaf,,0.24431953983676347,3,4.676058572032643,True,0.1424524785687663,0.8575475214312337,0.8575475214312337
job_change,Random Forest,0,45,-1,-1,leaf,,2.1316282072803006e-14,2,2.6644645340751043,True,1.0,0.0,0.0
job_change,Random Forest,0,46,47,48,cat__enrolled_university_no_enrollment,0.5,0.49198265630549165,17,32.0331797772067,False,0.43668592694153363,0.5633140730584664,0.5633140730584664
job_change,Random Forest,0,47,-1,-1,leaf,,0.3396282784498542,7,15.36040798313548,True,0.2168289195997005,0.7831710804002995,0.7831710804002995
job_change,Random Forest,0,48,49,50,cat__education_level_High School,0.5,0.46122593150285907,10,16.672771794071217,False,0.6392373306573006,0.3607626693426994,0.3607626693426994
job_change,Random Forest,0,49,-1,-1,leaf,,0.42055525670800686,8,13.33556830777673,True,0.6993047205813162,0.3006952794186837,0.30069527941868374
job_change,Random Forest,0,50,-1,-1,leaf,,0.4796812130758181,2,3.3372034862944853,True,0.39920618341341135,0.6007938165865887,0.6007938165865887
job_change,Random Forest,0,51,-1,-1,leaf,,-1.0658141036401503e-14,3,2.6644645340751043,True,1.0,0.0,0.0
job_change,Random Forest,0,52,-1,-1,leaf,,1.2212453270876722e-14,2,4.662812934631432,True,1.0,0.0,0.0
job_change,Random Forest,0,53,54,129,num__city_development_index,0.9065000116825104,0.3396543793990997,990,1211.2006038533968,False,0.7831480360172871,0.21685196398271378,0.21685196398271359
job_change,Random Forest,0,54,55,128,cat__city_city_77,0.5,0.39904592253585713,515,655.3882129320118,False,0.7246709565833375,0.27532904341665815,0.27532904341665937
job_change,Random Forest,0,55,56,125,cat__company_size_5000-9999,0.5,0.4010640982386543,510,650.0592838638618,False,0.7224139179113443,0.2775860820886514,0.27758608208865254
job_change,Random Forest,0,56,57,122,cat__city_city_76,0.5,0.3829288410351186,481,606.0161452272142,False,0.7419412727966059,0.2580587272033917,0.2580587272033923
job_change,Random Forest,0,57,58,121,cat__city_city_150,0.5,0.3719405099397224,475,592.6607084633359,False,0.7530409947619933,0.2469590052380038,0.24695900523800451
job_change,Random Forest,0,58,59,82,num__training_hours,9.5,0.36428990648031223,473,585.9796786720462,False,0.7604900127833023,0.23950998721669567,0.23950998721669614
job_change,Random Forest,0,59,60,81,cat__city_city_173,0.5,0.49993323945566215,43,67.39031740330667,False,0.49422243371574587,0.5057775662842542,0.5057775662842542
job_change,Random Forest,0,60,61,78,cat__company_type_Public Sector,0.5,0.4979425363476093,41,64.05973673571279,False,0.4679261504306804,0.5320738495693196,0.5320738495693196
job_change,Random Forest,0,61,62,77,cat__major_discipline_Other,0.5,0.49828346115005595,37,55.37373572516629,False,0.5292962356792144,0.47070376432078553,0.4707037643207856
job_change,Random Forest,0,62,63,74,cat__experience_6,0.5,0.4997274673441733,34,53.37538732460996,False,0.5116733169199421,0.48832668308005767,0.4883266830800578
job_change,Random Forest,0,63,64,71,cat__relevent_experience_No relevent experience,0.5,0.4880439094322587,30,42.69103791350712,False,0.5773178199632578,0.4226821800367422,0.4226821800367422
job_change,Random Forest,0,64,65,70,cat__experience_5,0.5,0.49999863159325164,24,36.02987657831937,False,0.49917283413147556,0.5008271658685239,0.5008271658685242
job_change,Random Forest,0,65,66,69,cat__education_level_High School,0.5,0.49817157003506807,22,34.03152817776303,False,0.4697640117994099,0.5302359882005898,0.5302359882005899
job_change,Random Forest,0,66,67,68,cat__last_new_job_never,0.5,0.4999986315932522,18,28.02323733869283,False,0.4991728341314758,0.5008271658685242,0.5008271658685242
job_change,Random Forest,0,67,-1,-1,leaf,,0.49691358100655725,16,26.024888938136503,True,0.460716294768423,0.539283705231577,0.539283705231577
job_change,Random Forest,0,68,-1,-1,leaf,,0.0,2,1.9983484005563281,True,1.0,0.0,0.0
job_change,Random Forest,0,69,-1,-1,leaf,,0.4439534622127024,4,6.008290839070194,True,0.33259848001392356,0.6674015199860766,0.6674015199860766
job_change,Random Forest,0,70,-1,-1,leaf,,1.7763568394002505e-15,2,1.9983484005563281,True,1.0,0.0,0.0
job_change,Random Forest,0,71,72,73,cat__company_size_10000+,0.5,3.219646771412954e-15,6,6.661161335187761,False,1.0,0.0,0.0
job_change,Random Forest,0,72,-1,-1,leaf,,0.0,4,4.662812934631432,True,1.0,0.0,0.0
job_change,Random Forest,0,73,-1,-1,leaf,,0.0,2,1.9983484005563281,True,1.0,0.0,0.0
job_change,Random Forest,0,74,75,76,num__city_development_index,0.8710000216960907,0.37437936987003917,4,10.684349411102838,False,0.249380138327026,0.750619861672974,0.750619861672974
job_change,Random Forest,0,75,-1,-1,leaf,,0.4439534622127025,2,6.008290839070195,True,0.3325984800139235,0.6674015199860764,0.6674015199860764
job_change,Random Forest,0,76,-1,-1,leaf,,0.2443195398367629,2,4.676058572032643,True,0.1424524785687663,0.8575475214312337,0.8575475214312337
job_change,Random Forest,0,77,-1,-1,leaf,,0.0,3,1.9983484005563281,True,1.0,0.0,0.0
job_change,Random Forest,0,78,79,80,cat__last_new_job_1,0.5,0.14161469823007422,4,8.68600101054651,False,0.07668847064488944,0.9233115293551104,0.9233115293551105
job_change,Random Forest,0,79,-1,-1,leaf,,0.37437936987003884,2,2.6710873527757095,True,0.249380138327026,0.750619861672974,0.750619861672974
job_change,Random Forest,0,80,-1,-1,leaf,,5.551115123125783e-16,2,6.0149136577708,True,0.0,1.0,1.0
job_change,Random Forest,0,81,-1,-1,leaf,,-2.220446049250313e-15,2,3.3305806675938805,True,1.0,0.0,0.0
job_change,Random Forest,0,82,83,100,cat__relevent_experience_Has relevent experience,0.5,0.3258422556316428,430,518.589361268738,False,0.7950912946601121,0.2049087053398896,0.20490870533988925
job_change,Random Forest,0,83,84,99,cat__city_city_50,0.5,0.4923897759270135,67,96.0598024194164,False,0.5616855901851717,0.438314409814829,0.4383144098148287
job_change,Random Forest,0,84,85,98,cat__experience_12,0.5,0.4881511090393956,64,90.05151158034622,False,0.5769704195149147,0.423029580485086,0.4230295804850857
job_change,Random Forest,0,85,86,97,cat__company_type_Funded Startup,0.5,0.47485913390338974,62,82.70436565553786,False,0.6121179425796996,0.38788205742030135,0.387882057420301
job_change,Random Forest,0,86,87,96,cat__city_city_65,0.5,0.45892509423918426,60,78.694423217024,False,0.6433089420811121,0.35669105791888894,0.35669105791888855
job_change,Random Forest,0,87,88,95,cat__company_type_NGO,0.5,0.4506079629469696,58,76.0233358642483,False,0.6571496691899633,0.3428503308100377,0.3428503308100374
job_change,Random Forest,0,88,89,92,num__training_hours,83.0,0.41107706729001325,56,69.34230607295876,False,0.7108588778187744,0.28914112218122595,0.28914112218122584
job_change,Random Forest,0,89,90,91,cat__last_new_job_2,0.5,0.17279764779501605,40,41.978562049084125,False,0.9044764221836569,0.09552357781634291,0.09552357781634294
job_change,Random Forest,0,90,-1,-1,leaf,,0.18885813013902475,36,37.98186524797146,True,0.8944248153076675,0.10557518469233235,0.10557518469233237
job_change,Random Forest,0,91,-1,-1,leaf,,0.0,4,3.9966968011126567,True,1.0,0.0,0.0
job_change,Random Forest,0,92,93,94,cat__company_type_Public Sector,0.5,0.4851499166737623,16,27.363744023874663,False,0.4138313185483357,0.5861686814516642,0.5861686814516642
job_change,Random Forest,0,93,-1,-1,leaf,,0.4553578850634057,14,24.699279489799554,True,0.3505976657869855,0.6494023342130146,0.6494023342130146
job_change,Random Forest,0,94,-1,-1,leaf,,-2.6645352591003757e-15,2,2.6644645340751043,True,1.0,0.0,0.0
job_change,Random Forest,0,95,-1,-1,leaf,,0.17952400531111168,2,6.681029791289576,True,0.09970261386758493,0.9002973861324151,0.9002973861324151
job_change,Random Forest,0,96,-1,-1,leaf,,0.37437936987003395,2,2.6710873527757095,True,0.249380138327026,0.750619861672974,0.750619861672974
job_change,Random Forest,0,97,-1,-1,leaf,,-3.552713678800501e-15,2,4.009942438513867,True,0.0,1.0,1.0
job_change,Random Forest,0,98,-1,-1,leaf,,0.29689440279117973,2,7.347145924808352,True,0.18132650156561345,0.8186734984343865,0.8186734984343865
job_change,Random Forest,0,99,-1,-1,leaf,,0.44395346221270005,3,6.008290839070195,True,0.3325984800139235,0.6674015199860764,0.6674015199860764
job_change,Random Forest,0,100,101,120,cat__city_city_67,0.5,0.2575764495344586,363,422.52955884932237,False,0.8481548150360271,0.15184518496397437,0.15184518496397417
job_change,Random Forest,0,101,102,119,cat__city_city_165,0.5,0.2736837444628093,330,379.89150348542034,False,0.8363898449248953,0.16361015507510634,0.16361015507510607
job_change,Random Forest,0,102,103,114,cat__company_size_500-999,0.5,0.24361951332503062,325,367.2021828550607,False,0.8580366508298884,0.14196334917011189,0.14196334917011183
job_change,Random Forest,0,103,104,113,cat__last_new_job_4,0.5,0.23224121449999724,303,343.8682497258017,False,0.8658953303200267,0.13410466967997398,0.1341046696799739
job_change,Random Forest,0,104,105,112,cat__city_city_26,0.5,0.24890680945147714,278,316.5574882515321,False,0.8543255498468345,0.14567445015316668,0.14567445015316652
job_change,Random Forest,0,105,106,109,cat__company_size_1000-4999,0.5,0.25109737584015834,275,313.22690758393827,False,0.8527765752993255,0.1472234247006758,0.1472234247006756
job_change,Random Forest,0,106,107,108,cat__education_level_Masters,0.5,0.20650172688713897,227,257.2201698187565,False,0.8830784992092758,0.1169215007907244,0.11692150079072437
job_change,Random Forest,0,107,-1,-1,leaf,,0.08342741577557644,44,45.96863603149618,True,0.9563839306025265,0.043616069397473395,0.0436160693974734
job_change,Random Forest,0,108,-1,-1,leaf,,0.23043533724467047,183,211.25153378726034,True,0.8671271324455119,0.1328728675544879,0.13287286755448793
job_change,Random Forest,0,109,110,111,cat__experience_8,0.5,0.4087415377143899,48,56.00673776518206,False,0.7136099977594661,0.28639000224053357,0.2863900022405337
job_change,Random Forest,0,110,-1,-1,leaf,,0.4265770103439722,45,52.010040964069404,True,0.6916024395147775,0.308397560485222,0.3083975604852221
job_change,Random Forest,0,111,-1,-1,leaf,,0.0,3,3.9966968011126562,True,1.0,0.0,0.0
job_change,Random Forest,0,112,-1,-1,leaf,,0.0,3,3.33058066759388,True,1.0,0.0,0.0
job_change,Random Forest,0,113,-1,-1,leaf,,0.0,25,27.31076147426982,True,1.0,0.0,0.0
job_change,Random Forest,0,114,115,118,cat__city_city_136,0.5,0.3826544743428285,22,23.333933129258973,False,0.7422246123509905,0.2577753876490096,0.2577753876490096
job_change,Random Forest,0,115,116,117,cat__experience_>20,0.5,0.21173150398642826,17,16.659526156670005,False,0.8796501652927146,0.12034983470728544,0.12034983470728544
job_change,Random Forest,0,116,-1,-1,leaf,,0.0,13,12.656206536856743,True,1.0,0.0,0.0
job_change,Random Forest,0,117,-1,-1,leaf,,0.499998631593252,4,4.0033196198132615,True,0.49917283413147584,0.5008271658685242,0.5008271658685242
job_change,Random Forest,0,118,-1,-1,leaf,,0.4796812130758191,5,6.6744069725889705,True,0.39920618341341135,0.6007938165865887,0.6007938165865887
job_change,Random Forest,0,119,-1,-1,leaf,,0.33177323264572633,5,12.68932063035977,True,0.2099769256125701,0.79002307438743,0.79002307438743
job_change,Random Forest,0,120,-1,-1,leaf,,0.08962375746236928,33,42.63805536390229,True,0.9529769544566435,0.047023045543356505,0.047023045543356505
job_change,Random Forest,0,121,-1,-1,leaf,,0.17952400531111512,2,6.681029791289576,True,0.09970261386758493,0.9002973861324151,0.9002973861324151
job_change,Random Forest,0,122,123,124,cat__company_type_NGO,0.5,0.3743793698700477,6,13.355436763878547,False,0.24938013832702596,0.750619861672974,0.750619861672974
job_change,Random Forest,0,123,-1,-1,leaf,,0.3743793698700385,4,8.013262058327129,True,0.24938013832702596,0.7506198616729739,0.750619861672974
job_change,Random Forest,0,124,-1,-1,leaf,,0.37437936987003895,2,5.342174705551419,True,0.249380138327026,0.750619861672974,0.750619861672974
job_change,Random Forest,0,125,126,127,cat__education_level_Masters,0.5,0.49571729467551207,29,44.043138636646475,False,0.45372524811244613,0.546274751887554,0.5462747518875539
job_change,Random Forest,0,126,-1,-1,leaf,,0.2681955142251755,7,16.699263068873638,True,0.15955581531268265,0.8404441846873173,0.8404441846873173
job_change,Random Forest,0,127,-1,-1,leaf,,0.4644204182004238,22,27.343875567772848,True,0.6333783749330747,0.3666216250669249,0.3666216250669251
job_change,Random Forest,0,128,-1,-1,leaf,,-2.1316282072803006e-14,5,5.328929068150209,True,1.0,0.0,0.0
job_change,Random Forest,0,129,130,203,cat__last_new_job_1,0.5,0.2520490701596535,475,555.8123909213824,False,0.8521014980373808,0.14789850196261936,0.14789850196261933
job_change,Random Forest,0,130,131,188,cat__last_new_job_4,0.5,0.2885041101457182,217,275.2649107920692,False,0.8251890910334186,0.17481090896658077,0.17481090896658086
job_change,Random Forest,0,131,132,179,cat__company_type_Public Sector,0.5,0.2568333180490503,177,225.25984104725669,False,0.848688028150489,0.15131197184951117,0.15131197184951115
job_change,Random Forest,0,132,133,178,cat__city_city_61,0.5,0.2065439141204961,153,188.5837167915203,False,0.8830509665041348,0.11694903349586523,0.11694903349586523
job_change,Random Forest,0,133,134,177,cat__experience_13,0.5,0.21041092493464986,149,184.5870199904076,False,0.880518774218402,0.11948122578159817,0.11948122578159814
job_change,Random Forest,0,134,135,162,cat__last_new_job_never,0.5,0.21374294483403689,145,181.25643932281372,False,0.8783233109167102,0.12167668908329024,0.12167668908329018
job_change,Random Forest,0,135,136,145,cat__last_new_job_2,0.5,0.15582066977410147,116,141.256357218184,False,0.9148369138745359,0.08516308612546462,0.08516308612546458
job_change,Random Forest,0,136,137,138,num__city_development_index,0.9255000054836273,0.22739824948683274,25,30.654587779264908,False,0.8691894842172291,0.13081051578277084,0.13081051578277086
job_change,Random Forest,0,137,-1,-1,leaf,,0.0,9,11.323974269819193,True,1.0,0.0,0.0
job_change,Random Forest,0,138,139,140,cat__relevent_experience_Has relevent experience,0.5,0.32881729111185964,16,19.330613509445715,False,0.7925600014425591,0.20743999855744089,0.20743999855744089
job_change,Random Forest,0,139,-1,-1,leaf,,0.0,5,5.328929068150209,True,1.0,0.0,0.0
job_change,Random Forest,0,140,141,144,cat__experience_>20,0.5,0.40874153771440136,11,14.001684441295508,False,0.7136099977594663,0.28639000224053374,0.28639000224053374
job_change,Random Forest,0,141,142,143,num__training_hours,19.5,0.499998631593252,6,8.006639239626523,False,0.49917283413147584,0.5008271658685242,0.5008271658685242
job_change,Random Forest,0,142,-1,-1,leaf,,0.47968121307581824,3,3.3372034862944857,True,0.3992061834134113,0.6007938165865886,0.6007938165865887
job_change,Random Forest,0,143,-1,-1,leaf,,0.49002616933021537,3,4.669435753332038,True,0.5706180949537175,0.42938190504628243,0.42938190504628243
job_change,Random Forest,0,144,-1,-1,leaf,,-6.661338147750939e-16,5,5.995045201668985,True,1.0,0.0,0.0
job_change,Random Forest,0,145,146,147,cat__relevent_experience_Has relevent experience,0.5,0.13450692776308948,91,110.60176943891916,False,0.927488638584062,0.07251136141593818,0.07251136141593817
job_change,Random Forest,0,146,-1,-1,leaf,,0.0,16,18.651251738525726,True,1.0,0.0,0.0
job_change,Random Forest,0,147,148,159,cat__city_city_114,0.5,0.1592246379212673,75,91.95051770039348,False,0.9127804271514895,0.08721957284851062,0.0872195728485106
job_change,Random Forest,0,148,149,150,cat__major_discipline_STEM,0.5,0.13450692776309048,49,55.300884719459646,False,0.927488638584062,0.0725113614159381,0.07251136141593809
job_change,Random Forest,0,149,-1,-1,leaf,,0.0,4,5.328929068150209,True,1.0,0.0,0.0
job_change,Random Forest,0,150,151,158,cat__experience_4,0.5,0.1476095599949302,45,49.97195565130942,False,0.9197561434958812,0.0802438565041189,0.0802438565041189
job_change,Random Forest,0,151,152,155,cat__company_size_100-500,0.5,0.1551570845006487,43,47.30749111723431,False,0.9152366286223743,0.08476337137762582,0.08476337137762581
job_change,Random Forest,0,152,153,154,cat__company_type_Pvt Ltd,0.5,0.0983888776361721,35,38.64135856278962,False,0.948113335197597,0.05188666480240309,0.05188666480240309
job_change,Random Forest,0,153,-1,-1,leaf,,0.0,6,5.995045201668985,True,1.0,0.0,0.0
job_change,Random Forest,0,154,-1,-1,leaf,,0.1152862818507473,29,32.64631336112063,True,0.9385850648102672,0.06141493518973285,0.06141493518973285
job_change,Random Forest,0,155,156,157,cat__city_city_160,0.5,0.3556619750418166,8,8.666132554444694,False,0.7686429088568901,0.23135709114310996,0.23135709114310996
job_change,Random Forest,0,156,-1,-1,leaf,,0.3972904046610477,6,7.3339002874071415,True,0.7266159695817491,0.27338403041825093,0.27338403041825093
job_change,Random Forest,0,157,-1,-1,leaf,,-1.3322676295501878e-15,2,1.3322322670375522,True,1.0,0.0,0.0
job_change,Random Forest,0,158,-1,-1,leaf,,0.0,2,2.6644645340751043,True,1.0,0.0,0.0
job_change,Random Forest,0,159,160,161,cat__experience_8,0.5,0.19488342653333457,26,36.649632980933895,False,0.8905871051805636,0.10941289481943638,0.10941289481943638
job_change,Random Forest,0,160,-1,-1,leaf,,0.0,23,31.307458275382476,True,1.0,0.0,0.0
job_change,Random Forest,0,161,-1,-1,leaf,,0.3743793698700387,3,5.342174705551419,True,0.249380138327026,0.750619861672974,0.750619861672974
job_change,Random Forest,0,162,163,176,cat__company_size_<10,0.5,0.37562011697497255,29,40.00008210462959,False,0.7493791120212626,0.2506208879787373,0.25062088797873733
job_change,Random Forest,0,163,164,165,cat__relevent_experience_Has relevent experience,0.5,0.41579005272390757,24,34.00503690296061,False,0.705194964943212,0.29480503505678785,0.2948050350567879
job_change,Random Forest,0,164,-1,-1,leaf,,0.0,4,2.6644645340751043,True,1.0,0.0,0.0
job_change,Random Forest,0,165,166,175,cat__city_city_16,0.5,0.43510515261272653,20,31.340572368885496,False,0.6801316843135511,0.319868315686449,0.319868315686449
job_change,Random Forest,0,166,167,172,cat__experience_>20,0.5,0.47817104459369353,17,25.345527167216513,False,0.6044723777041244,0.3955276222958756,0.3955276222958756
job_change,Random Forest,0,167,168,171,cat__gender_Female,0.5,0.4973300756612328,11,18.68436583202875,False,0.46346286588437235,0.536537134115628,0.5365371341156278
job_change,Random Forest,0,168,169,170,cat__city_city_114,0.5,0.4796812130758178,9,16.68601743147243,False,0.3992061834134113,0.6007938165865886,0.6007938165865887
job_change,Random Forest,0,169,-1,-1,leaf,,0.0,3,2.6644645340751043,True,1.0,0.0,0.0
job_change,Random Forest,0,170,-1,-1,leaf,,0.40758398981517374,6,14.021552897397322,True,0.2850395266742903,0.7149604733257098,0.7149604733257098
job_change,Random Forest,0,171,-1,-1,leaf,,-8.881784197001252e-16,2,1.9983484005563281,True,1.0,0.0,0.0
job_change,Random Forest,0,172,173,174,num__training_hours,38.0,1.5543122344752192e-15,6,6.661161335187761,False,1.0,0.0,0.0
job_change,Random Forest,0,173,-1,-1,leaf,,0.0,2,1.3322322670375522,True,1.0,0.0,0.0
job_change,Random Forest,0,174,-1,-1,leaf,,0.0,4,5.328929068150209,True,1.0,0.0,0.0
job_change,Random Forest,0,175,-1,-1,leaf,,-6.661338147750939e-16,3,5.995045201668985,True,1.0,0.0,0.0
job_change,Random Forest,0,176,-1,-1,leaf,,4.773959005888173e-15,5,5.995045201668985,True,1.0,0.0,0.0
job_change,Random Forest,0,177,-1,-1,leaf,,0.0,4,3.3305806675938805,True,1.0,0.0,0.0
job_change,Random Forest,0,178,-1,-1,leaf,,0.0,4,3.9966968011126562,True,1.0,0.0,0.0
job_change,Random Forest,0,179,180,187,cat__company_size_500-999,0.5,0.4408330985037253,24,36.67612425573631,False,0.6719984033301969,0.32800159666980294,0.328001596669803
job_change,Random Forest,0,180,181,182,num__city_development_index,0.9244999885559082,0.3808779640637109,22,31.333949550184894,False,0.7440512609435662,0.2559487390564338,0.2559487390564338
job_change,Random Forest,0,181,-1,-1,leaf,,0.0,10,10.657858136300417,True,1.0,0.0,0.0
job_change,Random Forest,0,182,183,186,cat__company_size_1000-4999,0.5,0.47485913390339085,12,20.676091413884475,False,0.612117942579699,0.38788205742030113,0.38788205742030113
job_change,Random Forest,0,183,184,185,cat__experience_4,0.5,0.47968121307581835,7,13.348813945177941,False,0.39920618341341135,0.6007938165865887,0.6007938165865887
job_change,Random Forest,0,184,-1,-1,leaf,,0.41465865753107556,5,11.350465544621613,True,0.2934311949144735,0.7065688050855266,0.7065688050855266
job_change,Random Forest,0,185,-1,-1,leaf,,-8.881784197001252e-16,2,1.9983484005563281,True,1.0,0.0,0.0
job_change,Random Forest,0,186,-1,-1,leaf,,-1.5543122344752192e-15,5,7.327277468706537,True,1.0,0.0,0.0
job_change,Random Forest,0,187,-1,-1,leaf,,0.3743793698700384,2,5.342174705551419,True,0.249380138327026,0.750619861672974,0.750619861672974
job_change,Random Forest,0,188,189,190,cat__enrolled_university_no_enrollment,0.5,0.4037865198038192,40,50.00506974481246,False,0.7193324875573337,0.2806675124426661,0.28066751244266613
job_change,Random Forest,0,189,-1,-1,leaf,,0.4796812130758181,5,6.6744069725889705,True,0.39920618341341135,0.6007938165865887,0.6007938165865887
job_change,Random Forest,0,190,191,202,cat__major_discipline_Humanities,0.5,0.3556619750418176,35,43.330662772223484,False,0.76864290885689,0.2313570911431099,0.23135709114310993
job_change,Random Forest,0,191,192,201,cat__experience_7,0.5,0.3166784304720075,33,40.65957541944777,False,0.8027553216113572,0.1972446783886426,0.19724467838864265
job_change,Random Forest,0,192,193,200,cat__company_size_100-500,0.5,0.33304672203066854,30,37.99511088537267,False,0.7889232406447526,0.21107675935524703,0.2110767593552471
job_change,Random Forest,0,193,194,197,num__training_hours,35.5,0.3687772305362227,20,24.66616539629653,False,0.7561471934882141,0.24385280651178562,0.24385280651178567
job_change,Random Forest,0,194,195,196,cat__company_type_Pvt Ltd,0.5,0.49002616933021537,9,14.008307259996112,False,0.5706180949537176,0.42938190504628243,0.42938190504628243
job_change,Random Forest,0,195,-1,-1,leaf,,0.37437936987003884,2,2.6710873527757095,True,0.249380138327026,0.750619861672974,0.750619861672974
job_change,Random Forest,0,196,-1,-1,leaf,,0.45719095569481527,7,11.337219907220405,True,0.6463028439661799,0.35369715603382007,0.35369715603382007
job_change,Random Forest,0,197,198,199,cat__company_type_Pvt Ltd,0.5,1.3322676295501878e-15,11,10.657858136300415,False,1.0,0.0,0.0
job_change,Random Forest,0,198,-1,-1,leaf,,0.0,2,1.3322322670375522,True,1.0,0.0,0.0
job_change,Random Forest,0,199,-1,-1,leaf,,0.0,9,9.325625869262865,True,1.0,0.0,0.0
job_change,Random Forest,0,200,-1,-1,leaf,,0.25559092440438214,10,13.328945489076125,True,0.8495776563194647,0.1504223436805356,0.15042234368053556
job_change,Random Forest,0,201,-1,-1,leaf,,2.6645352591003757e-15,3,2.6644645340751043,True,1.0,0.0,0.0
job_change,Random Forest,0,202,-1,-1,leaf,,0.37437936987003717,2,2.6710873527757095,True,0.249380138327026,0.750619861672974,0.750619861672974
job_change,Random Forest,0,203,204,249,cat__experience_1,0.5,0.21346466295816047,258,280.54748012931464,False,0.8785071578199293,0.12149284218007256,0.12149284218007234
job_change,Random Forest,0,204,205,240,cat__company_type_Public Sector,0.5,0.14274518175047712,246,259.18540412580995,False,0.9226433592578497,0.07735664074215035,0.07735664074215035
job_change,Random Forest,0,205,206,239,cat__experience_6,0.5,0.09812239066173756,227,232.51426751025653,False,0.9482619821813261,0.051738017818674056,0.05173801781867404
job_change,Random Forest,0,206,207,220,cat__education_level_Masters,0.5,0.10141835838416802,218,224.5208739080312,False,0.9464200049369605,0.05357999506303938,0.053579995063039385
job_change,Random Forest,0,207,208,211,cat__company_size_<10,0.5,0.053224070878444496,77,73.27939750576597,False,0.9726393599360698,0.027360640063930283,0.027360640063930283
job_change,Random Forest,0,208,209,210,cat__company_size_1000-4999,0.5,7.771561172376096e-16,57,55.287639082058455,False,1.0,0.0,0.0
job_change,Random Forest,0,209,-1,-1,leaf,,0.0,51,48.62647774687067,True,1.0,0.0,0.0
job_change,Random Forest,0,210,-1,-1,leaf,,0.0,6,6.661161335187761,True,1.0,0.0,0.0
job_change,Random Forest,0,211,212,219,cat__enrolled_university_Part time course,0.5,0.19803963188122953,20,17.991758423707555,False,0.888561686298822,0.11143831370117795,0.11143831370117795
job_change,Random Forest,0,212,213,218,cat__enrolled_university_Full time course,0.5,0.23610434172830397,17,14.661177756113673,False,0.8632462376072848,0.1367537623927154,0.13675376239271536
job_change,Random Forest,0,213,214,215,cat__city_city_16,0.5,0.33737132691107174,9,9.332248687963467,False,0.7851566877077656,0.21484331229223477,0.2148433122922347
job_change,Random Forest,0,214,-1,-1,leaf,,-1.7763568394002505e-15,5,3.9966968011126562,True,1.0,0.0,0.0
job_change,Random Forest,0,215,216,217,num__training_hours,55.5,0.46913669073069186,4,5.335551886850814,False,0.6242242111452276,0.3757757888547723,0.3757757888547723
job_change,Random Forest,0,216,-1,-1,leaf,,0.0,2,2.6644645340751043,True,1.0,0.0,0.0
job_change,Random Forest,0,217,-1,-1,leaf,,0.37437936987003884,2,2.6710873527757095,True,0.249380138327026,0.750619861672974,0.750619861672974
job_change,Random Forest,0,218,-1,-1,leaf,,-6.661338147750939e-16,8,5.328929068150209,True,1.0,0.0,0.0
job_change,Random Forest,0,219,-1,-1,leaf,,2.220446049250313e-15,3,3.3305806675938805,True,1.0,0.0,0.0
job_change,Random Forest,0,220,221,236,cat__experience_7,0.5,0.12378047353381638,141,151.24147640226508,False,0.9337162243138845,0.06628377568611549,0.06628377568611549
job_change,Random Forest,0,221,222,233,cat__company_size_10/49,0.5,0.1366306144393985,127,135.92080533133318,False,0.926244874198272,0.07375512580172804,0.07375512580172804
job_change,Random Forest,0,222,223,224,cat__experience_>20,0.5,0.09284074600699432,116,123.25135315707529,False,0.9511979909047716,0.04880200909522843,0.04880200909522843
job_change,Random Forest,0,223,-1,-1,leaf,,0.0,85,87.92732962447845,True,1.0,0.0,0.0
job_change,Random Forest,0,224,225,232,cat__company_size_<10,0.5,0.28256716306992546,31,35.32402353259695,False,0.8297217288336294,0.17027827116637062,0.17027827116637062
job_change,Random Forest,0,225,226,227,num__training_hours,88.5,0.32063533296160773,27,29.99509446444674,False,0.7994700878538558,0.20052991214614416,0.20052991214614418
job_change,Random Forest,0,226,-1,-1,leaf,,0.17037913048205555,21,21.322339091301437,True,0.9059685144921614,0.09403148550783869,0.09403148550783869
job_change,Random Forest,0,227,228,229,num__city_development_index,0.9150000214576721,0.4971665869056826,6,8.6727553731453,False,0.5376391624130863,0.46236083758691365,0.46236083758691365
job_change,Random Forest,0,228,-1,-1,leaf,,0.0,2,4.009942438513867,True,0.0,1.0,1.0
job_change,Random Forest,0,229,230,231,num__city_development_index,0.9230000078678131,4.440892098500626e-16,4,4.662812934631432,False,1.0,0.0,0.0
job_change,Random Forest,0,230,-1,-1,leaf,,0.0,2,2.6644645340751043,True,1.0,0.0,0.0
job_change,Random Forest,0,231,-1,-1,leaf,,0.0,2,1.9983484005563281,True,1.0,0.0,0.0
job_change,Random Forest,0,232,-1,-1,leaf,,1.2212453270876722e-15,4,5.328929068150209,True,1.0,0.0,0.0
job_change,Random Forest,0,233,234,235,num__training_hours,53.5,0.43265902384859034,11,12.669452174257952,False,0.6834951990535673,0.3165048009464331,0.3165048009464329
job_change,Random Forest,0,234,-1,-1,leaf,,-6.661338147750939e-16,7,6.661161335187761,True,1.0,0.0,0.0
job_change,Random Forest,0,235,-1,-1,leaf,,0.44395346221270204,4,6.008290839070195,True,0.3325984800139235,0.6674015199860764,0.6674015199860764
job_change,Random Forest,0,236,237,238,num__city_development_index,0.9115000069141388,1.7763568394002505e-15,14,15.320671070931846,False,1.0,0.0,0.0
job_change,Random Forest,0,237,-1,-1,leaf,,0.0,4,3.9966968011126562,True,1.0,0.0,0.0
job_change,Random Forest,0,238,-1,-1,leaf,,0.0,10,11.323974269819189,True,1.0,0.0,0.0
job_change,Random Forest,0,239,-1,-1,leaf,,0.0,9,7.993393602225313,True,1.0,0.0,0.0
job_change,Random Forest,0,240,241,246,cat__enrolled_university_no_enrollment,0.5,0.42055525670800487,19,26.671136615553465,False,0.6993047205813162,0.3006952794186836,0.3006952794186837
job_change,Random Forest,0,241,242,245,cat__company_size_500-999,0.5,0.49999863159325153,10,16.013278479253046,False,0.4991728341314759,0.5008271658685242,0.5008271658685242
job_change,Random Forest,0,242,243,244,cat__company_size_100-500,0.5,0.49571729467549064,8,14.681046212215493,False,0.453725248112446,0.546274751887554,0.546274751887554
job_change,Random Forest,0,243,-1,-1,leaf,,2.220446049250313e-16,5,5.995045201668985,True,1.0,0.0,0.0
job_change,Random Forest,0,244,-1,-1,leaf,,0.14161469823007444,3,8.686001010546509,True,0.07668847064488946,0.9233115293551106,0.9233115293551106
job_change,Random Forest,0,245,-1,-1,leaf,,-2.6645352591003757e-15,2,1.3322322670375522,True,1.0,0.0,0.0
job_change,Random Forest,0,246,247,248,num__city_development_index,0.9230000078678131,1.9984014443252818e-15,9,10.657858136300417,False,1.0,0.0,0.0
job_change,Random Forest,0,247,-1,-1,leaf,,0.0,3,3.3305806675938805,True,1.0,0.0,0.0
job_change,Random Forest,0,248,-1,-1,leaf,,0.0,6,7.327277468706537,True,1.0,0.0,0.0
job_change,Random Forest,0,249,250,257,cat__company_type_Funded Startup,0.5,0.4507045105334283,12,21.36207600350507,False,0.34300399771559115,0.6569960022844089,0.6569960022844089
job_change,Random Forest,0,250,251,256,cat__city_city_114,0.5,0.4587486443121068,10,18.69098865072936,False,0.3563835739062326,0.6436164260937675,0.6436164260937675
job_change,Random Forest,0,251,252,255,cat__enrolled_university_Full time course,0.5,0.40261255503348337,7,16.69264025017303,False,0.27933345862306586,0.7206665413769342,0.7206665413769342
job_change,Random Forest,0,252,253,254,cat__company_size_10/49,0.5,0.4957172946754904,5,7.340523106107748,False,0.45372524811244597,0.5462747518875539,0.546274751887554
job_change,Random Forest,0,253,-1,-1,leaf,,0.0,2,4.009942438513867,True,0.0,1.0,1.0
job_change,Random Forest,0,254,-1,-1,leaf,,1.1102230246251565e-16,3,3.33058066759388,True,1.0,0.0,0.0
job_change,Random Forest,0,255,-1,-1,leaf,,0.2443195398367629,2,9.352117144065286,True,0.1424524785687663,0.8575475214312337,0.8575475214312337
job_change,Random Forest,0,256,-1,-1,leaf,,2.6645352591003757e-15,3,1.9983484005563281,True,1.0,0.0,0.0
job_change,Random Forest,0,257,-1,-1,leaf,,0.37437936987003917,2,2.6710873527757095,True,0.249380138327026,0.750619861672974,0.750619861672974
job_change,Random Forest,0,258,-1,-1,leaf,,0.0,13,16.6529033379694,True,1.0,0.0,0.0
job_change,Random Forest,0,259,260,317,cat__enrolled_university_Part time course,0.5,0.3736761998295679,211,257.99887387018566,False,0.751320313713834,0.24867968628616588,0.2486796862861659
job_change,Random Forest,0,260,261,316,cat__experience_10,0.5,0.38220922946495006,204,249.33936413444152,False,0.7426837144670513,0.2573162855329488,0.2573162855329488
job_change,Random Forest,0,261,262,315,cat__experience_9,0.5,0.3571368703359916,189,223.9872141485243,False,0.7672668419987865,0.23273315800121397,0.23273315800121386
job_change,Random Forest,0,262,263,306,cat__major_discipline_Humanities,0.5,0.35187345663903724,185,219.983894528711,False,0.7721456809881084,0.227854319011892,0.22785431901189188
job_change,Random Forest,0,263,264,301,cat__company_type_Public Sector,0.5,0.3145176485709015,161,184.63337972131163,False,0.8045343588407537,0.19546564115924653,0.19546564115924647
job_change,Random Forest,0,264,265,298,cat__company_size_1000-4999,0.5,0.25824483670555576,141,157.94899746835696,False,0.847674534079248,0.1523254659207523,0.15232546592075227
job_change,Random Forest,0,265,266,275,cat__education_level_Masters,0.5,0.2829526471323558,118,129.299380908349,False,0.8294293193293851,0.17057068067061543,0.17057068067061534
job_change,Random Forest,0,266,267,274,cat__experience_18,0.5,0.22739824948683274,28,30.654587779264908,False,0.8691894842172291,0.13081051578277084,0.13081051578277086
job_change,Random Forest,0,267,268,269,num__training_hours,67.0,0.1391406593123018,25,26.651268159451643,False,0.9247701382440262,0.07522986175597379,0.07522986175597379
job_change,Random Forest,0,268,-1,-1,leaf,,0.0,17,15.986787204450623,True,1.0,0.0,0.0
job_change,Random Forest,0,269,270,271,cat__relevent_experience_Has relevent experience,0.5,0.30531771069517066,8,10.664480955001022,False,0.8119954240889034,0.1880045759110966,0.1880045759110966
job_change,Random Forest,0,270,-1,-1,leaf,,0.0,2,2.6644645340751043,True,1.0,0.0,0.0
job_change,Random Forest,0,271,272,273,num__training_hours,87.0,0.3756201169749731,6,8.000016420925919,False,0.7493791120212626,0.2506208879787373,0.25062088797873733
job_change,Random Forest,0,272,-1,-1,leaf,,0.49999863159325175,2,4.0033196198132615,True,0.49917283413147584,0.5008271658685242,0.5008271658685242
job_change,Random Forest,0,273,-1,-1,leaf,,2.220446049250313e-16,4,3.9966968011126562,True,1.0,0.0,0.0
job_change,Random Forest,0,274,-1,-1,leaf,,0.499998631593252,3,4.0033196198132615,True,0.49917283413147584,0.5008271658685242,0.5008271658685242
job_change,Random Forest,0,275,276,291,num__training_hours,96.5,0.29892871691936185,90,98.64479312908423,False,0.8170735585638115,0.18292644143618894,0.18292644143618886
job_change,Random Forest,0,276,277,278,num__training_hours,3.5,0.11639600219770352,69,64.62651058872254,False,0.9379520509155632,0.06204794908443672,0.062047949084436727
job_change,Random Forest,0,277,-1,-1,leaf,,0.4796812130758181,2,3.3372034862944853,True,0.39920618341341135,0.6007938165865887,0.6007938165865887
job_change,Random Forest,0,278,279,290,cat__last_new_job_2,0.5,0.06328614975985258,67,61.28930710242803,False,0.9672867696822518,0.032713230317748275,0.032713230317748275
job_change,Random Forest,0,279,280,281,cat__enrolled_university_no_enrollment,0.5,0.08580047066542118,46,44.63640376445861,False,0.9550821515586931,0.04491784844130691,0.04491784844130691
job_change,Random Forest,0,280,-1,-1,leaf,,0.0,2,1.9983484005563281,True,1.0,0.0,0.0
job_change,Random Forest,0,281,282,289,cat__company_type_NGO,0.5,0.08962375746236773,44,42.638055363902275,False,0.9529769544566435,0.04702304554335652,0.04702304554335652
job_change,Random Forest,0,282,283,288,cat__last_new_job_never,0.5,0.09236714948766767,42,41.30582309686472,False,0.951460325229323,0.048539674770677034,0.048539674770677034
job_change,Random Forest,0,283,284,287,cat__company_size_500-999,0.5,0.09681125074243602,40,39.3074746963084,False,0.9489926220204312,0.05100737797956866,0.05100737797956867
job_change,Random Forest,0,284,285,286,cat__experience_18,0.5,3.3306690738754696e-16,36,35.30415507649513,False,1.0,0.0,0.0
job_change,Random Forest,0,285,-1,-1,leaf,,0.0,32,31.307458275382466,True,1.0,0.0,0.0
job_change,Random Forest,0,286,-1,-1,leaf,,0.0,4,3.9966968011126562,True,1.0,0.0,0.0
job_change,Random Forest,0,287,-1,-1,leaf,,0.4999986315932511,4,4.0033196198132615,True,0.49917283413147584,0.5008271658685242,0.5008271658685242
job_change,Random Forest,0,288,-1,-1,leaf,,0.0,2,1.9983484005563281,True,1.0,0.0,0.0
job_change,Random Forest,0,289,-1,-1,leaf,,0.0,2,1.3322322670375522,True,1.0,0.0,0.0
job_change,Random Forest,0,290,-1,-1,leaf,,0.0,21,16.6529033379694,True,1.0,0.0,0.0
job_change,Random Forest,0,291,292,297,cat__last_new_job_3,0.5,0.4847107123984611,21,34.01828254036182,False,0.5874336537082198,0.4125663462917802,0.4125663462917802
job_change,Random Forest,0,292,293,296,cat__experience_4,0.5,0.4498523958378331,19,29.342223968329176,False,0.6583470936932013,0.34165290630679856,0.3416529063067986
job_change,Random Forest,0,293,294,295,num__training_hours,120.0,0.48240432609667394,15,24.67941103369774,False,0.5937967854015422,0.4062032145984576,0.4062032145984577
job_change,Random Forest,0,294,-1,-1,leaf,,0.464967751605338,7,12.682697811659164,True,0.36765150474096475,0.6323484952590354,0.6323484952590354
job_change,Random Forest,0,295,-1,-1,leaf,,0.27839074645756,8,11.996713222038574,True,0.832873289362815,0.1671267106371851,0.1671267106371851
job_change,Random Forest,0,296,-1,-1,leaf,,1.6653345369377348e-15,4,4.662812934631432,True,1.0,0.0,0.0
job_change,Random Forest,0,297,-1,-1,leaf,,0.24431953983676313,2,4.676058572032643,True,0.1424524785687663,0.8575475214312337,0.8575475214312337
job_change,Random Forest,0,298,299,300,cat__experience_15,0.5,0.13016986506646322,23,28.649616560007974,False,0.9300175199532801,0.06998248004671988,0.06998248004671988
job_change,Random Forest,0,299,-1,-1,leaf,,0.15319947307195148,18,23.98680362537654,True,0.916413572622248,0.08358642737775195,0.08358642737775196
job_change,Random Forest,0,300,-1,-1,leaf,,0.0,5,4.662812934631432,True,1.0,0.0,0.0
job_change,Random Forest,0,301,302,303,cat__last_new_job_2,0.5,0.49516246432158995,20,26.684382252954677,False,0.5491809702954775,0.45081902970452226,0.45081902970452237
job_change,Random Forest,0,302,-1,-1,leaf,,0.48673160151180417,15,20.689337051285687,True,0.41854940611574437,0.5814505938842558,0.5814505938842557
job_change,Random Forest,0,303,304,305,cat__company_size_10000+,0.5,1.2212453270876722e-15,5,5.995045201668985,False,1.0,0.0,0.0
job_change,Random Forest,0,304,-1,-1,leaf,,0.0,3,4.662812934631432,True,1.0,0.0,0.0
job_change,Random Forest,0,305,-1,-1,leaf,,0.0,2,1.3322322670375522,True,1.0,0.0,0.0
job_change,Random Forest,0,306,307,314,cat__last_new_job_2,0.5,0.4787895067903638,24,35.35051480739938,False,0.6029817780231913,0.39701822197680825,0.3970182219768084
job_change,Random Forest,0,307,308,313,cat__company_size_<10,0.5,0.4990406263607343,19,29.355469605730384,False,0.5219017538026762,0.4780982461973235,0.4780982461973236
job_change,Random Forest,0,308,309,312,cat__company_size_100-500,0.5,0.49966086740813,17,27.357121205174053,False,0.48697823760256853,0.5130217623974314,0.5130217623974315
job_change,Random Forest,0,309,310,311,cat__gender_Female,0.5,0.4858418292615929,13,24.02654053758018,False,0.4158626992992788,0.584137300700721,0.5841373007007211
job_change,Random Forest,0,310,-1,-1,leaf,,0.4683612245859736,9,16.019901297953652,True,0.3742248525860006,0.6257751474139993,0.6257751474139994
job_change,Random Forest,0,311,-1,-1,leaf,,0.499998631593252,4,8.006639239626523,True,0.49917283413147584,0.5008271658685242,0.5008271658685242
job_change,Random Forest,0,312,-1,-1,leaf,,2.220446049250313e-15,4,3.3305806675938805,True,1.0,0.0,0.0
job_change,Random Forest,0,313,-1,-1,leaf,,0.0,2,1.9983484005563281,True,1.0,0.0,0.0
job_change,Random Forest,0,314,-1,-1,leaf,,5.551115123125783e-16,5,5.995045201668985,True,1.0,0.0,0.0
job_change,Random Forest,0,315,-1,-1,leaf,,0.49999863159325175,4,4.0033196198132615,True,0.49917283413147584,0.5008271658685242,0.5008271658685242
job_change,Random Forest,0,316,-1,-1,leaf,,0.49870043383659135,15,25.352149985917123,True,0.5254908430951987,0.4745091569048011,0.4745091569048012
job_change,Random Forest,0,317,-1,-1,leaf,,-1.9761969838327786e-14,7,8.659509735744088,True,1.0,0.0,0.0
job_change,Random Forest,0,318,319,578,cat__city_city_50,0.5,0.4994546350396746,1573,2530.896572229485,False,0.4834868997416446,0.5165131002583684,0.5165131002583617
job_change,Random Forest,0,319,320,563,cat__education_level_Primary School,0.5,0.49923551256061316,1558,2512.2386976722605,False,0.48044894581648684,0.5195510541835262,0.5195510541835194
job_change,Random Forest,0,320,321,444,cat__education_level_Masters,0.5,0.4970539917175192,1420,2327.5523354013535,False,0.4616202639243828,0.5383797360756274,0.5383797360756218
job_change,Random Forest,0,321,322,359,num__city_development_index,0.6944999992847443,0.49943078712851463,725,1112.1905099875646,False,0.5168702826219316,0.48312971737806626,0.4831297173780673
job_change,Random Forest,0,322,323,356,cat__city_city_11,0.5,0.37892382252198376,164,327.8710054391928,False,0.25395510828507617,0.7460448917149233,0.7460448917149237
job_change,Random Forest,0,323,324,351,cat__experience_1,0.5,0.3887275294254744,153,305.1568287125483,False,0.2641266541398475,0.7358733458601523,0.7358733458601524
job_change,Random Forest,0,324,325,350,cat__city_city_145,0.5,0.3945445658316662,143,285.78647829089886,False,0.2703748335130338,0.7296251664869663,0.7296251664869663
job_change,Random Forest,0,325,326,341,cat__experience_3,0.5,0.3998161296225662,140,279.77156463312826,False,0.2761877233288647,0.7238122766711347,0.7238122766711351
job_change,Random Forest,0,326,327,334,cat__last_new_job_never,0.5,0.35849917879542503,108,227.72178675685518,False,0.2340105065941738,0.765989493405826,0.7659894934058262
job_change,Random Forest,0,327,328,333,cat__last_new_job_2,0.5,0.40758398981517385,32,70.10776448698661,False,0.28503952667429017,0.7149604733257097,0.7149604733257098
job_change,Random Forest,0,328,329,330,cat__experience_2,0.5,0.34116070204041005,27,64.11271928531764,False,0.21818508027466818,0.7818149197253316,0.7818149197253318
job_change,Random Forest,0,329,-1,-1,leaf,,0.3629268065305191,20,44.74236886366829,True,0.2382050483016516,0.7617949516983483,0.7617949516983484
job_change,Random Forest,0,330,331,332,num__training_hours,30.0,0.284756159808052,7,19.37035042164935,False,0.17194220006838098,0.828057799931619,0.828057799931619
job_change,Random Forest,0,331,-1,-1,leaf,,0.0,2,10.024856096284665,True,0.0,1.0,1.0
job_change,Random Forest,0,332,-1,-1,leaf,,0.45874864431210705,5,9.34549432536468,True,0.35638357390623254,0.6436164260937675,0.6436164260937675
job_change,Random Forest,0,333,-1,-1,leaf,,-4.6629367034256575e-15,5,5.995045201668985,True,1.0,0.0,0.0
job_change,Random Forest,0,334,335,340,cat__experience_2,0.5,0.33331900776190837,76,157.6140222698685,False,0.21131245936298887,0.7886875406370115,0.7886875406370112
job_change,Random Forest,0,335,336,337,cat__experience_4,0.5,0.36494190841274254,56,108.18234919676642,False,0.24013648622088504,0.7598635137791157,0.7598635137791151
job_change,Random Forest,0,336,-1,-1,leaf,,0.3914857288635569,45,84.80205633660329,True,0.2670683886454627,0.7329316113545375,0.7329316113545374
job_change,Random Forest,0,337,338,339,num__city_development_index,0.601500004529953,0.24431953983676125,11,23.38029286016321,False,0.14245247856876636,0.8575475214312339,0.8575475214312337
job_change,Random Forest,0,338,-1,-1,leaf,,0.37437936987003884,3,5.342174705551419,True,0.249380138327026,0.750619861672974,0.750619861672974
job_change,Random Forest,0,339,-1,-1,leaf,,0.19702297750001996,8,18.038118154611794,True,0.11078474946375776,0.8892152505362423,0.8892152505362423
job_change,Random Forest,0,340,-1,-1,leaf,,0.2525163197016239,20,49.43167307310213,True,0.14823041611135795,0.851769583888642,0.851769583888642
job_change,Random Forest,0,341,342,343,num__city_development_index,0.601500004529953,0.4969135810065566,32,52.049777876273005,False,0.4607162947684231,0.539283705231577,0.539283705231577
job_change,Random Forest,0,342,-1,-1,leaf,,0.4449338048589727,7,12.003336040739178,True,0.6659310024393078,0.3340689975606923,0.3340689975606923
job_change,Random Forest,0,343,344,347,num__city_development_index,0.6565000116825104,0.47968121307581835,25,40.046441835533834,False,0.39920618341341124,0.6007938165865886,0.6007938165865887
job_change,Random Forest,0,344,345,346,cat__gender_Male,0.5,0.47968121307581846,21,33.37203486294486,False,0.3992061834134113,0.6007938165865886,0.6007938165865887
job_change,Random Forest,0,345,-1,-1,leaf,,0.0,2,1.3322322670375522,True,1.0,0.0,0.0
job_change,Random Forest,0,346,-1,-1,leaf,,0.4683612245859734,19,32.039802595907304,True,0.3742248525860005,0.6257751474139994,0.6257751474139994
job_change,Random Forest,0,347,348,349,cat__last_new_job_never,0.5,0.47968121307581757,4,6.6744069725889705,False,0.39920618341341135,0.6007938165865887,0.6007938165865887
job_change,Random Forest,0,348,-1,-1,leaf,,0.0,2,4.009942438513867,True,0.0,1.0,1.0
job_change,Random Forest,0,349,-1,-1,leaf,,-4.440892098500626e-16,2,2.6644645340751043,True,1.0,0.0,0.0
job_change,Random Forest,0,350,-1,-1,leaf,,2.8310687127941492e-14,3,6.0149136577708,True,0.0,1.0,1.0
job_change,Random Forest,0,351,352,353,cat__city_city_21,0.5,0.28475615980805724,10,19.37035042164935,False,0.17194220006838098,0.828057799931619,0.828057799931619
job_change,Random Forest,0,352,-1,-1,leaf,,0.0,2,4.009942438513867,True,0.0,1.0,1.0
job_change,Random Forest,0,353,354,355,cat__enrolled_university_no_enrollment,0.5,0.3396282784498542,8,15.360407983135481,False,0.21682891959970044,0.7831710804002995,0.7831710804002996
job_change,Random Forest,0,354,-1,-1,leaf,,0.3317732326457268,6,12.68932063035977,True,0.2099769256125701,0.7900230743874299,0.7900230743874299
job_change,Random Forest,0,355,-1,-1,leaf,,0.3743793698700383,2,2.6710873527757095,True,0.249380138327026,0.750619861672974,0.750619861672974
job_change,Random Forest,0,356,357,358,cat__last_new_job_never,0.5,0.2070875935332468,11,22.714176726644443,False,0.1173040329016021,0.8826959670983977,0.8826959670983979
job_change,Random Forest,0,357,-1,-1,leaf,,0.17952400531111257,3,6.681029791289577,True,0.09970261386758492,0.900297386132415,0.9002973861324151
job_change,Random Forest,0,358,-1,-1,leaf,,0.21820758380399907,8,16.03314693535486,True,0.12463856338456857,0.8753614366154314,0.8753614366154314
job_change,Random Forest,0,359,360,441,cat__city_city_28,0.5,0.4678550032245685,561,784.3195045483707,False,0.6267773575514045,0.37322264244859044,0.3732226424485923
job_change,Random Forest,0,360,361,428,cat__enrolled_university_Part time course,0.5,0.471042192492898,548,770.9971818779945,False,0.620328316507599,0.3796716834923972,0.37967168349239866
job_change,Random Forest,0,361,362,375,cat__company_type_Pvt Ltd,0.5,0.4672277438768011,516,727.6267821935678,False,0.6280083124707145,0.37199168752928097,0.37199168752928263
job_change,Random Forest,0,362,363,372,cat__experience_10,0.5,0.49991692334168036,35,59.38367816368016,False,0.49355497640346535,0.5064450235965344,0.5064450235965345
job_change,Random Forest,0,363,364,369,cat__city_city_103,0.5,0.49507974976145275,31,54.72086522904873,False,0.45040035162147174,0.549599648378528,0.5495996483785281
job_change,Random Forest,0,364,365,368,cat__relevent_experience_Has relevent experience,0.5,0.44493380485897316,17,24.00667208147836,False,0.6659310024393075,0.33406899756069225,0.3340689975606923
job_change,Random Forest,0,365,366,367,cat__enrolled_university_no_enrollment,0.5,0.46913669073069164,7,10.671103773701626,False,0.6242242111452277,0.37577578885477236,0.37577578885477236
job_change,Random Forest,0,366,-1,-1,leaf,,0.49571729467549064,4,7.340523106107747,True,0.45372524811244597,0.546274751887554,0.546274751887554
job_change,Random Forest,0,367,-1,-1,leaf,,-4.440892098500626e-16,3,3.33058066759388,True,1.0,0.0,0.0
job_change,Random Forest,0,368,-1,-1,leaf,,0.4205552567080074,10,13.33556830777673,True,0.6993047205813164,0.3006952794186837,0.3006952794186837
job_change,Random Forest,0,369,370,371,cat__gender_Female,0.5,0.404898256264691,14,30.71419314757036,False,0.2819383759859274,0.7180616240140725,0.7180616240140726
job_change,Random Forest,0,370,-1,-1,leaf,,0.3360980232262656,12,28.04972861349525,True,0.2137291695144835,0.7862708304855166,0.7862708304855166
job_change,Random Forest,0,371,-1,-1,leaf,,0.0,2,2.6644645340751043,True,1.0,0.0,0.0
job_change,Random Forest,0,372,373,374,cat__enrolled_university_no_enrollment,0.5,4.551914400963142e-15,4,4.662812934631432,False,1.0,0.0,0.0
job_change,Random Forest,0,373,-1,-1,leaf,,0.0,2,2.6644645340751043,True,1.0,0.0,0.0
job_change,Random Forest,0,374,-1,-1,leaf,,0.0,2,1.9983484005563281,True,1.0,0.0,0.0
job_change,Random Forest,0,375,376,407,num__city_development_index,0.9245000183582306,0.46082432294398,481,668.2431040298866,False,0.63995655943189,0.36004344056810683,0.36004344056810794
job_change,Random Forest,0,376,377,404,num__training_hours,153.5,0.47748264549691477,409,580.2760374932043,False,0.6061069142494646,0.3938930857505329,0.39389308575053383
job_change,Random Forest,0,377,378,403,cat__city_city_10,0.5,0.4837607258869915,378,542.9536655600505,False,0.590109028718021,0.40989097128197804,0.40989097128197843
job_change,Random Forest,0,378,379,402,cat__city_city_20,0.5,0.4848378267948179,374,538.9569687589378,False,0.5870694355247097,0.41293056447528986,0.41293056447529003
job_change,Random Forest,0,379,380,401,cat__city_city_71,0.5,0.4830108541114173,372,530.9437067006106,False,0.5921660075314726,0.40783399246852686,0.40783399246852703
job_change,Random Forest,0,380,381,392,cat__city_city_160,0.5,0.48413209447580063,368,526.9470098994977,False,0.5890727386022214,0.41092726139777824,0.41092726139777835
job_change,Random Forest,0,381,382,391,cat__city_city_136,0.5,0.47585769476592366,343,488.2261775123007,False,0.6098687972858458,0.3901312027141552,0.39013120271415486
job_change,Random Forest,0,382,383,388,cat__gender_Other,0.5,0.47817104459369253,334,481.5650161771131,False,0.6044723777041244,0.3955276222958758,0.3955276222958757
job_change,Random Forest,0,383,384,387,cat__city_city_115,0.5,0.4737331296026054,328,468.20957941323456,False,0.6146012006861069,0.38539879931389387,0.38539879931389354
job_change,Random Forest,0,384,385,386,cat__city_city_14,0.5,0.47473453044366887,326,465.5451148791594,False,0.6123954393121239,0.387604560687877,0.3876045606878767
job_change,Random Forest,0,385,-1,-1,leaf,,0.4762209727853325,323,461.54841807804684,True,0.609039046251026,0.39096095374897494,0.3909609537489746
job_change,Random Forest,0,386,-1,-1,leaf,,0.0,3,3.9966968011126567,True,1.0,0.0,0.0
job_change,Random Forest,0,387,-1,-1,leaf,,0.0,2,2.6644645340751043,True,1.0,0.0,0.0
job_change,Random Forest,0,388,389,390,cat__relevent_experience_No relevent experience,0.5,0.37437936987003917,6,13.355436763878547,False,0.24938013832702596,0.7506198616729739,0.750619861672974
job_change,Random Forest,0,389,-1,-1,leaf,,0.17952400531111234,2,6.681029791289576,True,0.09970261386758493,0.9002973861324151,0.9002973861324151
job_change,Random Forest,0,390,-1,-1,leaf,,0.47968121307581846,4,6.674406972588971,True,0.3992061834134113,0.6007938165865886,0.6007938165865887
job_change,Random Forest,0,391,-1,-1,leaf,,0.0,9,6.661161335187761,True,1.0,0.0,0.0
job_change,Random Forest,0,392,393,400,num__training_hours,138.0,0.44004356518223553,25,38.72083238719689,False,0.32685781158572247,0.6731421884142772,0.6731421884142774
job_change,Random Forest,0,393,394,399,cat__experience_2,0.5,0.47444839902515057,23,32.70591872942608,False,0.3869699133530145,0.6130300866469854,0.6130300866469854
job_change,Random Forest,0,394,395,398,cat__experience_5,0.5,0.4439534622127026,21,30.04145419535098,False,0.33259848001392345,0.6674015199860763,0.6674015199860764
job_change,Random Forest,0,395,396,397,cat__experience_4,0.5,0.45535788506340547,18,24.699279489799558,False,0.3505976657869854,0.6494023342130145,0.6494023342130145
job_change,Random Forest,0,396,-1,-1,leaf,,0.4304900229728802,16,23.367047222762004,True,0.31357310142160305,0.686426898578397,0.686426898578397
job_change,Random Forest,0,397,-1,-1,leaf,,2.6645352591003757e-15,2,1.3322322670375522,True,1.0,0.0,0.0
job_change,Random Forest,0,398,-1,-1,leaf,,0.3743793698700393,3,5.342174705551419,True,0.249380138327026,0.750619861672974,0.750619861672974
job_change,Random Forest,0,399,-1,-1,leaf,,-2.6645352591003757e-15,2,2.6644645340751043,True,1.0,0.0,0.0
job_change,Random Forest,0,400,-1,-1,leaf,,-1.1102230246251565e-15,2,6.0149136577708,True,0.0,1.0,1.0
job_change,Random Forest,0,401,-1,-1,leaf,,8.526512829121202e-14,4,3.9966968011126562,True,1.0,0.0,0.0
job_change,Random Forest,0,402,-1,-1,leaf,,0.3743793698700342,2,8.013262058327127,True,0.24938013832702602,0.750619861672974,0.750619861672974
job_change,Random Forest,0,403,-1,-1,leaf,,0.0,4,3.9966968011126562,True,1.0,0.0,0.0
job_change,Random Forest,0,404,405,406,cat__experience_>20,0.5,0.2703763685505317,31,37.322371933153285,False,0.8388389229777813,0.1611610770222184,0.16116107702221846
job_change,Random Forest,0,405,-1,-1,leaf,,6.661338147750939e-16,28,28.64299374130736,True,1.0,0.0,0.0
job_change,Random Forest,0,406,-1,-1,leaf,,0.4254926985048625,3,8.679378191845904,True,0.30698795180722893,0.693012048192771,0.6930120481927711
job_change,Random Forest,0,407,408,427,cat__experience_3,0.5,0.23610434172832262,72,87.96706653668204,False,0.8632462376072851,0.1367537623927154,0.13675376239271533
job_change,Random Forest,0,408,409,410,cat__gender_Male,0.5,0.22246697515831326,65,78.63481784871858,False,0.872513774806843,0.1274862251931576,0.12748622519315753
job_change,Random Forest,0,409,-1,-1,leaf,,0.0,4,5.995045201668985,True,1.0,0.0,0.0
job_change,Random Forest,0,410,411,426,num__training_hours,58.0,0.23792331183509852,61,72.63977264704963,False,0.8619921878748913,0.13800781212510915,0.1380078121251091
job_change,Random Forest,0,411,412,425,cat__city_city_98,0.5,0.2995565836881905,43,54.65463704204268,False,0.8165781233059306,0.18342187669406934,0.18342187669406934
job_change,Random Forest,0,412,413,424,cat__experience_2,0.5,0.3143459274653063,41,51.3240563744488,False,0.8046752964507408,0.19532470354925896,0.19532470354925902
job_change,Random Forest,0,413,414,417,cat__last_new_job_never,0.5,0.3304977790168452,39,47.99347570685492,False,0.7911204398381834,0.20887956016181616,0.20887956016181625
job_change,Random Forest,0,414,415,416,cat__enrolled_university_Full time course,0.5,0.3206353329616083,25,29.995094464446737,False,0.7994700878538558,0.20052991214614418,0.20052991214614418
job_change,Random Forest,0,415,-1,-1,leaf,,0.4285983862440659,15,19.337236328146318,True,0.6889465714903742,0.3110534285096258,0.3110534285096258
job_change,Random Forest,0,416,-1,-1,leaf,,0.0,10,10.657858136300417,True,1.0,0.0,0.0
job_change,Random Forest,0,417,418,421,cat__enrolled_university_Full time course,0.5,0.34631435022381263,14,17.99838124240816,False,0.7772053839449985,0.22279461605500148,0.22279461605500148
job_change,Random Forest,0,418,419,420,cat__experience_4,0.5,0.48031647486333473,7,10.00498764018285,False,0.5992056579451626,0.4007943420548375,0.4007943420548375
job_change,Random Forest,0,419,-1,-1,leaf,,0.49999863159325175,5,8.006639239626523,True,0.49917283413147584,0.5008271658685242,0.5008271658685242
job_change,Random Forest,0,420,-1,-1,leaf,,-8.881784197001252e-16,2,1.9983484005563281,True,1.0,0.0,0.0
job_change,Random Forest,0,421,422,423,cat__experience_<1,0.5,4.440892098500626e-16,7,7.993393602225313,False,1.0,0.0,0.0
job_change,Random Forest,0,422,-1,-1,leaf,,0.0,5,5.995045201668985,True,1.0,0.0,0.0
job_change,Random Forest,0,423,-1,-1,leaf,,0.0,2,1.9983484005563281,True,1.0,0.0,0.0
job_change,Random Forest,0,424,-1,-1,leaf,,0.0,2,3.33058066759388,True,1.0,0.0,0.0
job_change,Random Forest,0,425,-1,-1,leaf,,0.0,2,3.33058066759388,True,1.0,0.0,0.0
job_change,Random Forest,0,426,-1,-1,leaf,,-5.551115123125783e-15,18,17.985135605006953,True,1.0,0.0,0.0
job_change,Random Forest,0,427,-1,-1,leaf,,0.33737132691107186,7,9.332248687963471,True,0.7851566877077653,0.2148433122922347,0.2148433122922347
job_change,Random Forest,0,428,429,440,cat__experience_6,0.5,0.4998548445293859,32,43.3703996844271,False,0.49148074326496494,0.5085192567350351,0.5085192567350351
job_change,Random Forest,0,429,430,437,cat__experience_4,0.5,0.4957172946754905,27,36.70261553053874,False,0.4537252481124458,0.5462747518875539,0.546274751887554
job_change,Random Forest,0,430,431,436,cat__experience_7,0.5,0.4886668358021371,22,31.367063643687928,False,0.4247232964395252,0.5752767035604746,0.5752767035604747
job_change,Random Forest,0,431,432,435,cat__city_city_73,0.5,0.4930485310889151,20,28.69597629091222,False,0.4410446401457636,0.5589553598542361,0.5589553598542363
job_change,Random Forest,0,432,433,434,cat__experience_3,0.5,0.47968121307581857,18,26.697627890355886,False,0.39920618341341124,0.6007938165865886,0.6007938165865887
job_change,Random Forest,0,433,-1,-1,leaf,,0.45535788506340535,15,24.699279489799554,True,0.3505976657869855,0.6494023342130146,0.6494023342130146
job_change,Random Forest,0,434,-1,-1,leaf,,5.329070518200751e-15,3,1.9983484005563281,True,1.0,0.0,0.0
job_change,Random Forest,0,435,-1,-1,leaf,,0.0,2,1.9983484005563281,True,1.0,0.0,0.0
job_change,Random Forest,0,436,-1,-1,leaf,,0.3743793698700393,2,2.6710873527757095,True,0.249380138327026,0.750619861672974,0.750619861672974
job_change,Random Forest,0,437,438,439,cat__last_new_job_1,0.5,0.46913669073069264,5,5.335551886850814,False,0.6242242111452276,0.3757757888547723,0.3757757888547723
job_change,Random Forest,0,438,-1,-1,leaf,,0.499998631593252,3,4.0033196198132615,True,0.49917283413147584,0.5008271658685242,0.5008271658685242
job_change,Random Forest,0,439,-1,-1,leaf,,0.0,2,1.3322322670375522,True,1.0,0.0,0.0
job_change,Random Forest,0,440,-1,-1,leaf,,0.4205552567080074,5,6.667784153888366,True,0.6993047205813163,0.3006952794186836,0.3006952794186836
job_change,Random Forest,0,441,442,443,cat__experience_2,0.5,4.263256414560601e-14,13,13.32232267037552,False,1.0,0.0,0.0
job_change,Random Forest,0,442,-1,-1,leaf,,0.0,11,9.99174200278164,True,1.0,0.0,0.0
job_change,Random Forest,0,443,-1,-1,leaf,,0.0,2,3.33058066759388,True,1.0,0.0,0.0
job_change,Random Forest,0,444,445,554,cat__company_type_Early Stage Startup,0.5,0.48417948984636705,695,1215.3618254138084,False,0.41106038522230215,0.5889396147776974,0.5889396147776976
job_change,Random Forest,0,445,446,553,cat__city_city_152,0.5,0.486464719969639,682,1187.971590115132,False,0.41773433270688914,0.5822656672931099,0.5822656672931105
job_change,Random Forest,0,446,447,546,cat__experience_3,0.5,0.48715521213864743,680,1181.956676457361,False,0.4198601601531621,0.5801398398468371,0.5801398398468376
job_change,Random Forest,0,447,448,483,cat__enrolled_university_no_enrollment,0.5,0.49013070418191096,643,1100.4984464257525,False,0.4297529508872757,0.5702470491127233,0.5702470491127238
job_change,Random Forest,0,448,449,482,cat__last_new_job_2,0.5,0.3999746360796259,148,296.46420488330125,False,0.2763648463228837,0.7236351536771158,0.7236351536771162
job_change,Random Forest,0,449,450,473,cat__city_city_136,0.5,0.360509702666964,122,259.77483499016364,False,0.23590693180903338,0.7640930681909667,0.7640930681909667
job_change,Random Forest,0,450,451,472,cat__experience_16,0.5,0.3363253456725428,108,239.75823689109745,False,0.213927758837512,0.7860722411624875,0.7860722411624879
job_change,Random Forest,0,451,452,467,cat__last_new_job_3,0.5,0.3281179709095261,105,235.08880113776536,False,0.20684302064382418,0.7931569793561756,0.7931569793561758
job_change,Random Forest,0,452,453,466,cat__experience_11,0.5,0.3021483449593467,96,219.0755226585123,False,0.1854752354419022,0.8145247645580976,0.8145247645580979
job_change,Random Forest,0,453,454,465,cat__experience_15,0.5,0.29582886447232315,94,217.74329039147477,False,0.18049167809924183,0.819508321900758,0.8195083219007582
job_change,Random Forest,0,454,455,464,cat__company_type_NGO,0.5,0.30130364125520614,92,209.05728938092827,False,0.18480453783025833,0.8151954621697415,0.8151954621697417
job_change,Random Forest,0,455,456,463,cat__city_city_116,0.5,0.29575164520421815,89,203.04899854185808,False,0.18043126342226298,0.8195687365777368,0.819568736577737
job_change,Random Forest,0,456,457,460,cat__city_city_102,0.5,0.27038622736345896,87,198.38618560722668,False,0.16116835106756822,0.8388316489324313,0.8388316489324317
job_change,Random Forest,0,457,458,459,cat__city_city_103,0.5,0.2590169549965554,83,191.71177863463768,False,0.15288111186263179,0.847118888137368,0.8471188881373682
job_change,Random Forest,0,458,-1,-1,leaf,,0.27351052391489106,73,162.9826882502225,True,0.1634814447277021,0.8365185552722976,0.8365185552722979
job_change,Random Forest,0,459,-1,-1,leaf,,0.16828588203684036,10,28.729090384415244,True,0.09274447949526812,0.9072555205047317,0.9072555205047319
job_change,Random Forest,0,460,461,462,cat__relevent_experience_Has relevent experience,0.5,0.4796812130758189,4,6.674406972588971,False,0.3992061834134113,0.6007938165865886,0.6007938165865887
job_change,Random Forest,0,461,-1,-1,leaf,,0.37437936987003884,2,5.342174705551419,True,0.249380138327026,0.750619861672974,0.750619861672974
job_change,Random Forest,0,462,-1,-1,leaf,,3.3306690738754696e-16,2,1.3322322670375522,True,1.0,0.0,0.0
job_change,Random Forest,0,463,-1,-1,leaf,,-1.5543122344752192e-15,2,4.662812934631432,True,1.0,0.0,0.0
job_change,Random Forest,0,464,-1,-1,leaf,,0.4439534622127016,3,6.008290839070195,True,0.3325984800139235,0.6674015199860764,0.6674015199860764
job_change,Random Forest,0,465,-1,-1,leaf,,0.14161469823007644,2,8.686001010546509,True,0.07668847064488946,0.9233115293551106,0.9233115293551106
job_change,Random Forest,0,466,-1,-1,leaf,,2.1316282072803006e-14,2,1.3322322670375522,True,1.0,0.0,0.0
job_change,Random Forest,0,467,468,471,cat__company_type_NGO,0.5,0.49999863159325175,9,16.013278479253046,False,0.4991728341314758,0.5008271658685242,0.5008271658685242
job_change,Random Forest,0,468,469,470,cat__city_city_76,0.5,0.4439534622127026,7,12.016581678140389,False,0.33259848001392356,0.6674015199860766,0.6674015199860766
job_change,Random Forest,0,469,-1,-1,leaf,,0.4587486443121068,5,9.34549432536468,True,0.35638357390623254,0.6436164260937675,0.6436164260937675
job_change,Random Forest,0,470,-1,-1,leaf,,0.3743793698700383,2,2.6710873527757095,True,0.249380138327026,0.750619861672974,0.750619861672974
job_change,Random Forest,0,471,-1,-1,leaf,,-6.661338147750939e-16,2,3.9966968011126562,True,1.0,0.0,0.0
job_change,Random Forest,0,472,-1,-1,leaf,,0.49002616933020915,3,4.669435753332038,True,0.5706180949537175,0.42938190504628243,0.42938190504628243
job_change,Random Forest,0,473,474,475,cat__enrolled_university_Full time course,0.5,0.4999986315932502,14,20.01659809906631,False,0.49917283413147573,0.500827165868524,0.5008271658685242
job_change,Random Forest,0,474,-1,-1,leaf,,0.0,3,1.9983484005563281,True,1.0,0.0,0.0
job_change,Random Forest,0,475,476,477,cat__relevent_experience_No relevent experience,0.5,0.4936443142005361,11,18.01824969850998,False,0.44362764064071813,0.5563723593592819,0.5563723593592819
job_change,Random Forest,0,476,-1,-1,leaf,,0.4439534622127025,2,6.008290839070195,True,0.3325984800139235,0.6674015199860764,0.6674015199860764
job_change,Random Forest,0,477,478,481,cat__last_new_job_never,0.5,0.49999863159325175,9,12.009958859439786,False,0.49917283413147584,0.500827165868524,0.5008271658685242
job_change,Random Forest,0,478,479,480,num__training_hours,41.0,0.420555256708007,5,6.667784153888366,False,0.6993047205813163,0.3006952794186836,0.3006952794186836
job_change,Random Forest,0,479,-1,-1,leaf,,0.0,3,3.33058066759388,True,1.0,0.0,0.0
job_change,Random Forest,0,480,-1,-1,leaf,,0.47968121307581835,2,3.3372034862944853,True,0.39920618341341135,0.6007938165865887,0.6007938165865887
job_change,Random Forest,0,481,-1,-1,leaf,,0.3743793698700387,4,5.342174705551418,True,0.24938013832702602,0.7506198616729741,0.7506198616729739
job_change,Random Forest,0,482,-1,-1,leaf,,0.4921066858061257,26,36.68936989313753,True,0.5628224251118691,0.43717757488813086,0.43717757488813086
job_change,Random Forest,0,483,484,539,cat__experience_6,0.5,0.4996251867586511,495,804.034241542451,False,0.4863103462178563,0.5136896537821422,0.5136896537821429
job_change,Random Forest,0,484,485,512,cat__city_city_103,0.5,0.49939809679839964,466,767.3448716493134,False,0.48265204332491896,0.5173479566750793,0.5173479566750802
job_change,Random Forest,0,485,486,495,num__city_development_index,0.7850000262260437,0.49581006792556503,386,587.0630323837036,False,0.5457707989576094,0.4542292010423893,0.4542292010423899
job_change,Random Forest,0,486,487,490,num__training_hours,9.0,0.3942602497788489,117,241.71684837944997,False,0.2700654982161762,0.7299345017838242,0.7299345017838239
job_change,Random Forest,0,487,488,489,num__training_hours,6.5,0.45719095569481527,6,11.337219907220403,False,0.64630284396618,0.3536971560338201,0.3536971560338201
job_change,Random Forest,0,488,-1,-1,leaf,,0.49999863159325175,4,8.006639239626523,True,0.49917283413147584,0.5008271658685242,0.5008271658685242
job_change,Random Forest,0,489,-1,-1,leaf,,-2.220446049250313e-16,2,3.33058066759388,True,1.0,0.0,0.0
job_change,Random Forest,0,490,491,494,cat__gender_Female,0.5,0.37654566120347843,111,230.37962847222963,False,0.25155046911241635,0.7484495308875839,0.7484495308875838
job_change,Random Forest,0,491,492,493,cat__experience_11,0.5,0.3840620685345473,102,202.99601599225312,False,0.2592325484357859,0.7407674515642144,0.7407674515642141
job_change,Random Forest,0,492,-1,-1,leaf,,0.3666831887110624,99,198.3332030576217,True,0.24181710814914836,0.7581828918508522,0.7581828918508519
job_change,Random Forest,0,493,-1,-1,leaf,,-1.509903313490213e-14,3,4.662812934631432,True,1.0,0.0,0.0
job_change,Random Forest,0,494,-1,-1,leaf,,0.31346516316092865,9,27.383612479976474,True,0.1946028513238289,0.8053971486761712,0.8053971486761712
job_change,Random Forest,0,495,496,511,cat__city_city_16,0.5,0.38600244514598203,269,345.3461840042527,False,0.738744167315164,0.261255832684837,0.26125583268483676
job_change,Random Forest,0,496,497,510,cat__city_city_159,0.5,0.36020475907957006,232,289.3195777829692,False,0.7643815811667186,0.2356184188332812,0.23561841883328125
job_change,Random Forest,0,497,498,509,cat__city_city_83,0.5,0.36367329130820425,230,285.32288098185654,False,0.7610811259855792,0.23891887401442063,0.2389188740144207
job_change,Random Forest,0,498,499,508,cat__city_city_160,0.5,0.3725775944944627,221,275.33113897907486,False,0.752410781768071,0.24758921823192884,0.2475892182319289
job_change,Random Forest,0,499,500,507,cat__city_city_75,0.5,0.32881729111185953,210,251.29797562279424,False,0.7925600014425583,0.20743999855744089,0.20743999855744105
job_change,Random Forest,0,500,501,504,cat__experience_10,0.5,0.30918469323944053,205,241.28636516391066,False,0.8088812933479141,0.1911187066520856,0.19111870665208566
job_change,Random Forest,0,501,502,503,cat__city_city_102,0.5,0.2818629829948148,183,212.6102573291003,False,0.8302552172223668,0.16974478277763302,0.16974478277763305
job_change,Random Forest,0,502,-1,-1,leaf,,0.21994715686706134,167,191.25480414429592,True,0.8742010443150442,0.1257989556849559,0.1257989556849559
job_change,Random Forest,0,503,-1,-1,leaf,,0.49198265630549387,16,21.355453184804468,True,0.43668592694153363,0.5633140730584663,0.5633140730584664
job_change,Random Forest,0,504,505,506,cat__relevent_experience_No relevent experience,0.5,0.4547531509989552,22,28.6761078348104,False,0.6504108523362668,0.3495891476637331,0.3495891476637331
job_change,Random Forest,0,505,-1,-1,leaf,,0.29814726945041026,19,21.99507804352082,True,0.8176891015990237,0.1823108984009762,0.1823108984009762
job_change,Random Forest,0,506,-1,-1,leaf,,0.1795240053111129,3,6.681029791289577,True,0.09970261386758492,0.900297386132415,0.9002973861324151
job_change,Random Forest,0,507,-1,-1,leaf,,0.47968121307581735,5,10.011610458883457,True,0.3992061834134113,0.6007938165865886,0.6007938165865887
job_change,Random Forest,0,508,-1,-1,leaf,,0.4439534622127056,11,24.033163356280777,True,0.33259848001392356,0.6674015199860766,0.6674015199860766
job_change,Random Forest,0,509,-1,-1,leaf,,0.0,9,9.99174200278164,True,1.0,0.0,0.0
job_change,Random Forest,0,510,-1,-1,leaf,,0.0,2,3.9966968011126562,True,1.0,0.0,0.0
job_change,Random Forest,0,511,-1,-1,leaf,,0.47737791137527985,37,56.02660622128385,True,0.606353393515955,0.3936466064840449,0.393646606484045
job_change,Random Forest,0,512,513,524,cat__relevent_experience_Has relevent experience,0.5,0.4006440992080612,80,180.28183926560874,False,0.27711449038582414,0.7228855096141765,0.7228855096141761
job_change,Random Forest,0,513,514,515,cat__company_type_Pvt Ltd,0.5,0.2798324564835556,20,55.439963912172324,False,0.1682112543225401,0.8317887456774599,0.8317887456774599
job_change,Random Forest,0,514,-1,-1,leaf,,0.0,3,1.9983484005563281,True,1.0,0.0,0.0
job_change,Random Forest,0,515,516,523,cat__major_discipline_Humanities,0.5,0.23661891351842812,17,53.441615511616,False,0.13710808325234647,0.8628919167476534,0.8628919167476535
job_change,Random Forest,0,516,517,518,cat__last_new_job_1,0.5,0.2026536806007717,13,40.752294881256226,False,0.11441841369223271,0.8855815863077673,0.8855815863077673
job_change,Random Forest,0,517,-1,-1,leaf,,0.3396282784498541,7,15.360407983135481,True,0.21682891959970044,0.7831710804002995,0.7831710804002996
job_change,Random Forest,0,518,519,522,cat__experience_9,0.5,0.09942815549069584,6,25.391886898120752,False,0.05246684787085084,0.9475331521291491,0.9475331521291491
job_change,Random Forest,0,519,520,521,num__training_hours,48.5,0.14161469823007478,4,17.372002021093017,False,0.07668847064488946,0.9233115293551106,0.9233115293551106
job_change,Random Forest,0,520,-1,-1,leaf,,0.0,2,10.024856096284667,True,0.0,1.0,1.0
job_change,Random Forest,0,521,-1,-1,leaf,,0.29689440279117774,2,7.347145924808352,True,0.18132650156561345,0.8186734984343865,0.8186734984343865
job_change,Random Forest,0,522,-1,-1,leaf,,0.0,2,8.019884877027733,True,0.0,1.0,1.0
job_change,Random Forest,0,523,-1,-1,leaf,,0.331773232645727,4,12.68932063035977,True,0.2099769256125701,0.7900230743874299,0.7900230743874299
job_change,Random Forest,0,524,525,530,cat__company_type_Pvt Ltd,0.5,0.4390830260042152,60,124.84187535343652,False,0.3254763998827324,0.6745236001172676,0.6745236001172676
job_change,Random Forest,0,525,526,529,cat__experience_>20,0.5,0.48031647486333484,12,20.0099752803657,False,0.5992056579451626,0.4007943420548375,0.4007943420548375
job_change,Random Forest,0,526,527,528,cat__gender_Male,0.5,5.551115123125783e-16,8,8.65950973574409,False,1.0,0.0,0.0
job_change,Random Forest,0,527,-1,-1,leaf,,0.0,3,3.9966968011126562,True,1.0,0.0,0.0
job_change,Random Forest,0,528,-1,-1,leaf,,0.0,5,4.662812934631432,True,1.0,0.0,0.0
job_change,Random Forest,0,529,-1,-1,leaf,,0.4146586575310752,4,11.350465544621613,True,0.2934311949144735,0.7065688050855266,0.7065688050855266
job_change,Random Forest,0,530,531,538,cat__experience_11,0.5,0.3971487759469885,48,104.83190007307081,False,0.2732278411565791,0.726772158843421,0.726772158843421
job_change,Random Forest,0,531,532,533,cat__last_new_job_2,0.5,0.4126242696994751,45,96.14589906252431,False,0.2909835768408077,0.7090164231591923,0.7090164231591923
job_change,Random Forest,0,532,-1,-1,leaf,,0.3461441061985939,31,74.79706869642047,True,0.22264112254931656,0.7773588774506833,0.7773588774506834
job_change,Random Forest,0,533,534,535,cat__major_discipline_STEM,0.5,0.4981485194762356,14,21.34883036610386,False,0.5304259800480023,0.4695740199519976,0.4695740199519976
job_change,Random Forest,0,534,-1,-1,leaf,,0.0,3,4.662812934631432,True,1.0,0.0,0.0
job_change,Random Forest,0,535,536,537,cat__experience_>20,0.5,0.47968121307581824,11,16.68601743147243,False,0.3992061834134113,0.6007938165865886,0.6007938165865887
job_change,Random Forest,0,536,-1,-1,leaf,,0.0,2,1.3322322670375522,True,1.0,0.0,0.0
job_change,Random Forest,0,537,-1,-1,leaf,,0.4532284497880924,9,15.353785164434877,True,0.34707591718125674,0.6529240828187431,0.6529240828187433
job_change,Random Forest,0,538,-1,-1,leaf,,0.14161469823007344,3,8.686001010546509,True,0.07668847064488946,0.9233115293551106,0.9233115293551106
job_change,Random Forest,0,539,540,541,cat__major_discipline_STEM,0.5,0.4921066858061507,29,36.689369893137524,False,0.562822425111869,0.4371775748881309,0.43717757488813097
job_change,Random Forest,0,540,-1,-1,leaf,,0.2443195398367629,2,4.676058572032643,True,0.1424524785687663,0.8575475214312337,0.8575475214312337
job_change,Random Forest,0,541,542,545,cat__city_city_134,0.5,0.46913669073069186,27,32.01331132110488,False,0.6242242111452276,0.37577578885477236,0.37577578885477236
job_change,Random Forest,0,542,543,544,cat__city_city_103,0.5,0.4498523958378329,25,29.342223968329172,False,0.6583470936932013,0.3416529063067986,0.3416529063067986
job_change,Random Forest,0,543,-1,-1,leaf,,0.459616804751631,23,28.00999170129162,True,0.6420971415060291,0.35790285849397063,0.3579028584939707
job_change,Random Forest,0,544,-1,-1,leaf,,0.0,2,1.3322322670375522,True,1.0,0.0,0.0
job_change,Random Forest,0,545,-1,-1,leaf,,0.37437936987003895,2,2.6710873527757095,True,0.249380138327026,0.750619861672974,0.750619861672974
job_change,Random Forest,0,546,547,552,cat__major_discipline_Humanities,0.5,0.4085866708604794,37,81.4582300316082,False,0.2862088295327632,0.7137911704672372,0.7137911704672368
job_change,Random Forest,0,547,548,551,cat__last_new_job_1,0.5,0.43336155412253297,35,73.43834515458049,False,0.3174644611623989,0.6825355388376012,0.6825355388376012
job_change,Random Forest,0,548,549,550,cat__city_city_160,0.5,0.47968121307581824,17,33.37203486294486,False,0.3992061834134113,0.6007938165865886,0.6007938165865887
job_change,Random Forest,0,549,-1,-1,leaf,,0.4930485310889151,15,28.695976290912213,True,0.4410446401457638,0.5589553598542362,0.5589553598542362
job_change,Random Forest,0,550,-1,-1,leaf,,0.24431953983676324,2,4.676058572032643,True,0.1424524785687663,0.8575475214312337,0.8575475214312337
job_change,Random Forest,0,551,-1,-1,leaf,,0.3743793698700384,18,40.06631029163564,True,0.249380138327026,0.750619861672974,0.750619861672974
job_change,Random Forest,0,552,-1,-1,leaf,,-3.552713678800501e-15,2,8.019884877027733,True,0.0,1.0,1.0
job_change,Random Forest,0,553,-1,-1,leaf,,0.0,2,6.0149136577708,True,0.0,1.0,1.0
job_change,Random Forest,0,554,555,556,cat__relevent_experience_Has relevent experience,0.5,0.21362290427969888,13,27.390235298677084,False,0.12159737334402321,0.8784026266559768,0.8784026266559768
job_change,Random Forest,0,555,-1,-1,leaf,,0.0,2,10.024856096284665,True,0.0,1.0,1.0
job_change,Random Forest,0,556,557,562,cat__last_new_job_1,0.5,0.31001848724136327,11,17.36537920239241,False,0.19179429534916403,0.8082057046508361,0.8082057046508361
job_change,Random Forest,0,557,558,559,num__city_development_index,0.7540000081062317,0.3193648071611723,6,10.018233277584063,False,0.19947113879127376,0.8005288612087261,0.8005288612087262
job_change,Random Forest,0,558,-1,-1,leaf,,0.0,2,6.0149136577708,True,0.0,1.0,1.0
job_change,Random Forest,0,559,560,561,num__training_hours,23.0,0.4999986315932522,4,4.0033196198132615,False,0.49917283413147584,0.5008271658685242,0.5008271658685242
job_change,Random Forest,0,560,-1,-1,leaf,,0.37437936987003884,2,2.6710873527757095,True,0.249380138327026,0.750619861672974,0.750619861672974
job_change,Random Forest,0,561,-1,-1,leaf,,0.0,2,1.3322322670375522,True,1.0,0.0,0.0
job_change,Random Forest,0,562,-1,-1,leaf,,0.29689440279117774,5,7.347145924808352,True,0.18132650156561345,0.8186734984343865,0.8186734984343865
job_change,Random Forest,0,563,564,577,cat__city_city_102,0.5,0.40517707140023296,138,184.6863622709166,False,0.7177417376156239,0.2822582623843758,0.2822582623843759
job_change,Random Forest,0,564,565,570,num__city_development_index,0.7484999895095825,0.41143764712408515,134,180.0235493362852,False,0.7104309303262175,0.2895690696737817,0.28956906967378193
job_change,Random Forest,0,565,566,567,cat__experience_3,0.5,0.41644691212949025,27,54.08124037033237,False,0.2956068887284727,0.7043931112715273,0.7043931112715273
job_change,Random Forest,0,566,-1,-1,leaf,,0.39491157942771726,22,46.74071726422461,True,0.2707747608003401,0.72922523919966,0.72922523919966
job_change,Random Forest,0,567,568,569,num__training_hours,29.5,0.49571729467549164,5,7.340523106107748,False,0.4537252481124459,0.5462747518875539,0.546274751887554
job_change,Random Forest,0,568,-1,-1,leaf,,7.771561172376096e-16,3,2.6644645340751043,True,1.0,0.0,0.0
job_change,Random Forest,0,569,-1,-1,leaf,,0.2443195398367629,2,4.676058572032643,True,0.1424524785687663,0.8575475214312337,0.8575475214312337
job_change,Random Forest,0,570,571,576,cat__experience_9,0.5,0.19803963188123308,107,125.9423089659527,False,0.8885616862988224,0.1114383137011781,0.11143831370117804
job_change,Random Forest,0,571,572,573,cat__company_type_Pvt Ltd,0.5,0.20272611938210405,104,122.61172829835888,False,0.885534616226543,0.11446538377345737,0.11446538377345734
job_change,Random Forest,0,572,-1,-1,leaf,,0.37437936987003884,2,2.6710873527757095,True,0.249380138327026,0.750619861672974,0.750619861672974
job_change,Random Forest,0,573,574,575,cat__experience_1,0.5,0.1804769011218622,102,119.94064094558317,False,0.8997018256639175,0.1002981743360827,0.10029817433608267
job_change,Random Forest,0,574,-1,-1,leaf,,-6.661338147750939e-16,90,93.92237482614742,True,1.0,0.0,0.0
job_change,Random Forest,0,575,-1,-1,leaf,,0.4971665869056825,12,26.018266119435893,True,0.5376391624130864,0.4623608375869137,0.4623608375869137
job_change,Random Forest,0,576,-1,-1,leaf,,0.0,3,3.3305806675938805,True,1.0,0.0,0.0
job_change,Random Forest,0,577,-1,-1,leaf,,5.995204332975845e-15,4,4.662812934631432,True,1.0,0.0,0.0
job_change,Random Forest,0,578,-1,-1,leaf,,0.1918243618058335,15,18.657874557226332,True,0.8925402133502718,0.10745978664972818,0.10745978664972818
job_change,Random Forest,0,579,580,693,cat__experience_10,0.5,0.4569357538875676,607,811.6103975665383,False,0.6467382808138078,0.35326171918618854,0.3532617191861898
job_change,Random Forest,0,580,581,690,cat__experience_16,0.5,0.45203377873739614,588,784.2466535426638,False,0.6548648140518147,0.3451351859481808,0.3451351859481824
job_change,Random Forest,0,581,582,689,cat__city_city_104,0.5,0.4570094074970189,564,760.2598499172869,False,0.6466127424594871,0.35338725754050876,0.35338725754051026
job_change,Random Forest,0,582,583,606,num__city_development_index,0.7395000159740448,0.46134572350902325,552,744.2730627128365,False,0.6390220782663314,0.36097792173366416,0.3609779217336658
job_change,Random Forest,0,583,584,603,cat__experience_14,0.5,0.41944354784964266,57,100.14921868233749,False,0.29930564015105404,0.7006943598489466,0.7006943598489461
job_change,Random Forest,0,584,585,602,cat__experience_6,0.5,0.40934047085838277,53,92.80869557622977,False,0.2870921218676765,0.712907878132324,0.7129078781323237
job_change,Random Forest,0,585,586,601,cat__city_city_126,0.5,0.42689822137884026,49,84.12269456568329,False,0.3088171312314318,0.6911828687685685,0.6911828687685684
job_change,Random Forest,0,586,587,590,cat__company_type_Pvt Ltd,0.5,0.4283811993605027,47,81.4516072129076,False,0.31076628122940514,0.6892337187705949,0.6892337187705949
job_change,Random Forest,0,587,588,589,cat__company_type_Public Sector,0.5,0.33177323264572645,5,12.68932063035977,False,0.2099769256125701,0.79002307438743,0.79002307438743
job_change,Random Forest,0,588,-1,-1,leaf,,0.24431953983676258,3,4.676058572032643,True,0.1424524785687663,0.8575475214312337,0.8575475214312337
job_change,Random Forest,0,589,-1,-1,leaf,,0.3743793698700386,2,8.013262058327127,True,0.24938013832702602,0.750619861672974,0.750619861672974
job_change,Random Forest,0,590,591,596,cat__relevent_experience_Has relevent experience,0.5,0.44176796945359453,42,68.76228658254786,False,0.32936584376742534,0.6706341562325746,0.6706341562325746
job_change,Random Forest,0,591,592,595,cat__experience_>20,0.5,0.4957172946754905,8,14.681046212215492,False,0.453725248112446,0.546274751887554,0.546274751887554
job_change,Random Forest,0,592,593,594,num__training_hours,41.0,0.3193648071611723,5,10.018233277584061,False,0.19947113879127382,0.8005288612087262,0.8005288612087262
job_change,Random Forest,0,593,-1,-1,leaf,,0.24431953983676258,3,4.676058572032643,True,0.1424524785687663,0.8575475214312337,0.8575475214312337
job_change,Random Forest,0,594,-1,-1,leaf,,0.37437936987003884,2,5.342174705551419,True,0.249380138327026,0.750619861672974,0.750619861672974
job_change,Random Forest,0,595,-1,-1,leaf,,-6.661338147750939e-16,3,4.662812934631432,True,1.0,0.0,0.0
job_change,Random Forest,0,596,597,600,cat__experience_9,0.5,0.41644691212949037,34,54.08124037033237,False,0.29560688872847257,0.7043931112715273,0.7043931112715274
job_change,Random Forest,0,597,598,599,cat__experience_15,0.5,0.404096523384354,28,47.40683339774339,False,0.28102114643686943,0.7189788535631305,0.7189788535631305
job_change,Random Forest,0,598,-1,-1,leaf,,0.3743793698700386,26,45.40848499718706,True,0.24938013832702594,0.7506198616729741,0.7506198616729741
job_change,Random Forest,0,599,-1,-1,leaf,,3.552713678800501e-15,2,1.9983484005563281,True,1.0,0.0,0.0
job_change,Random Forest,0,600,-1,-1,leaf,,0.47968121307581935,6,6.6744069725889705,True,0.39920618341341135,0.6007938165865887,0.6007938165865887
job_change,Random Forest,0,601,-1,-1,leaf,,0.37437936987003595,2,2.6710873527757095,True,0.249380138327026,0.750619861672974,0.750619861672974
job_change,Random Forest,0,602,-1,-1,leaf,,0.1416146982300721,4,8.68600101054651,True,0.07668847064488944,0.9233115293551104,0.9233115293551105
job_change,Random Forest,0,603,604,605,cat__city_city_90,0.5,0.4957172946754882,4,7.340523106107748,False,0.4537252481124459,0.5462747518875539,0.546274751887554
job_change,Random Forest,0,604,-1,-1,leaf,,0.0,2,2.6644645340751043,True,1.0,0.0,0.0
job_change,Random Forest,0,605,-1,-1,leaf,,0.24431953983676313,2,4.676058572032643,True,0.1424524785687663,0.8575475214312337,0.8575475214312337
job_change,Random Forest,0,606,607,676,cat__company_size_1000-4999,0.5,0.42639357424741164,495,644.1238440304982,False,0.6918416348874671,0.3081583651125295,0.30815836511253053
job_change,Random Forest,0,607,608,675,cat__company_size_5000-9999,0.5,0.43505190927678605,440,576.7997548141965,False,0.6802055641804888,0.31979443581951006,0.3197944358195104
job_change,Random Forest,0,608,609,672,cat__experience_15,0.5,0.4406079158412334,420,556.8096479899324,False,0.6723253959211566,0.3276746040788425,0.3276746040788428
job_change,Random Forest,0,609,610,669,cat__experience_18,0.5,0.4263471435970021,394,514.098741620323,False,0.6919021318315637,0.30809786816843693,0.3080978681684367
job_change,Random Forest,0,610,611,634,num__city_development_index,0.9175000190734863,0.4146067268054143,384,492.0705494832996,False,0.7066316447141927,0.2933683552858074,0.2933683552858074
job_change,Random Forest,0,611,612,631,cat__experience_6,0.5,0.2912799113358605,171,203.95074759335634,False,0.8230480526671996,0.1769519473328001,0.17695194733280015
job_change,Random Forest,0,612,613,630,cat__experience_8,0.5,0.27382857192715426,166,195.94410835372972,False,0.8362821940519941,0.16371780594800575,0.16371780594800578
job_change,Random Forest,0,613,614,617,cat__enrolled_university_no_enrollment,0.5,0.25335721760739893,163,188.60358524762202,False,0.8511714555545493,0.14882854444545074,0.14882854444545074
job_change,Random Forest,0,614,615,616,num__city_development_index,0.8110000193119049,0.4449338048589727,9,12.003336040739178,False,0.6659310024393078,0.3340689975606923,0.3340689975606923
job_change,Random Forest,0,615,-1,-1,leaf,,0.4439534622127025,3,6.008290839070195,True,0.3325984800139235,0.6674015199860764,0.6674015199860764
job_change,Random Forest,0,616,-1,-1,leaf,,-6.661338147750939e-16,6,5.995045201668985,True,1.0,0.0,0.0
job_change,Random Forest,0,617,618,629,cat__city_city_100,0.5,0.23535433132810457,154,176.60024920688275,False,0.8637620573066245,0.13623794269337594,0.13623794269337589
job_change,Random Forest,0,618,619,628,cat__company_type_NGO,0.5,0.24386562851729388,145,169.27297173817627,False,0.8578647590100943,0.14213524098990582,0.14213524098990582
job_change,Random Forest,0,619,620,627,cat__experience_14,0.5,0.23206851792310312,142,164.60353598484423,False,0.8660133071876599,0.13398669281233994,0.13398669281233996
job_change,Random Forest,0,620,621,626,cat__city_city_50,0.5,0.2437201391087781,134,155.27791011558145,False,0.8579663817254504,0.14203361827454927,0.14203361827454933
job_change,Random Forest,0,621,622,625,cat__city_city_138,0.5,0.24906488859974707,129,151.28121331446874,False,0.8542139970415153,0.1457860029584845,0.14578600295848454
job_change,Random Forest,0,622,623,624,cat__city_city_16,0.5,0.23792331183510007,125,145.27954529409914,False,0.8619921878748907,0.13800781212510926,0.13800781212510926
job_change,Random Forest,0,623,-1,-1,leaf,,0.193853162782046,95,110.61501507632038,True,0.8912459822272646,0.10875401777273593,0.10875401777273588
job_change,Random Forest,0,624,-1,-1,leaf,,0.35566197504181973,30,34.664530217778776,True,0.76864290885689,0.23135709114310996,0.23135709114310996
job_change,Random Forest,0,625,-1,-1,leaf,,0.4449338048589694,4,6.00166802036959,True,0.6659310024393077,0.33406899756069225,0.33406899756069225
job_change,Random Forest,0,626,-1,-1,leaf,,0.0,5,3.9966968011126562,True,1.0,0.0,0.0
job_change,Random Forest,0,627,-1,-1,leaf,,0.0,8,9.325625869262865,True,1.0,0.0,0.0
job_change,Random Forest,0,628,-1,-1,leaf,,0.4900261693302146,3,4.669435753332038,True,0.5706180949537175,0.42938190504628243,0.42938190504628243
job_change,Random Forest,0,629,-1,-1,leaf,,0.0,9,7.327277468706537,True,1.0,0.0,0.0
job_change,Random Forest,0,630,-1,-1,leaf,,0.49571729467548975,3,7.340523106107748,True,0.45372524811244597,0.5462747518875539,0.546274751887554
job_change,Random Forest,0,631,632,633,cat__company_type_Pvt Ltd,0.5,0.49999863159325086,5,8.006639239626523,False,0.49917283413147584,0.5008271658685242,0.5008271658685242
job_change,Random Forest,0,632,-1,-1,leaf,,0.2443195398367629,2,4.676058572032643,True,0.1424524785687663,0.8575475214312337,0.8575475214312337
job_change,Random Forest,0,633,-1,-1,leaf,,0.0,3,3.3305806675938805,True,1.0,0.0,0.0
job_change,Random Forest,0,634,635,664,cat__city_city_114,0.5,0.4691366907306913,213,288.11980188994363,False,0.6242242111452279,0.3757757888547725,0.3757757888547723
job_change,Random Forest,0,635,636,659,cat__gender_Female,0.5,0.4875185518565579,147,204.7824341943901,False,0.5789982535991853,0.42100174640081445,0.42100174640081456
job_change,Random Forest,0,636,637,656,cat__company_type_Funded Startup,0.5,0.4832425801674818,138,191.4336202492121,False,0.5915352932822044,0.4084647067177961,0.40846470671779594
job_change,Random Forest,0,637,638,653,cat__experience_11,0.5,0.4886662220704061,132,184.1063427805056,False,0.5752787417854245,0.4247212582145761,0.42472125821457585
job_change,Random Forest,0,638,639,652,cat__enrolled_university_Part time course,0.5,0.4921577687028884,126,178.7774137123554,False,0.5626188122576232,0.4373811877423773,0.4373811877423771
job_change,Random Forest,0,639,640,651,cat__experience_5,0.5,0.4940995829395821,123,175.44683304476155,False,0.5543158220982491,0.44568417790175135,0.44568417790175113
job_change,Random Forest,0,640,641,648,num__training_hours,89.0,0.49582457483198017,118,172.1162523771676,False,0.5456914935629102,0.45430850643709064,0.45430850643709025
job_change,Random Forest,0,641,642,645,cat__city_city_103,0.5,0.49934712983952145,90,135.45337375883258,False,0.4819324854991542,0.518067514500847,0.5180675145008464
job_change,Random Forest,0,642,643,644,cat__education_level_High School,0.5,0.4978914844651673,33,52.71589400979179,False,0.4675306641981023,0.5324693358018977,0.5324693358018977
job_change,Random Forest,0,643,-1,-1,leaf,,0.49709130770557686,30,44.70925477016526,True,0.4618641094608817,0.5381358905391183,0.5381358905391183
job_change,Random Forest,0,644,-1,-1,leaf,,0.49999863159325175,3,8.006639239626523,True,0.49917283413147584,0.5008271658685242,0.5008271658685242
job_change,Random Forest,0,645,646,647,cat__relevent_experience_No relevent experience,0.5,0.49984188442054256,57,82.73747974904092,False,0.4911085552508187,0.5088914447491816,0.5088914447491815
job_change,Random Forest,0,646,-1,-1,leaf,,0.4923897759270146,47,64.03986827961099,True,0.5616855901851711,0.4383144098148289,0.4383144098148289
job_change,Random Forest,0,647,-1,-1,leaf,,0.37437936987003617,10,18.69761146942996,True,0.24938013832702605,0.7506198616729741,0.7506198616729739
job_change,Random Forest,0,648,649,650,cat__company_size_<10,0.5,0.3417931982808545,28,36.6628786183351,False,0.7812532681758113,0.2187467318241888,0.2187467318241888
job_change,Random Forest,0,649,-1,-1,leaf,,0.3556619750418172,26,34.664530217778776,True,0.76864290885689,0.23135709114310996,0.23135709114310996
job_change,Random Forest,0,650,-1,-1,leaf,,3.552713678800501e-15,2,1.9983484005563281,True,1.0,0.0,0.0
job_change,Random Forest,0,651,-1,-1,leaf,,4.263256414560601e-14,5,3.3305806675938805,True,1.0,0.0,0.0
job_change,Random Forest,0,652,-1,-1,leaf,,1.709743457922741e-14,3,3.3305806675938805,True,1.0,0.0,0.0
job_change,Random Forest,0,653,654,655,cat__company_size_100-500,0.5,1.0658141036401503e-14,6,5.328929068150209,False,1.0,0.0,0.0
job_change,Random Forest,0,654,-1,-1,leaf,,0.0,4,3.9966968011126562,True,1.0,0.0,0.0
job_change,Random Forest,0,655,-1,-1,leaf,,0.0,2,1.3322322670375522,True,1.0,0.0,0.0
job_change,Random Forest,0,656,657,658,cat__city_city_103,0.5,7.771561172376096e-15,6,7.327277468706536,False,1.0,0.0,0.0
job_change,Random Forest,0,657,-1,-1,leaf,,0.0,2,1.3322322670375522,True,1.0,0.0,0.0
job_change,Random Forest,0,658,-1,-1,leaf,,0.0,4,5.995045201668984,True,1.0,0.0,0.0
job_change,Random Forest,0,659,660,663,cat__major_discipline_Humanities,0.5,0.479681213075822,9,13.348813945177941,False,0.39920618341341135,0.6007938165865887,0.6007938165865887
job_change,Random Forest,0,660,661,662,cat__education_level_Masters,0.5,0.4439534622127025,7,12.01658167814039,False,0.3325984800139235,0.6674015199860764,0.6674015199860764
job_change,Random Forest,0,661,-1,-1,leaf,,0.0,3,2.6644645340751043,True,1.0,0.0,0.0
job_change,Random Forest,0,662,-1,-1,leaf,,0.2443195398367629,4,9.352117144065284,True,0.14245247856876633,0.8575475214312338,0.8575475214312336
job_change,Random Forest,0,663,-1,-1,leaf,,-2.6645352591003757e-15,2,1.3322322670375522,True,1.0,0.0,0.0
job_change,Random Forest,0,664,665,668,cat__education_level_Phd,0.5,0.3892145312554601,66,83.33736769555364,False,0.7353566110655677,0.2646433889344332,0.26464338893443295
job_change,Random Forest,0,665,666,667,cat__enrolled_university_Part time course,0.5,0.3395699762437484,61,73.99187337018898,False,0.7832225483222084,0.21677745167779228,0.21677745167779214
job_change,Random Forest,0,666,-1,-1,leaf,,0.3183635315022545,59,70.65466988389451,True,0.8013606381876579,0.19863936181234237,0.19863936181234232
job_change,Random Forest,0,667,-1,-1,leaf,,0.47968121307581724,2,3.3372034862944853,True,0.39920618341341135,0.6007938165865887,0.6007938165865887
job_change,Random Forest,0,668,-1,-1,leaf,,0.4587486443121055,5,9.34549432536468,True,0.3563835739062326,0.6436164260937675,0.6436164260937675
job_change,Random Forest,0,669,670,671,num__training_hours,58.5,0.46239131190140115,10,22.028192137023844,False,0.36287106778910067,0.6371289322108995,0.6371289322108994
job_change,Random Forest,0,670,-1,-1,leaf,,0.29689440279117807,5,14.694291849616704,True,0.18132650156561345,0.8186734984343865,0.8186734984343865
job_change,Random Forest,0,671,-1,-1,leaf,,0.3972904046610469,5,7.3339002874071415,True,0.7266159695817491,0.27338403041825093,0.27338403041825093
job_change,Random Forest,0,672,673,674,num__city_development_index,0.8955000042915344,0.49198265630551197,26,42.71090636960894,False,0.4366859269415335,0.5633140730584663,0.5633140730584664
job_change,Random Forest,0,673,-1,-1,leaf,,0.0,11,10.657858136300415,True,1.0,0.0,0.0
job_change,Random Forest,0,674,-1,-1,leaf,,0.3743793698700394,15,32.053048233308516,True,0.249380138327026,0.750619861672974,0.750619861672974
job_change,Random Forest,0,675,-1,-1,leaf,,0.18047690112189418,20,19.990106824263883,True,0.8997018256639175,0.1002981743360826,0.10029817433608257
job_change,Random Forest,0,676,677,678,num__city_development_index,0.7905000150203705,0.33001611267897923,55,67.32408921630064,False,0.7915337779066398,0.20846622209336033,0.20846622209336027
job_change,Random Forest,0,677,-1,-1,leaf,,0.3193648071611723,3,10.018233277584061,True,0.19947113879127382,0.8005288612087262,0.8005288612087262
job_change,Random Forest,0,678,679,688,cat__city_city_10,0.5,0.18788930655073277,52,57.305855938716576,False,0.8950384117078156,0.1049615882921844,0.1049615882921844
job_change,Random Forest,0,679,680,683,cat__education_level_Masters,0.5,0.19803963188123141,49,53.9752752711227,False,0.888561686298822,0.11143831370117786,0.11143831370117788
job_change,Random Forest,0,680,681,682,cat__relevent_experience_No relevent experience,0.5,0.39729040466104726,14,14.66780057481428,False,0.7266159695817493,0.273384030418251,0.2733840304182509
job_change,Random Forest,0,681,-1,-1,leaf,,0.4971665869056826,7,8.672755373145298,True,0.5376391624130864,0.46236083758691376,0.46236083758691365
job_change,Random Forest,0,682,-1,-1,leaf,,-1.1102230246251565e-15,7,5.995045201668985,True,1.0,0.0,0.0
job_change,Random Forest,0,683,684,685,cat__company_type_Public Sector,0.5,0.09681125074243668,35,39.30747469630839,False,0.9489926220204314,0.05100737797956867,0.05100737797956867
job_change,Random Forest,0,684,-1,-1,leaf,,0.0,27,30.641342141863692,True,1.0,0.0,0.0
job_change,Random Forest,0,685,686,687,cat__gender_Male,0.5,0.35566197504181674,8,8.666132554444694,False,0.7686429088568901,0.23135709114310996,0.23135709114310996
job_change,Random Forest,0,686,-1,-1,leaf,,0.0,2,1.9983484005563281,True,1.0,0.0,0.0
job_change,Random Forest,0,687,-1,-1,leaf,,0.42055525670800686,6,6.667784153888366,True,0.6993047205813163,0.3006952794186836,0.3006952794186836
job_change,Random Forest,0,688,-1,-1,leaf,,0.0,3,3.3305806675938805,True,1.0,0.0,0.0
job_change,Random Forest,0,689,-1,-1,leaf,,-2.1316282072803006e-14,12,15.986787204450623,True,1.0,0.0,0.0
job_change,Random Forest,0,690,691,692,cat__city_city_103,0.5,0.15319947307198611,24,23.986803625376538,False,0.916413572622248,0.08358642737775196,0.08358642737775196
job_change,Random Forest,0,691,-1,-1,leaf,,0.1859806665164465,18,19.323990690745102,True,0.8962444532631049,0.10375554673689531,0.10375554673689528
job_change,Random Forest,0,692,-1,-1,leaf,,0.0,6,4.662812934631432,True,1.0,0.0,0.0
job_change,Random Forest,0,693,694,701,cat__company_type_Public Sector,0.5,0.48514991667376806,19,27.363744023874656,False,0.41383131854833577,0.5861686814516643,0.5861686814516643
job_change,Random Forest,0,694,695,700,cat__education_level_High School,0.5,0.45535788506340513,16,24.699279489799554,False,0.3505976657869855,0.6494023342130146,0.6494023342130146
job_change,Random Forest,0,695,696,699,cat__enrolled_university_Full time course,0.5,0.46239131190139704,14,22.028192137023844,False,0.36287106778910067,0.6371289322108995,0.6371289322108994
job_change,Random Forest,0,696,697,698,cat__city_city_102,0.5,0.4879159513591286,12,17.3521335649912,False,0.4222695405877746,0.5777304594122257,0.5777304594122256
job_change,Random Forest,0,697,-1,-1,leaf,,0.45322844978809185,10,15.35378516443487,True,0.34707591718125697,0.6529240828187435,0.6529240828187431
job_change,Random Forest,0,698,-1,-1,leaf,,8.881784197001252e-16,2,1.9983484005563281,True,1.0,0.0,0.0
job_change,Random Forest,0,699,-1,-1,leaf,,0.24431953983676313,2,4.676058572032643,True,0.1424524785687663,0.8575475214312337,0.8575475214312337
job_change,Random Forest,0,700,-1,-1,leaf,,0.37437936987003917,2,2.6710873527757095,True,0.249380138327026,0.750619861672974,0.750619861672974
job_change,Random Forest,0,701,-1,-1,leaf,,1.3322676295501878e-15,3,2.6644645340751043,True,1.0,0.0,0.0
job_change,Random Forest,0,702,703,914,num__city_development_index,0.6245000064373016,0.4964986854387444,6096,10094.405801153802,False,0.45815914340317226,0.5418408565967899,0.5418408565968104
job_change,Random Forest,0,703,704,837,cat__enrolled_university_Full time course,0.5,0.3000007694775795,1176,2675.0073643076425,False,0.18377284230919916,0.8162271576908102,0.8162271576908026
job_change,Random Forest,0,704,705,830,cat__experience_15,0.5,0.3172122387098335,852,1866.74183875434,False,0.197685791526294,0.802314208473707,0.8023142084737062
job_change,Random Forest,0,705,706,829,cat__city_city_126,0.5,0.31340046994379933,837,1842.0491820832415,False,0.1945498976459501,0.8054501023540503,0.80545010235405
job_change,Random Forest,0,706,707,814,cat__city_city_11,0.5,0.3144112067650263,831,1824.0110639286295,False,0.19537827290640197,0.8046217270935985,0.8046217270935981
job_change,Random Forest,0,707,708,811,cat__experience_16,0.5,0.31166889898500916,758,1662.3937220389466,False,0.19313594132336806,0.8068640586766324,0.806864058676632
job_change,Random Forest,0,708,709,792,cat__experience_<1,0.5,0.309615798026727,748,1649.0449080937706,False,0.19146782827938913,0.8085321717206102,0.8085321717206108
job_change,Random Forest,0,709,710,777,cat__experience_6,0.5,0.31441576777226965,711,1564.86923097848,False,0.19538201610235534,0.8046179838976446,0.8046179838976446
job_change,Random Forest,0,710,711,768,cat__experience_3,0.5,0.32320301804000506,636,1370.479742172365,False,0.2026811627562127,0.7973188372437869,0.7973188372437872
job_change,Random Forest,0,711,712,761,cat__last_new_job_3,0.5,0.33353549640469304,551,1174.7580210992123,False,0.2114999968844818,0.7885000031155175,0.788500003115518
job_change,Random Forest,0,712,713,760,cat__major_discipline_Business Degree,0.5,0.33242670035502575,526,1119.9974189579596,False,0.210540763107328,0.7894592368926708,0.7894592368926717
job_change,Random Forest,0,713,714,729,cat__enrolled_university_no_enrollment,0.5,0.3346539166471254,518,1097.2832422313147,False,0.21247079856745318,0.7875292014325457,0.7875292014325466
job_change,Random Forest,0,714,715,728,cat__experience_2,0.5,0.2881292168800109,25,53.4349926929154,False,0.17452282482485096,0.825477175175149,0.8254771751751491
job_change,Random Forest,0,715,716,717,cat__gender_Male,0.5,0.36133552510934264,21,39.40019415811687,False,0.23668984553320238,0.7633101544667976,0.7633101544667976
job_change,Random Forest,0,716,-1,-1,leaf,,0.0,3,2.6644645340751043,True,1.0,0.0,0.0
job_change,Random Forest,0,717,718,727,cat__experience_8,0.5,0.2968944027911783,18,36.73572962404177,False,0.18132650156561342,0.8186734984343865,0.8186734984343865
job_change,Random Forest,0,718,719,726,cat__experience_11,0.5,0.356317853036376,16,28.71584474701403,False,0.23196814838192809,0.7680318516180719,0.7680318516180719
job_change,Random Forest,0,719,720,725,cat__last_new_job_2,0.5,0.41465865753107567,14,22.70093108924323,False,0.2934311949144735,0.7065688050855264,0.7065688050855264
job_change,Random Forest,0,720,721,724,num__training_hours,87.0,0.3490013140358943,11,20.7025826886869,False,0.2252285622884852,0.7747714377115148,0.7747714377115148
job_change,Random Forest,0,721,722,723,cat__city_city_21,0.5,0.2443195398367629,9,18.704234288130575,False,0.14245247856876628,0.8575475214312335,0.8575475214312337
job_change,Random Forest,0,722,-1,-1,leaf,,0.4439534622127025,4,6.008290839070195,True,0.3325984800139235,0.6674015199860764,0.6674015199860764
job_change,Random Forest,0,723,-1,-1,leaf,,0.09942815549069628,5,12.695943449060374,True,0.05246684787085085,0.9475331521291492,0.9475331521291492
job_change,Random Forest,0,724,-1,-1,leaf,,-8.881784197001252e-16,2,1.9983484005563281,True,1.0,0.0,0.0
job_change,Random Forest,0,725,-1,-1,leaf,,2.6645352591003757e-15,3,1.9983484005563281,True,1.0,0.0,0.0
job_change,Random Forest,0,726,-1,-1,leaf,,0.0,2,6.0149136577708,True,0.0,1.0,1.0
job_change,Random Forest,0,727,-1,-1,leaf,,0.0,2,8.019884877027733,True,0.0,1.0,1.0
job_change,Random Forest,0,728,-1,-1,leaf,,0.0,4,14.034798534798533,True,0.0,1.0,1.0
job_change,Random Forest,0,729,730,753,cat__city_city_74,0.5,0.33688055343219214,493,1043.8482495383992,False,0.21441336991395255,0.7855866300860462,0.7855866300860472
job_change,Random Forest,0,730,731,752,cat__company_size_10/49,0.5,0.3339102518773932,481,1025.1572608876693,False,0.21182492463555336,0.7881750753644458,0.7881750753644464
job_change,Random Forest,0,731,732,749,num__training_hours,197.0,0.34558229443143473,434,917.6012909122179,False,0.22213518973377822,0.7778648102662202,0.7778648102662215
job_change,Random Forest,0,732,733,734,num__city_development_index,0.47050000727176666,0.33331900776190904,413,866.8771224842808,False,0.21131245936298762,0.7886875406370112,0.7886875406370122
job_change,Random Forest,0,733,-1,-1,leaf,,0.0,3,3.33058066759388,True,1.0,0.0,0.0
job_change,Random Forest,0,734,735,742,cat__company_size_10000+,0.5,0.32978791388911133,410,863.5465418166868,False,0.208270599603939,0.79172940039606,0.7917294003960608
job_change,Random Forest,0,735,736,739,cat__company_size_5000-9999,0.5,0.3188972302947545,322,685.9159214477507,False,0.19908242847480073,0.8009175715251982,0.800917571525199
job_change,Random Forest,0,736,737,738,cat__experience_5,0.5,0.3233254034020002,304,643.8313942994569,False,0.20278408807905213,0.7972159119209469,0.7972159119209477
job_change,Random Forest,0,737,-1,-1,leaf,,0.329710215391942,253,534.2903215608493,True,0.20820402281040842,0.7917959771895915,0.7917959771895916
job_change,Random Forest,0,738,-1,-1,leaf,,0.2904989877042722,51,109.54107273860645,True,0.17634817141275194,0.8236518285872483,0.8236518285872481
job_change,Random Forest,0,739,740,741,cat__experience_10,0.5,0.2443195398367648,18,42.08452714829379,False,0.1424524785687663,0.8575475214312337,0.8575475214312337
job_change,Random Forest,0,740,-1,-1,leaf,,0.2653262585805838,16,38.07458470977992,True,0.15745530115077222,0.8425446988492278,0.8425446988492278
job_change,Random Forest,0,741,-1,-1,leaf,,0.0,2,4.009942438513867,True,0.0,1.0,1.0
job_change,Random Forest,0,742,743,746,cat__experience_1,0.5,0.3686723652747398,88,177.63062036893484,False,0.2437504783172654,0.7562495216827348,0.7562495216827346
job_change,Random Forest,0,743,744,745,num__training_hours,27.0,0.35947157901047433,84,172.9611846156028,False,0.23492602825859601,0.7650739717414042,0.765073971741404
job_change,Random Forest,0,744,-1,-1,leaf,,0.2585056116187321,25,56.7788189979105,True,0.1525130301858298,0.8474869698141702,0.8474869698141702
job_change,Random Forest,0,745,-1,-1,leaf,,0.3989313703173776,59,116.18236561769233,True,0.27520161290322614,0.7247983870967746,0.7247983870967741
job_change,Random Forest,0,746,747,748,num__training_hours,72.5,0.49002616933021526,4,4.669435753332038,False,0.5706180949537175,0.42938190504628243,0.42938190504628243
job_change,Random Forest,0,747,-1,-1,leaf,,0.0,2,1.3322322670375522,True,1.0,0.0,0.0
job_change,Random Forest,0,748,-1,-1,leaf,,0.4796812130758181,2,3.3372034862944853,True,0.39920618341341135,0.6007938165865887,0.6007938165865887
job_change,Random Forest,0,749,750,751,cat__city_city_21,0.5,0.48273765011432745,21,50.724168427936064,False,0.4070958830684231,0.5929041169315769,0.5929041169315769
job_change,Random Forest,0,750,-1,-1,leaf,,0.3743793698700386,3,5.342174705551418,True,0.24938013832702602,0.7506198616729741,0.7506198616729739
job_change,Random Forest,0,751,-1,-1,leaf,,0.488947577136542,18,45.38199372238464,True,0.4256615077383924,0.5743384922616076,0.5743384922616076
job_change,Random Forest,0,752,-1,-1,leaf,,0.21704355896737904,47,107.5559699754513,True,0.12386409302446177,0.8761359069755386,0.8761359069755381
job_change,Random Forest,0,753,754,759,cat__company_size_100-500,0.5,0.45874864431208595,12,18.69098865072936,False,0.35638357390623254,0.6436164260937676,0.6436164260937676
job_change,Random Forest,0,754,755,756,cat__gender_Male,0.5,0.3743793698700386,8,13.355436763878547,False,0.249380138327026,0.750619861672974,0.750619861672974
job_change,Random Forest,0,755,-1,-1,leaf,,0.0,2,1.3322322670375522,True,1.0,0.0,0.0
job_change,Random Forest,0,756,757,758,num__training_hours,67.5,0.2771653159138717,6,12.023204496840995,False,0.1662076363320094,0.8337923636679906,0.8337923636679906
job_change,Random Forest,0,757,-1,-1,leaf,,0.49999863159325175,3,4.0033196198132615,True,0.49917283413147584,0.5008271658685242,0.5008271658685242
job_change,Random Forest,0,758,-1,-1,leaf,,0.0,3,8.019884877027733,True,0.0,1.0,1.0
job_change,Random Forest,0,759,-1,-1,leaf,,0.46913669073069186,4,5.335551886850814,True,0.6242242111452276,0.3757757888547723,0.3757757888547723
job_change,Random Forest,0,760,-1,-1,leaf,,0.20708759353324513,8,22.714176726644435,True,0.11730403290160213,0.882695967098398,0.8826959670983978
job_change,Random Forest,0,761,762,763,num__training_hours,47.0,0.3554058375501129,25,54.76060214125233,False,0.2311188343804305,0.7688811656195697,0.7688811656195694
job_change,Random Forest,0,762,-1,-1,leaf,,0.4439534622127025,13,30.041454195350976,True,0.33259848001392356,0.6674015199860764,0.6674015199860764
job_change,Random Forest,0,763,764,767,cat__relevent_experience_No relevent experience,0.5,0.19234184335319726,12,24.719147945901373,False,0.1077894974335834,0.8922105025664165,0.8922105025664165
job_change,Random Forest,0,764,765,766,cat__experience_8,0.5,0.1280526932449212,9,19.37697324034995,False,0.06875337290879656,0.9312466270912035,0.9312466270912035
job_change,Random Forest,0,765,-1,-1,leaf,,0.17952400531111212,7,13.362059582579151,True,0.09970261386758493,0.9002973861324152,0.9002973861324152
job_change,Random Forest,0,766,-1,-1,leaf,,0.0,2,6.0149136577708,True,0.0,1.0,1.0
job_change,Random Forest,0,767,-1,-1,leaf,,0.3743793698700383,3,5.342174705551419,True,0.249380138327026,0.750619861672974,0.750619861672974
job_change,Random Forest,0,768,769,774,cat__last_new_job_1,0.5,0.25464831555851586,85,195.7217210731514,False,0.14974888691006247,0.8502511130899378,0.8502511130899376
job_change,Random Forest,0,769,770,771,cat__company_type_Pvt Ltd,0.5,0.3002485470852376,33,68.79540067605086,False,0.1839687887923391,0.8160312112076609,0.8160312112076609
job_change,Random Forest,0,770,-1,-1,leaf,,0.4796812130758181,3,3.3372034862944853,True,0.39920618341341135,0.6007938165865887,0.6007938165865887
job_change,Random Forest,0,771,772,773,cat__company_size_100-500,0.5,0.28613612830450597,30,65.45819718975638,False,0.1729955109669793,0.8270044890330206,0.8270044890330207
job_change,Random Forest,0,772,-1,-1,leaf,,0.23055074174579981,26,60.12264530290557,True,0.13295146216460663,0.8670485378353933,0.8670485378353934
job_change,Random Forest,0,773,-1,-1,leaf,,0.4691366907306913,4,5.335551886850814,True,0.6242242111452277,0.3757757888547723,0.3757757888547723
job_change,Random Forest,0,774,775,776,cat__company_size_50-99,0.5,0.227975097003836,52,126.92632039710065,False,0.1312013401623025,0.8687986598376976,0.8687986598376976
job_change,Random Forest,0,775,-1,-1,leaf,,0.26994538655282585,27,62.1209937034619,True,0.16084324166605884,0.8391567583339412,0.8391567583339412
job_change,Random Forest,0,776,-1,-1,leaf,,0.1844440629406301,25,64.80532669363883,True,0.10278725029314,0.8972127497068598,0.89721274970686
job_change,Random Forest,0,777,778,789,cat__company_size_100-500,0.5,0.2464165758530461,75,194.38948880611392,False,0.14392176130311768,0.8560782386968825,0.8560782386968823
job_change,Random Forest,0,778,779,788,cat__last_new_job_>4,0.5,0.22893440886369587,62,161.66370162058607,False,0.1318522096112051,0.8681477903887951,0.8681477903887949
job_change,Random Forest,0,779,780,787,cat__company_size_1000-4999,0.5,0.2036228775566884,58,156.32814973373524,False,0.11504732599752508,0.8849526740024751,0.8849526740024749
job_change,Random Forest,0,780,781,786,cat__company_size_10000+,0.5,0.1917947310276037,56,154.99591746669773,False,0.10744091592959167,0.8925590840704083,0.8925590840704083
job_change,Random Forest,0,781,782,783,cat__company_size_10/49,0.5,0.16218601231304186,38,112.24527418488518,False,0.08901703947307137,0.9109829605269287,0.9109829605269287
job_change,Random Forest,0,782,-1,-1,leaf,,0.1912924082657247,28,80.83847362899367,True,0.10712114352241127,0.8928788564775887,0.8928788564775887
job_change,Random Forest,0,783,784,785,num__training_hours,22.5,0.08123851058520815,10,31.406800555891554,False,0.042418592262102955,0.957581407737897,0.957581407737897
job_change,Random Forest,0,784,-1,-1,leaf,,0.0,2,10.024856096284665,True,0.0,1.0,1.0
job_change,Random Forest,0,785,-1,-1,leaf,,0.11684864819070262,8,21.38194445960689,True,0.062306413224218316,0.9376935867757816,0.9376935867757816
job_change,Random Forest,0,786,-1,-1,leaf,,0.26307240067149984,18,42.75064328181256,True,0.15581429479966735,0.8441857052003328,0.8441857052003328
job_change,Random Forest,0,787,-1,-1,leaf,,2.1316282072803006e-14,2,1.3322322670375522,True,1.0,0.0,0.0
job_change,Random Forest,0,788,-1,-1,leaf,,0.46913669073068887,4,5.335551886850814,True,0.6242242111452276,0.3757757888547723,0.3757757888547723
job_change,Random Forest,0,789,790,791,cat__company_type_Pvt Ltd,0.5,0.3242285392007749,13,32.72578718552789,False,0.20354472445306013,0.79645527554694,0.79645527554694
job_change,Random Forest,0,790,-1,-1,leaf,,0.4796812130758181,2,3.3372034862944853,True,0.39920618341341135,0.6007938165865887,0.6007938165865887
job_change,Random Forest,0,791,-1,-1,leaf,,0.29689440279117796,11,29.388583699233408,True,0.18132650156561345,0.8186734984343866,0.8186734984343866
job_change,Random Forest,0,792,793,810,cat__company_type_Early Stage Startup,0.5,0.20922223495179892,37,84.17567711528812,False,0.11870105884740098,0.8812989411525992,0.881298941152599
job_change,Random Forest,0,793,794,807,cat__company_size_10/49,0.5,0.22298758367133908,35,78.16076345751733,False,0.12783577796310094,0.8721642220368993,0.872164222036899
job_change,Random Forest,0,794,795,796,cat__last_new_job_1,0.5,0.23777303878857137,28,62.79373265568128,False,0.13790404502989229,0.8620959549701076,0.8620959549701077
job_change,Random Forest,0,795,-1,-1,leaf,,0.33177323264572645,6,12.689320630359768,True,0.20997692561257011,0.79002307438743,0.7900230743874298
job_change,Random Forest,0,796,797,798,cat__city_city_21,0.5,0.2106693431521659,22,50.104412025321516,False,0.11965104387691924,0.8803489561230806,0.8803489561230807
job_change,Random Forest,0,797,-1,-1,leaf,,0.3743793698700386,3,8.013262058327127,True,0.24938013832702602,0.750619861672974,0.750619861672974
job_change,Random Forest,0,798,799,806,cat__company_size_<10,0.5,0.17187446523524696,19,42.09114996699439,False,0.09495337628567171,0.9050466237143283,0.9050466237143283
job_change,Random Forest,0,799,800,801,num__training_hours,31.5,0.13449512317230183,16,36.74897526144297,False,0.07250445801874265,0.9274955419812573,0.9274955419812574
job_change,Random Forest,0,800,-1,-1,leaf,,0.37437936987003895,5,8.013262058327129,True,0.24938013832702596,0.7506198616729739,0.750619861672974
job_change,Random Forest,0,801,802,805,cat__relevent_experience_Has relevent experience,0.5,0.045286855417798644,11,28.735713203115846,False,0.02318077608898701,0.976819223911013,0.976819223911013
job_change,Random Forest,0,802,803,804,num__training_hours,131.0,0.08651619634648178,7,14.700914668317312,False,0.04531120331950207,0.9546887966804979,0.9546887966804979
job_change,Random Forest,0,803,-1,-1,leaf,,4.440892098500626e-16,5,12.029827315541601,True,0.0,1.0,1.0
job_change,Random Forest,0,804,-1,-1,leaf,,0.3743793698700383,2,2.6710873527757095,True,0.249380138327026,0.750619861672974,0.750619861672974
job_change,Random Forest,0,805,-1,-1,leaf,,0.0,4,14.034798534798533,True,0.0,1.0,1.0
job_change,Random Forest,0,806,-1,-1,leaf,,0.3743793698700394,3,5.342174705551418,True,0.24938013832702602,0.7506198616729741,0.7506198616729739
job_change,Random Forest,0,807,808,809,cat__last_new_job_1,0.5,0.15835661257773814,7,15.367030801836085,False,0.08669418863131154,0.9133058113686885,0.9133058113686885
job_change,Random Forest,0,808,-1,-1,leaf,,0.2443195398367629,2,4.676058572032643,True,0.1424524785687663,0.8575475214312337,0.8575475214312337
job_change,Random Forest,0,809,-1,-1,leaf,,0.11684864819070273,5,10.690972229803442,True,0.06230641322421832,0.9376935867757817,0.9376935867757817
job_change,Random Forest,0,810,-1,-1,leaf,,0.0,2,6.0149136577708,True,0.0,1.0,1.0
job_change,Random Forest,0,811,812,813,num__training_hours,147.5,0.4796812130757929,10,13.34881394517794,False,0.3992061834134114,0.6007938165865888,0.6007938165865887
job_change,Random Forest,0,812,-1,-1,leaf,,0.4439534622127024,8,12.01658167814039,True,0.3325984800139235,0.6674015199860764,0.6674015199860764
job_change,Random Forest,0,813,-1,-1,leaf,,-2.6645352591003757e-15,2,1.3322322670375522,True,1.0,0.0,0.0
job_change,Random Forest,0,814,815,828,cat__experience_1,0.5,0.3414511586279403,73,161.6173418896818,False,0.21844286426015694,0.7815571357398436,0.7815571357398431
job_change,Random Forest,0,815,816,827,cat__experience_5,0.5,0.3499435765431651,69,150.2602535263596,False,0.22608721875674204,0.7739127812432585,0.7739127812432581
job_change,Random Forest,0,816,817,826,cat__last_new_job_>4,0.5,0.3956069291071673,56,112.84516213139788,False,0.27153438891943515,0.7284656110805653,0.728465611080565
job_change,Random Forest,0,817,818,825,cat__experience_17,0.5,0.38750219882806114,54,111.51292986436033,False,0.26283149326698285,0.7371685067330176,0.7371685067330173
job_change,Random Forest,0,818,819,820,cat__experience_6,0.5,0.3834755973101619,51,108.17572637806586,False,0.25862435635524694,0.7413756436447533,0.7413756436447532
job_change,Random Forest,0,819,-1,-1,leaf,,0.36799263264014725,39,79.46650444975249,True,0.24308817917439776,0.7569118208256022,0.7569118208256023
job_change,Random Forest,0,820,821,824,cat__company_size_10/49,0.5,0.42129722482122545,12,28.709221928313422,False,0.3016281582749536,0.6983718417250464,0.6983718417250464
job_change,Random Forest,0,821,822,823,cat__enrolled_university_Part time course,0.5,0.45535788506340535,10,24.699279489799554,False,0.3505976657869854,0.6494023342130146,0.6494023342130146
job_change,Random Forest,0,822,-1,-1,leaf,,0.49926470755254315,8,16.679394612771826,True,0.5191741029445569,0.4808258970554428,0.48082589705544293
job_change,Random Forest,0,823,-1,-1,leaf,,-4.440892098500626e-16,2,8.019884877027733,True,0.0,1.0,1.0
job_change,Random Forest,0,824,-1,-1,leaf,,0.0,2,4.009942438513867,True,0.0,1.0,1.0
job_change,Random Forest,0,825,-1,-1,leaf,,0.479681213075814,3,3.3372034862944853,True,0.39920618341341135,0.6007938165865887,0.6007938165865887
job_change,Random Forest,0,826,-1,-1,leaf,,-2.1316282072803006e-14,2,1.3322322670375522,True,1.0,0.0,0.0
job_change,Random Forest,0,827,-1,-1,leaf,,0.16218601231304142,13,37.41509139496174,True,0.08901703947307132,0.9109829605269287,0.9109829605269287
job_change,Random Forest,0,828,-1,-1,leaf,,0.20708759353324424,4,11.357088363322218,True,0.11730403290160213,0.882695967098398,0.8826959670983978
job_change,Random Forest,0,829,-1,-1,leaf,,0.19702297750001818,6,18.038118154611794,True,0.11078474946375776,0.8892152505362423,0.8892152505362423
job_change,Random Forest,0,830,831,836,cat__company_size_100-500,0.5,0.4906485025543249,15,24.692656671098952,False,0.43162055335968363,0.5683794466403163,0.5683794466403164
job_change,Random Forest,0,831,832,833,num__training_hours,38.0,0.4900261693302156,13,18.67774301332815,False,0.5706180949537174,0.42938190504628243,0.42938190504628254
job_change,Random Forest,0,832,-1,-1,leaf,,0.0,4,3.9966968011126562,True,1.0,0.0,0.0
job_change,Random Forest,0,833,834,835,cat__last_new_job_never,0.5,0.49571729467549075,9,14.681046212215495,False,0.45372524811244597,0.5462747518875539,0.546274751887554
job_change,Random Forest,0,834,-1,-1,leaf,,0.49198265630549454,7,10.677726592402232,True,0.4366859269415337,0.5633140730584664,0.5633140730584664
job_change,Random Forest,0,835,-1,-1,leaf,,0.49999863159325153,2,4.0033196198132615,True,0.49917283413147584,0.5008271658685242,0.5008271658685242
job_change,Random Forest,0,836,-1,-1,leaf,,5.551115123125783e-16,2,6.0149136577708,True,0.0,1.0,1.0
job_change,Random Forest,0,837,838,913,cat__major_discipline_Arts,0.5,0.25729059368601404,324,808.2655255533291,False,0.15163998054172578,0.8483600194582726,0.848360019458274
job_change,Random Forest,0,838,839,912,cat__experience_18,0.5,0.2543517977582763,322,806.2671771527719,False,0.1495373042378646,0.8504626957621347,0.8504626957621353
job_change,Random Forest,0,839,840,905,cat__company_type_Public Sector,0.5,0.2569839810558229,319,796.2423210564879,False,0.15142000993733282,0.8485799900626662,0.848579990062667
job_change,Random Forest,0,840,841,904,cat__major_discipline_Humanities,0.5,0.25261359420525675,310,781.5546520255717,False,0.14829955516466517,0.8517004448353339,0.8517004448353347
job_change,Random Forest,0,841,842,901,cat__experience_16,0.5,0.24953261035838814,308,779.5563036250152,False,0.14611626934711053,0.8538837306528889,0.8538837306528894
job_change,Random Forest,0,842,843,900,cat__company_type_Funded Startup,0.5,0.2458985422544565,304,774.8868678716829,False,0.14355823915712107,0.8564417608428788,0.8564417608428789
job_change,Random Forest,0,843,844,899,cat__company_size_5000-9999,0.5,0.24431953983676225,296,762.1975472413233,False,0.14245247856876567,0.8575475214312334,0.8575475214312342
job_change,Random Forest,0,844,845,892,cat__company_size_100-500,0.5,0.24595776567789895,290,746.8305164394869,False,0.14359977951598946,0.8564002204840095,0.8564002204840104
job_change,Random Forest,0,845,846,889,cat__company_type_NGO,0.5,0.22547335203929975,257,684.0698978773082,False,0.1295093469730294,0.8704906530269698,0.8704906530269705
job_change,Random Forest,0,846,847,884,cat__experience_6,0.5,0.2233637096563139,252,676.056635818981,False,0.12808852508716037,0.8719114749128385,0.8719114749128395
job_change,Random Forest,0,847,848,871,cat__experience_2,0.5,0.22168529858930242,239,645.3291970340092,False,0.12696199830935512,0.8730380016906439,0.8730380016906447
job_change,Random Forest,0,848,849,870,cat__company_size_10000+,0.5,0.19026630367917496,193,531.7980503129899,False,0.10646874563713116,0.8935312543628686,0.8935312543628688
job_change,Random Forest,0,849,850,863,cat__company_type_Early Stage Startup,0.5,0.17504297027681748,180,501.7499732989379,False,0.09691376250039077,0.9030862374996097,0.9030862374996093
job_change,Random Forest,0,850,851,854,num__training_hours,32.5,0.16697800599616552,165,463.675388589158,False,0.09194240969941903,0.9080575903005812,0.908057590300581
job_change,Random Forest,0,851,852,853,cat__experience_9,0.5,0.28362116536116977,64,159.63886194522726,False,0.1710784024734544,0.8289215975265459,0.8289215975265456
job_change,Random Forest,0,852,-1,-1,leaf,,0.2771653159138713,61,156.30165845893282,True,0.16620763633200952,0.8337923636679906,0.8337923636679906
job_change,Random Forest,0,853,-1,-1,leaf,,0.4796812130758229,3,3.3372034862944857,True,0.3992061834134113,0.6007938165865886,0.6007938165865887
job_change,Random Forest,0,854,855,862,cat__last_new_job_>4,0.5,0.09570329582343773,101,304.03652664393024,False,0.050390889673840145,0.9496091103261597,0.9496091103261599
job_change,Random Forest,0,855,856,859,cat__city_city_21,0.5,0.08927743599980598,99,298.6943519383789,False,0.04683194949324028,0.9531680505067592,0.9531680505067597
job_change,Random Forest,0,856,857,858,cat__company_size_10/49,0.5,0.0888238845374475,22,71.49960212232959,False,0.04658180701335298,0.9534181929866471,0.9534181929866471
job_change,Random Forest,0,857,-1,-1,leaf,,0.10919883529197782,19,57.46480358753107,True,0.05795861918366605,0.9420413808163338,0.9420413808163339
job_change,Random Forest,0,858,-1,-1,leaf,,-1.1102230246251565e-15,3,14.034798534798533,True,0.0,1.0,1.0
job_change,Random Forest,0,859,860,861,cat__major_discipline_STEM,0.5,0.08942011969125818,77,227.19474981604904,False,0.04691067088887257,0.9530893291111273,0.9530893291111274
job_change,Random Forest,0,860,-1,-1,leaf,,0.0,3,6.0149136577708,True,0.0,1.0,1.0
job_change,Random Forest,0,861,-1,-1,leaf,,0.09172892601562832,74,221.17983615827825,True,0.04818639131585919,0.9518136086841408,0.9518136086841408
job_change,Random Forest,0,862,-1,-1,leaf,,0.37437936987004283,2,5.342174705551419,True,0.249380138327026,0.750619861672974,0.750619861672974
job_change,Random Forest,0,863,864,869,cat__city_city_101,0.5,0.26532625858058234,15,38.07458470977992,False,0.15745530115077222,0.8425446988492278,0.8425446988492278
job_change,Random Forest,0,864,865,868,cat__last_new_job_never,0.5,0.17952400531111234,12,33.40514895644788,False,0.0997026138675849,0.9002973861324152,0.9002973861324152
job_change,Random Forest,0,865,866,867,cat__company_size_10/49,0.5,0.1322772941609197,10,28.062974250896463,False,0.07120943000161473,0.9287905699983853,0.9287905699983853
job_change,Random Forest,0,866,-1,-1,leaf,,0.17952400531111246,7,20.043089373868725,True,0.09970261386758493,0.9002973861324151,0.9002973861324151
job_change,Random Forest,0,867,-1,-1,leaf,,0.0,3,8.019884877027733,True,0.0,1.0,1.0
job_change,Random Forest,0,868,-1,-1,leaf,,0.3743793698700383,2,5.342174705551419,True,0.249380138327026,0.750619861672974,0.750619861672974
job_change,Random Forest,0,869,-1,-1,leaf,,0.4900261693302156,3,4.669435753332038,True,0.5706180949537175,0.42938190504628243,0.42938190504628243
job_change,Random Forest,0,870,-1,-1,leaf,,0.39050684861584084,13,30.04807701405158,True,0.2660201382766461,0.7339798617233539,0.7339798617233539
job_change,Random Forest,0,871,872,873,num__city_development_index,0.5195000171661377,0.34649288029074077,46,113.53114672101846,False,0.22295567167936753,0.777044328320633,0.7770443283206326
job_change,Random Forest,0,872,-1,-1,leaf,,0.0,2,4.009942438513867,True,0.0,1.0,1.0
job_change,Random Forest,0,873,874,877,cat__relevent_experience_No relevent experience,0.5,0.35540583755012267,44,109.5212042825046,False,0.23111883438043065,0.7688811656195698,0.7688811656195694
job_change,Random Forest,0,874,875,876,cat__last_new_job_2,0.5,0.14161469823007444,12,34.744004042186035,False,0.07668847064488946,0.9233115293551106,0.9233115293551106
job_change,Random Forest,0,875,-1,-1,leaf,,0.22421451085105848,10,20.709205507387505,True,0.12866087659058775,0.8713391234094122,0.8713391234094122
job_change,Random Forest,0,876,-1,-1,leaf,,0.0,2,14.034798534798533,True,0.0,1.0,1.0
job_change,Random Forest,0,877,878,883,num__training_hours,17.5,0.42228140216099763,32,74.77720024031862,False,0.3028723791055631,0.6971276208944371,0.697127620894437
job_change,Random Forest,0,878,879,880,num__training_hours,9.0,0.1923418433531976,8,24.71914794590137,False,0.10778949743358342,0.8922105025664168,0.8922105025664165
job_change,Random Forest,0,879,-1,-1,leaf,,0.0,2,1.3322322670375522,True,1.0,0.0,0.0
job_change,Random Forest,0,880,881,882,num__training_hours,13.5,0.10743972108172839,6,23.386915678863822,False,0.05696485527767013,0.9430351447223297,0.9430351447223299
job_change,Random Forest,0,881,-1,-1,leaf,,0.20708759353324413,4,11.357088363322218,True,0.11730403290160213,0.8826959670983978,0.8826959670983978
job_change,Random Forest,0,882,-1,-1,leaf,,0.0,2,12.0298273155416,True,0.0,1.0,1.0
job_change,Random Forest,0,883,-1,-1,leaf,,0.4796812130758179,24,50.0580522944173,True,0.39920618341341113,0.6007938165865885,0.6007938165865887
job_change,Random Forest,0,884,885,888,cat__last_new_job_1,0.5,0.2574404340867563,13,30.727438784971568,False,0.1517475298628521,0.8482524701371479,0.8482524701371479
job_change,Random Forest,0,885,886,887,num__training_hours,80.5,0.46913669073069175,5,5.335551886850814,False,0.6242242111452277,0.3757757888547723,0.3757757888547723
job_change,Random Forest,0,886,-1,-1,leaf,,0.4796812130758181,3,3.3372034862944857,True,0.3992061834134113,0.6007938165865886,0.6007938165865887
job_change,Random Forest,0,887,-1,-1,leaf,,4.440892098500626e-16,2,1.9983484005563281,True,1.0,0.0,0.0
job_change,Random Forest,0,888,-1,-1,leaf,,0.09942815549069572,8,25.391886898120752,True,0.05246684787085084,0.9475331521291491,0.9475331521291491
job_change,Random Forest,0,889,890,891,cat__last_new_job_never,0.5,0.37437936987003595,5,8.013262058327127,False,0.24938013832702602,0.750619861672974,0.750619861672974
job_change,Random Forest,0,890,-1,-1,leaf,,0.49999863159325153,3,4.0033196198132615,True,0.49917283413147584,0.5008271658685242,0.5008271658685242
job_change,Random Forest,0,891,-1,-1,leaf,,0.0,2,4.009942438513867,True,0.0,1.0,1.0
job_change,Random Forest,0,892,893,896,cat__experience_<1,0.5,0.4177287559305669,33,62.760618562178266,False,0.2971808144313865,0.7028191855686136,0.7028191855686136
job_change,Random Forest,0,893,894,895,cat__city_city_21,0.5,0.3743793698700386,28,56.092834408289896,False,0.24938013832702596,0.7506198616729739,0.750619861672974
job_change,Random Forest,0,894,-1,-1,leaf,,0.37437936987003884,2,2.6710873527757095,True,0.249380138327026,0.750619861672974,0.750619861672974
job_change,Random Forest,0,895,-1,-1,leaf,,0.37437936987003895,26,53.421747055514196,True,0.2493801383270259,0.7506198616729739,0.7506198616729741
job_change,Random Forest,0,896,897,898,num__training_hours,169.5,0.4205552567080081,5,6.667784153888366,False,0.6993047205813163,0.3006952794186836,0.3006952794186836
job_change,Random Forest,0,897,-1,-1,leaf,,0.0,3,3.9966968011126562,True,1.0,0.0,0.0
job_change,Random Forest,0,898,-1,-1,leaf,,0.37437936987003895,2,2.6710873527757095,True,0.249380138327026,0.750619861672974,0.750619861672974
job_change,Random Forest,0,899,-1,-1,leaf,,0.15835661257773526,6,15.367030801836085,True,0.08669418863131154,0.9133058113686885,0.9133058113686885
job_change,Random Forest,0,900,-1,-1,leaf,,0.3317732326457278,8,12.689320630359772,True,0.20997692561257006,0.7900230743874299,0.7900230743874299
job_change,Random Forest,0,901,902,903,cat__last_new_job_2,0.5,0.4900261693302259,4,4.669435753332038,False,0.5706180949537175,0.42938190504628243,0.42938190504628243
job_change,Random Forest,0,902,-1,-1,leaf,,0.0,2,1.9983484005563281,True,1.0,0.0,0.0
job_change,Random Forest,0,903,-1,-1,leaf,,0.37437936987003884,2,2.6710873527757095,True,0.249380138327026,0.750619861672974,0.750619861672974
job_change,Random Forest,0,904,-1,-1,leaf,,0.0,2,1.9983484005563281,True,1.0,0.0,0.0
job_change,Random Forest,0,905,906,907,num__training_hours,41.5,0.4333615541225434,9,14.687669030916098,False,0.3174644611623989,0.6825355388376012,0.6825355388376012
job_change,Random Forest,0,906,-1,-1,leaf,,0.0,2,1.9983484005563281,True,1.0,0.0,0.0
job_change,Random Forest,0,907,908,909,num__training_hours,53.0,0.33177323264572645,7,12.689320630359772,False,0.20997692561257006,0.7900230743874298,0.7900230743874299
job_change,Random Forest,0,908,-1,-1,leaf,,0.0,2,8.019884877027733,True,0.0,1.0,1.0
job_change,Random Forest,0,909,910,911,cat__company_size_10000+,0.5,0.4900261693302159,5,4.669435753332038,False,0.5706180949537175,0.42938190504628243,0.42938190504628243
job_change,Random Forest,0,910,-1,-1,leaf,,0.47968121307581824,3,3.3372034862944857,True,0.3992061834134113,0.6007938165865886,0.6007938165865887
job_change,Random Forest,0,911,-1,-1,leaf,,0.0,2,1.3322322670375522,True,1.0,0.0,0.0
job_change,Random Forest,0,912,-1,-1,leaf,,0.0,3,10.024856096284667,True,0.0,1.0,1.0
job_change,Random Forest,0,913,-1,-1,leaf,,0.0,2,1.9983484005563281,True,1.0,0.0,0.0
job_change,Random Forest,0,914,915,1494,cat__company_type_Early Stage Startup,0.5,0.49348214296833004,4920,7419.398436845711,False,0.5570870258102849,0.4429129741897465,0.4429129741897325
job_change,Random Forest,0,915,916,1401,cat__city_city_16,0.5,0.4947296388499879,4789,7252.763438366821,False,0.5513340099251188,0.4486659900749131,0.44866599007489877
job_change,Random Forest,0,916,917,1068,cat__company_type_Pvt Ltd,0.5,0.49771782253784513,4271,6584.039657127095,False,0.5337800049002825,0.4662199950997487,0.4662199950997341
job_change,Random Forest,0,917,918,1049,cat__last_new_job_3,0.5,0.42744252260494786,639,861.5028793934406,False,0.6904697842113734,0.3095302157886232,0.3095302157886243
job_change,Random Forest,0,918,919,990,cat__company_type_Funded Startup,0.5,0.41496651905795734,595,784.7803133021699,False,0.706195878889522,0.2938041211104748,0.29380412111047577
job_change,Random Forest,0,919,920,943,cat__enrolled_university_no_enrollment,0.5,0.4554507225172775,339,480.1599329043688,False,0.6492469052991041,0.3507530947008967,0.3507530947008964
job_change,Random Forest,0,920,921,928,cat__enrolled_university_Full time course,0.5,0.4999871613751635,118,195.4965452373309,False,0.4974663637952123,0.5025336362047877,0.5025336362047877
job_change,Random Forest,0,921,922,927,cat__relevent_experience_No relevent experience,0.5,0.368777230536223,38,49.332330792593076,False,0.7561471934882141,0.24385280651178554,0.24385280651178562
job_change,Random Forest,0,922,923,926,cat__last_new_job_2,0.5,0.21173150398642981,29,33.31905231334001,False,0.8796501652927146,0.12034983470728544,0.12034983470728544
job_change,Random Forest,0,923,924,925,cat__company_size_10000+,0.5,0.2361043417283043,25,29.322355512227354,False,0.8632462376072847,0.13675376239271536,0.13675376239271536
job_change,Random Forest,0,924,-1,-1,leaf,,0.14240986271780864,22,25.98515202593287,True,0.9228416590653004,0.0771583409346998,0.07715834093469978
job_change,Random Forest,0,925,-1,-1,leaf,,0.47968121307581857,3,3.3372034862944857,True,0.3992061834134113,0.6007938165865886,0.6007938165865887
job_change,Random Forest,0,926,-1,-1,leaf,,0.0,4,3.9966968011126562,True,1.0,0.0,0.0
job_change,Random Forest,0,927,-1,-1,leaf,,0.499998631593252,9,16.013278479253042,True,0.49917283413147595,0.5008271658685243,0.5008271658685242
job_change,Random Forest,0,928,929,938,num__city_development_index,0.9220000207424164,0.48385690419671745,80,146.16421444473784,False,0.410158206264339,0.5898417937356617,0.5898417937356613
job_change,Random Forest,0,929,930,933,cat__company_size_50-99,0.5,0.4635214417359894,60,116.81536765770811,False,0.3649471246807194,0.6350528753192812,0.6350528753192808
job_change,Random Forest,0,930,931,932,cat__company_size_500-999,0.5,0.48637795390172534,33,48.02658980035794,False,0.582528922500762,0.41747107749923784,0.4174710774992379
job_change,Random Forest,0,931,-1,-1,leaf,,0.49601559561330344,28,44.02989299924528,True,0.5446340922765127,0.45536590772348706,0.4553659077234872
job_change,Random Forest,0,932,-1,-1,leaf,,1.7763568394002505e-15,5,3.9966968011126567,True,1.0,0.0,0.0
job_change,Random Forest,0,933,934,937,cat__experience_3,0.5,0.33530447441365563,27,68.78877785735027,False,0.21303700100331402,0.7869629989966859,0.786962998996686
job_change,Random Forest,0,934,935,936,cat__gender_Female,0.5,0.34900131403589485,24,62.107748066060694,False,0.2252285622884852,0.7747714377115146,0.7747714377115148
job_change,Random Forest,0,935,-1,-1,leaf,,0.4126242696994753,21,48.07294953126216,True,0.2909835768408078,0.7090164231591922,0.7090164231591922
job_change,Random Forest,0,936,-1,-1,leaf,,0.0,3,14.034798534798533,True,0.0,1.0,1.0
job_change,Random Forest,0,937,-1,-1,leaf,,0.17952400531110912,3,6.681029791289577,True,0.09970261386758492,0.900297386132415,0.9002973861324151
job_change,Random Forest,0,938,939,942,cat__experience_8,0.5,0.4837607258869856,20,29.348846787029775,False,0.5901090287180218,0.4098909712819782,0.4098909712819782
job_change,Random Forest,0,939,940,941,cat__relevent_experience_Has relevent experience,0.5,0.44493380485897294,18,24.006672081478357,False,0.6659310024393078,0.3340689975606923,0.3340689975606923
job_change,Random Forest,0,940,-1,-1,leaf,,0.48541228266587866,14,19.343859146846924,True,0.5854040904586,0.41459590954140013,0.41459590954140013
job_change,Random Forest,0,941,-1,-1,leaf,,-1.5543122344752192e-15,4,4.662812934631432,True,1.0,0.0,0.0
job_change,Random Forest,0,942,-1,-1,leaf,,0.3743793698700383,2,5.342174705551419,True,0.249380138327026,0.750619861672974,0.750619861672974
job_change,Random Forest,0,943,944,989,cat__city_city_162,0.5,0.3714914136040236,221,284.6633876670382,False,0.7534843056246044,0.24651569437539664,0.24651569437539636
job_change,Random Forest,0,944,945,960,num__city_development_index,0.9079999923706055,0.3556619750418156,219,277.31624174222975,False,0.7686429088568915,0.23135709114311023,0.23135709114310982
job_change,Random Forest,0,945,946,959,cat__experience_4,0.5,0.1506641590138531,61,73.2926431431672,False,0.9179329138666555,0.08206708613334472,0.08206708613334471
job_change,Random Forest,0,946,947,948,cat__major_discipline_STEM,0.5,0.1558206697741018,58,70.6281786090921,False,0.9148369138745356,0.08516308612546448,0.08516308612546448
job_change,Random Forest,0,947,-1,-1,leaf,,0.0,6,5.995045201668984,True,1.0,0.0,0.0
job_change,Random Forest,0,948,949,958,cat__experience_3,0.5,0.16880355783836065,52,64.63313340742312,False,0.9069376132539478,0.09306238674605224,0.09306238674605224
job_change,Random Forest,0,949,950,957,cat__city_city_91,0.5,0.12480171728010436,49,59.96369765409108,False,0.9331271653451765,0.0668728346548236,0.0668728346548236
job_change,Random Forest,0,950,951,956,cat__gender_Female,0.5,0.06754122984024313,47,57.292610301315364,False,0.9650047151157486,0.0349952848842515,0.0349952848842515
job_change,Random Forest,0,951,952,955,cat__company_type_Public Sector,0.5,0.06989046783200248,45,55.29426190075903,False,0.9637399768016542,0.03626002319834584,0.03626002319834584
job_change,Random Forest,0,952,953,954,cat__relevent_experience_Has relevent experience,0.5,0.13914065931230146,21,26.651268159451643,False,0.9247701382440263,0.07522986175597379,0.07522986175597379
job_change,Random Forest,0,953,-1,-1,leaf,,0.0,2,1.9983484005563281,True,1.0,0.0,0.0
job_change,Random Forest,0,954,-1,-1,leaf,,0.1494274150870043,19,24.652919758895315,True,0.918672058366089,0.08132794163391116,0.08132794163391115
job_change,Random Forest,0,955,-1,-1,leaf,,0.0,24,28.642993741307368,True,1.0,0.0,0.0
job_change,Random Forest,0,956,-1,-1,leaf,,0.0,2,1.9983484005563281,True,1.0,0.0,0.0
job_change,Random Forest,0,957,-1,-1,leaf,,0.3743793698700375,2,2.6710873527757095,True,0.249380138327026,0.750619861672974,0.750619861672974
job_change,Random Forest,0,958,-1,-1,leaf,,0.4900261693302146,3,4.669435753332038,True,0.5706180949537175,0.42938190504628243,0.42938190504628243
job_change,Random Forest,0,959,-1,-1,leaf,,0.0,3,2.6644645340751043,True,1.0,0.0,0.0
job_change,Random Forest,0,960,961,988,cat__experience_<1,0.5,0.4075392077552117,158,204.02359859906304,False,0.7150125487556307,0.28498745124436836,0.28498745124436864
job_change,Random Forest,0,961,962,987,cat__major_discipline_Humanities,0.5,0.37303159557452925,156,193.9987425027783,False,0.7519607156140334,0.24803928438596587,0.24803928438596604
job_change,Random Forest,0,962,963,982,cat__experience_2,0.5,0.3972904046610487,140,176.01360689777133,False,0.7266159695817482,0.273384030418251,0.2733840304182512
job_change,Random Forest,0,963,964,979,cat__company_size_5000-9999,0.5,0.37861141849612423,134,166.00199643888797,False,0.7463621130611152,0.2536378869388834,0.2536378869388837
job_change,Random Forest,0,964,965,978,cat__experience_6,0.5,0.40269489782379086,121,150.681325367956,False,0.7205732329366041,0.27942676706339586,0.27942676706339586
job_change,Random Forest,0,965,966,977,cat__experience_14,0.5,0.386881381654266,109,130.0052339540715,False,0.737822011539864,0.2621779884601362,0.2621779884601361
job_change,Random Forest,0,966,967,976,cat__company_size_50-99,0.5,0.3660935975754457,106,124.66305924852001,False,0.7587531665743958,0.24124683342560474,0.24124683342560457
job_change,Random Forest,0,967,968,975,cat__experience_20,0.5,0.1942639838080802,85,91.95714051909405,False,0.8909833859589937,0.10901661404100639,0.10901661404100636
job_change,Random Forest,0,968,969,972,cat__company_size_1000-4999,0.5,0.2006375974747895,81,88.62655985150019,False,0.8868865483091979,0.11311345169080232,0.1131134516908023
job_change,Random Forest,0,969,970,971,cat__major_discipline_Business Degree,0.5,0.206385798741201,63,68.63645302723639,False,0.8831541473472521,0.11684585265274816,0.11684585265274813
job_change,Random Forest,0,970,-1,-1,leaf,,0.16725648752662303,60,65.2992495409419,True,0.907886940507647,0.09211305949235321,0.0921130594923532
job_change,Random Forest,0,971,-1,-1,leaf,,0.4796812130758128,3,3.3372034862944853,True,0.39920618341341135,0.6007938165865887,0.6007938165865887
job_change,Random Forest,0,972,973,974,cat__last_new_job_2,0.5,0.18047690112186165,18,19.990106824263886,False,0.8997018256639174,0.10029817433608258,0.10029817433608258
job_change,Random Forest,0,973,-1,-1,leaf,,0.23610434172830408,15,14.661177756113679,True,0.8632462376072846,0.13675376239271533,0.13675376239271536
job_change,Random Forest,0,974,-1,-1,leaf,,7.771561172376096e-16,3,5.328929068150209,True,1.0,0.0,0.0
job_change,Random Forest,0,975,-1,-1,leaf,,0.0,4,3.3305806675938805,True,1.0,0.0,0.0
job_change,Random Forest,0,976,-1,-1,leaf,,0.4744483990251489,21,32.70591872942608,True,0.3869699133530145,0.6130300866469854,0.6130300866469854
job_change,Random Forest,0,977,-1,-1,leaf,,0.37437936987004194,3,5.342174705551419,True,0.249380138327026,0.750619861672974,0.750619861672974
job_change,Random Forest,0,978,-1,-1,leaf,,0.4748591339033903,12,20.676091413884475,True,0.612117942579699,0.38788205742030113,0.38788205742030113
job_change,Random Forest,0,979,980,981,cat__city_city_103,0.5,1.7763568394002505e-15,13,15.32067107093185,False,1.0,0.0,0.0
job_change,Random Forest,0,980,-1,-1,leaf,,0.0,4,3.9966968011126562,True,1.0,0.0,0.0
job_change,Random Forest,0,981,-1,-1,leaf,,0.0,9,11.323974269819193,True,1.0,0.0,0.0
job_change,Random Forest,0,982,983,986,cat__major_discipline_STEM,0.5,0.47968121307582134,6,10.011610458883455,False,0.3992061834134114,0.6007938165865887,0.6007938165865887
job_change,Random Forest,0,983,984,985,cat__company_size_1000-4999,0.5,0.46913669073069175,4,5.335551886850814,False,0.6242242111452277,0.3757757888547723,0.3757757888547723
job_change,Random Forest,0,984,-1,-1,leaf,,0.37437936987003884,2,2.6710873527757095,True,0.249380138327026,0.750619861672974,0.750619861672974
job_change,Random Forest,0,985,-1,-1,leaf,,0.0,2,2.6644645340751043,True,1.0,0.0,0.0
job_change,Random Forest,0,986,-1,-1,leaf,,0.24431953983676258,2,4.676058572032643,True,0.1424524785687663,0.8575475214312337,0.8575475214312337
job_change,Random Forest,0,987,-1,-1,leaf,,0.0,16,17.98513560500695,True,1.0,0.0,0.0
job_change,Random Forest,0,988,-1,-1,leaf,,-2.886579864025407e-15,2,10.024856096284665,True,0.0,1.0,1.0
job_change,Random Forest,0,989,-1,-1,leaf,,0.2968944027911842,2,7.347145924808352,True,0.18132650156561345,0.8186734984343865,0.8186734984343865
job_change,Random Forest,0,990,991,1048,cat__city_city_100,0.5,0.3248128904828398,256,304.6203803977994,False,0.7959620833123545,0.20403791668764498,0.20403791668764507
job_change,Random Forest,0,991,992,1047,cat__city_city_73,0.5,0.31957158153113074,254,301.2831769115046,False,0.8003568032098413,0.1996431967901596,0.19964319679015943
job_change,Random Forest,0,992,993,1046,cat__last_new_job_>4,0.5,0.3068952630905125,252,296.607118339472,False,0.8107287699179841,0.1892712300820166,0.18927123008201646
job_change,Random Forest,0,993,994,1005,num__city_development_index,0.8555000126361847,0.32941574944959284,224,269.9624729987211,False,0.7920481557469653,0.20795184425303462,0.20795184425303465
job_change,Random Forest,0,994,995,1004,cat__experience_2,0.5,0.4296114223986237,41,51.34392483055062,False,0.6876014093782034,0.3123985906217963,0.3123985906217964
job_change,Random Forest,0,995,996,1003,cat__experience_3,0.5,0.44185792507257593,39,48.67946029647551,False,0.67050230926211,0.32949769073788965,0.3294976907378898
job_change,Random Forest,0,996,997,1002,cat__last_new_job_2,0.5,0.41264197567064387,34,41.33893719036777,False,0.7089952443589997,0.2910047556409995,0.2910047556409997
job_change,Random Forest,0,997,998,1001,cat__city_city_123,0.5,0.4449338048589736,29,36.01000812221754,False,0.6659310024393074,0.33406899756069225,0.3340689975606924
job_change,Random Forest,0,998,999,1000,cat__company_size_10/49,0.5,0.4571909556948157,27,34.0116597216612,False,0.6463028439661801,0.3536971560338202,0.3536971560338201
job_change,Random Forest,0,999,-1,-1,leaf,,0.46913669073069164,24,32.01331132110488,True,0.6242242111452277,0.3757757888547723,0.3757757888547723
job_change,Random Forest,0,1000,-1,-1,leaf,,0.0,3,1.9983484005563281,True,1.0,0.0,0.0
job_change,Random Forest,0,1001,-1,-1,leaf,,3.552713678800501e-15,2,1.9983484005563281,True,1.0,0.0,0.0
job_change,Random Forest,0,1002,-1,-1,leaf,,3.9968028886505635e-15,5,5.328929068150209,True,1.0,0.0,0.0
job_change,Random Forest,0,1003,-1,-1,leaf,,0.4957172946754911,5,7.340523106107748,True,0.4537252481124459,0.5462747518875539,0.546274751887554
job_change,Random Forest,0,1004,-1,-1,leaf,,0.0,2,2.6644645340751043,True,1.0,0.0,0.0
job_change,Random Forest,0,1005,1006,1013,cat__enrolled_university_no_enrollment,0.5,0.29955658368819005,183,218.61854816817043,False,0.8165781233059305,0.18342187669406954,0.18342187669406954
job_change,Random Forest,0,1006,1007,1012,cat__company_size_50-99,0.5,0.49788623192939696,20,30.02158573924916,False,0.5325097529258777,0.4674902470741222,0.4674902470741223
job_change,Random Forest,0,1007,1008,1009,cat__city_city_114,0.5,0.46913669073069186,12,16.00665566055244,False,0.6242242111452276,0.3757757888547723,0.3757757888547723
job_change,Random Forest,0,1008,-1,-1,leaf,,0.0,6,5.328929068150209,True,1.0,0.0,0.0
job_change,Random Forest,0,1009,1010,1011,cat__experience_6,0.5,0.4919826563054943,6,10.677726592402232,False,0.4366859269415337,0.5633140730584664,0.5633140730584664
job_change,Random Forest,0,1010,-1,-1,leaf,,0.42549269850486293,4,8.679378191845904,True,0.30698795180722893,0.693012048192771,0.6930120481927711
job_change,Random Forest,0,1011,-1,-1,leaf,,-8.881784197001252e-16,2,1.9983484005563281,True,1.0,0.0,0.0
job_change,Random Forest,0,1012,-1,-1,leaf,,0.489563150584303,8,14.014930078696718,True,0.4277613350909046,0.5722386649090954,0.5722386649090954
job_change,Random Forest,0,1013,1014,1045,cat__experience_14,0.5,0.23820555350680916,163,188.59696242892133,False,0.8617972128784235,0.1382027871215763,0.13820278712157633
job_change,Random Forest,0,1014,1015,1038,cat__company_size_100-500,0.5,0.24774236955731166,155,179.93745269317725,False,0.8551461885214935,0.14485381147850626,0.1448538114785063
job_change,Random Forest,0,1015,1016,1035,cat__experience_8,0.5,0.1820164250533739,123,138.59851550280948,False,0.8987377427248562,0.10126225727514405,0.10126225727514403
job_change,Random Forest,0,1016,1017,1032,cat__experience_15,0.5,0.19622393103148394,114,127.2745412329903,False,0.8897281545952995,0.11027184540470088,0.11027184540470082
job_change,Random Forest,0,1017,1018,1025,cat__last_new_job_1,0.5,0.17612962598349613,110,123.27122161317708,False,0.9024117133089591,0.09758828669104122,0.09758828669104119
job_change,Random Forest,0,1018,1019,1024,num__city_development_index,0.9245000183582306,0.2665302857844515,33,37.988488066672055,False,0.841664831534904,0.15833516846509577,0.1583351684650958
job_change,Random Forest,0,1019,1020,1023,cat__last_new_job_never,0.5,0.21929323937783995,29,31.98682004630246,False,0.8746376653662578,0.12536233463374236,0.12536233463374236
job_change,Random Forest,0,1020,1021,1022,cat__company_size_50-99,0.5,0.23610434172830397,27,29.322355512227354,False,0.8632462376072847,0.13675376239271536,0.13675376239271536
job_change,Random Forest,0,1021,-1,-1,leaf,,0.30531771069517044,18,21.328961910002043,True,0.8119954240889034,0.1880045759110966,0.1880045759110966
job_change,Random Forest,0,1022,-1,-1,leaf,,0.0,9,7.993393602225313,True,1.0,0.0,0.0
job_change,Random Forest,0,1023,-1,-1,leaf,,0.0,2,2.6644645340751043,True,1.0,0.0,0.0
job_change,Random Forest,0,1024,-1,-1,leaf,,0.44493380485897416,4,6.00166802036959,True,0.6659310024393077,0.33406899756069225,0.33406899756069225
job_change,Random Forest,0,1025,1026,1031,cat__experience_17,0.5,0.13110947629776348,77,85.28273354650516,False,0.9294709092023787,0.07052909079762122,0.07052909079762122
job_change,Random Forest,0,1026,1027,1028,num__training_hours,145.5,0.092367149487668,75,82.6116461937294,False,0.9514603252293232,0.04853967477067706,0.04853967477067705
job_change,Random Forest,0,1027,-1,-1,leaf,,-4.440892098500626e-16,69,72.60665855354662,True,1.0,0.0,0.0
job_change,Random Forest,0,1028,1029,1030,num__training_hours,150.5,0.4803164748633345,6,10.00498764018285,False,0.5992056579451626,0.4007943420548375,0.4007943420548375
job_change,Random Forest,0,1029,-1,-1,leaf,,0.2443195398367629,2,4.676058572032643,True,0.1424524785687663,0.8575475214312337,0.8575475214312337
job_change,Random Forest,0,1030,-1,-1,leaf,,-4.440892098500626e-16,4,5.328929068150209,True,1.0,0.0,0.0
job_change,Random Forest,0,1031,-1,-1,leaf,,0.3743793698700353,2,2.6710873527757095,True,0.249380138327026,0.750619861672974,0.750619861672974
job_change,Random Forest,0,1032,1033,1034,cat__gender_Male,0.5,0.49999863159325086,4,4.0033196198132615,False,0.49917283413147584,0.5008271658685242,0.5008271658685242
job_change,Random Forest,0,1033,-1,-1,leaf,,0.0,2,1.3322322670375522,True,1.0,0.0,0.0
job_change,Random Forest,0,1034,-1,-1,leaf,,0.3743793698700386,2,2.6710873527757095,True,0.249380138327026,0.750619861672974,0.750619861672974
job_change,Random Forest,0,1035,1036,1037,cat__city_city_103,0.5,9.992007221626409e-15,9,11.32397426981919,False,1.0,0.0,0.0
job_change,Random Forest,0,1036,-1,-1,leaf,,0.0,5,5.995045201668985,True,1.0,0.0,0.0
job_change,Random Forest,0,1037,-1,-1,leaf,,0.0,4,5.328929068150209,True,1.0,0.0,0.0
job_change,Random Forest,0,1038,1039,1044,cat__last_new_job_4,0.5,0.412641975670643,32,41.33893719036776,False,0.7089952443590003,0.2910047556409996,0.29100475564099965
job_change,Random Forest,0,1039,1040,1041,cat__major_discipline_STEM,0.5,0.38841908880189124,30,38.00173370407327,False,0.7362000330208583,0.2637999669791417,0.2637999669791417
job_change,Random Forest,0,1040,-1,-1,leaf,,0.0,7,7.327277468706537,True,1.0,0.0,0.0
job_change,Random Forest,0,1041,1042,1043,cat__experience_>20,0.5,0.44001354302381357,23,30.674456235366733,False,0.6731855319825908,0.32681446801740877,0.32681446801740893
job_change,Random Forest,0,1042,-1,-1,leaf,,0.4824043260966745,17,24.679411033697743,True,0.5937967854015421,0.4062032145984576,0.4062032145984577
job_change,Random Forest,0,1043,-1,-1,leaf,,5.551115123125783e-16,6,5.995045201668985,True,1.0,0.0,0.0
job_change,Random Forest,0,1044,-1,-1,leaf,,0.4796812130758181,2,3.3372034862944853,True,0.39920618341341135,0.6007938165865887,0.6007938165865887
job_change,Random Forest,0,1045,-1,-1,leaf,,0.0,8,8.65950973574409,True,1.0,0.0,0.0
job_change,Random Forest,0,1046,-1,-1,leaf,,-2.1316282072803006e-14,28,26.644645340751033,True,1.0,0.0,0.0
job_change,Random Forest,0,1047,-1,-1,leaf,,0.24431953983675347,2,4.676058572032643,True,0.1424524785687663,0.8575475214312337,0.8575475214312337
job_change,Random Forest,0,1048,-1,-1,leaf,,0.4796812130758352,2,3.3372034862944853,True,0.39920618341341135,0.6007938165865887,0.6007938165865887
job_change,Random Forest,0,1049,1050,1067,cat__experience_10,0.5,0.4982464249151204,44,76.72256609127012,False,0.5296105984816477,0.4703894015183525,0.4703894015183524
job_change,Random Forest,0,1050,1051,1052,cat__relevent_experience_Has relevent experience,0.5,0.4997894316443743,40,70.72752088960117,False,0.4897391921461942,0.5102608078538056,0.5102608078538057
job_change,Random Forest,0,1051,-1,-1,leaf,,0.0,8,7.993393602225313,True,1.0,0.0,0.0
job_change,Random Forest,0,1052,1053,1066,cat__experience_13,0.5,0.4886668358021371,32,62.73412728737586,False,0.42472329643952506,0.5752767035604746,0.5752767035604748
job_change,Random Forest,0,1053,1054,1065,cat__company_size_<10,0.5,0.4796812130758187,30,60.06966275330075,False,0.3992061834134112,0.6007938165865886,0.6007938165865887
job_change,Random Forest,0,1054,1055,1056,cat__company_type_Public Sector,0.5,0.4571772223615014,26,52.7357624658936,False,0.35367369061153264,0.6463263093884672,0.6463263093884674
job_change,Random Forest,0,1055,-1,-1,leaf,,0.49002616933021526,10,14.00830725999611,True,0.5706180949537177,0.4293819050462825,0.4293819050462824
job_change,Random Forest,0,1056,1057,1058,num__city_development_index,0.8085000216960907,0.398931370317378,16,38.727455205897485,False,0.2752016129032258,0.7247983870967741,0.7247983870967741
job_change,Random Forest,0,1057,-1,-1,leaf,,0.0,4,3.9966968011126567,True,1.0,0.0,0.0
job_change,Random Forest,0,1058,1059,1064,cat__company_size_100-500,0.5,0.3100184872413635,12,34.73075840478482,False,0.19179429534916403,0.8082057046508361,0.8082057046508361
job_change,Random Forest,0,1059,1060,1063,cat__experience_>20,0.5,0.2443195398367627,10,32.7324100042285,False,0.14245247856876633,0.8575475214312337,0.8575475214312337
job_change,Random Forest,0,1060,1061,1062,num__training_hours,21.5,0.3490013140358943,8,20.7025826886869,False,0.2252285622884852,0.7747714377115148,0.7747714377115148
job_change,Random Forest,0,1061,-1,-1,leaf,,0.0,2,6.0149136577708,True,0.0,1.0,1.0
job_change,Random Forest,0,1062,-1,-1,leaf,,0.4333615541225332,6,14.6876690309161,True,0.31746446116239885,0.682535538837601,0.6825355388376011
job_change,Random Forest,0,1063,-1,-1,leaf,,0.0,2,12.029827315541601,True,0.0,1.0,1.0
job_change,Random Forest,0,1064,-1,-1,leaf,,2.6645352591003757e-15,2,1.9983484005563281,True,1.0,0.0,0.0
job_change,Random Forest,0,1065,-1,-1,leaf,,0.39729040466104726,4,7.333900287407142,True,0.726615969581749,0.27338403041825093,0.27338403041825093
job_change,Random Forest,0,1066,-1,-1,leaf,,2.6645352591003757e-15,2,2.6644645340751043,True,1.0,0.0,0.0
job_change,Random Forest,0,1067,-1,-1,leaf,,0.0,4,5.995045201668985,True,1.0,0.0,0.0
job_change,Random Forest,0,1068,1069,1372,cat__city_city_75,0.5,0.4997922852425468,3632,5722.536777733742,False,0.5101910440440967,0.48980895595593155,0.4898089559559177
job_change,Random Forest,0,1069,1070,1357,cat__experience_1,0.5,0.49997182250850336,3539,5607.898574581523,False,0.5037534977999962,0.4962465022000301,0.4962465022000171
job_change,Random Forest,0,1070,1071,1204,cat__company_size_50-99,0.5,0.4998193291354205,3473,5457.005319015152,False,0.5095044953720305,0.4904955046279968,0.4904955046279834
job_change,Random Forest,0,1071,1072,1203,cat__city_city_138,0.5,0.4144643815388144,1752,2270.324210440009,False,0.7068037940430189,0.2931962059569875,0.29319620595698564
job_change,Random Forest,0,1072,1073,1200,cat__city_city_71,0.5,0.4155746572693837,1735,2246.330783995935,False,0.705457225147489,0.29454277485251573,0.29454277485251434
job_change,Random Forest,0,1073,1074,1153,cat__experience_>20,0.5,0.4119030370312783,1707,2197.6248324246612,False,0.709877301022191,0.29012269897781273,0.2901226989778116
job_change,Random Forest,0,1074,1075,1148,cat__city_city_89,0.5,0.43508778214257804,1343,1767.7415048318394,False,0.6801557907165648,0.31984420928343904,0.31984420928343776
job_change,Random Forest,0,1075,1076,1121,cat__company_size_10/49,0.5,0.43279131552417194,1336,1753.7199519344424,False,0.6833148718405381,0.31668512815946603,0.31668512815946476
job_change,Random Forest,0,1076,1077,1100,cat__relevent_experience_No relevent experience,0.5,0.4144441437268789,1158,1490.8794490247112,False,0.7068282575872035,0.29317174241280153,0.2931717424128001
job_change,Random Forest,0,1077,1078,1099,cat__city_city_19,0.5,0.39258111932847806,987,1240.741512382742,False,0.7317529726578705,0.2682470273421316,0.268247027342131
job_change,Random Forest,0,1078,1079,1092,cat__experience_3,0.5,0.3883921222475021,984,1231.389395238677,False,0.7362285733696259,0.2637714266303773,0.26377142663037645
job_change,Random Forest,0,1079,1080,1091,cat__city_city_41,0.5,0.39265417681479464,949,1188.0719781038556,False,0.7316741495993908,0.2683258504006104,0.2683258504006101
job_change,Random Forest,0,1080,1081,1086,cat__enrolled_university_no_enrollment,0.5,0.3901607340420704,944,1177.3942515114545,False,0.7343493822884196,0.2656506177115803,0.26565061771158033
job_change,Random Forest,0,1081,1082,1085,cat__city_city_160,0.5,0.46733502126710524,156,210.08487198773798,False,0.6277986281868767,0.37220137181312285,0.372201371813123
job_change,Random Forest,0,1082,1083,1084,cat__last_new_job_4,0.5,0.47092069812936477,154,206.08817518662536,False,0.6205804749340361,0.379419525065963,0.3794195250659633
job_change,Random Forest,0,1083,-1,-1,leaf,,0.462561117369623,150,198.74102926181695,True,0.6368190093341889,0.36318099066581083,0.3631809906658109
job_change,Random Forest,0,1084,-1,-1,leaf,,0.29689440279118207,4,7.347145924808352,True,0.18132650156561345,0.8186734984343865,0.8186734984343865
job_change,Random Forest,0,1085,-1,-1,leaf,,-7.105427357601002e-15,2,3.9966968011126562,True,1.0,0.0,0.0
job_change,Random Forest,0,1086,1087,1090,cat__city_city_162,0.5,0.36739719823180916,788,967.3093795237177,False,0.7574905840688052,0.24250941593119246,0.24250941593119302
job_change,Random Forest,0,1087,1088,1089,num__city_development_index,0.914000004529953,0.3599692624641455,784,953.9539427598386,False,0.7646041737537931,0.23539582624620412,0.23539582624620478
job_change,Random Forest,0,1088,-1,-1,leaf,,0.42657701034397,272,364.07028674848493,True,0.691602439514779,0.30839756048522254,0.30839756048522204
job_change,Random Forest,0,1089,-1,-1,leaf,,0.3082212285187771,512,589.8836560113494,True,0.8096601132542167,0.1903398867457822,0.19033988674578242
job_change,Random Forest,0,1090,-1,-1,leaf,,0.37437936987003917,4,13.355436763878545,True,0.249380138327026,0.750619861672974,0.750619861672974
job_change,Random Forest,0,1091,-1,-1,leaf,,0.49198265630552007,5,10.677726592402232,True,0.4366859269415337,0.5633140730584664,0.5633140730584664
job_change,Random Forest,0,1092,1093,1098,cat__enrolled_university_Full time course,0.5,0.2391510357947002,35,43.31741713482225,False,0.8611432985708768,0.13885670142912324,0.13885670142912324
job_change,Random Forest,0,1093,1094,1097,cat__company_size_100-500,0.5,0.11312884015341762,28,33.3124294946394,False,0.9398131193169332,0.06018688068306669,0.0601868806830667
job_change,Random Forest,0,1094,1095,1096,cat__enrolled_university_Part time course,0.5,3.3306690738754696e-16,23,25.978529207232263,False,1.0,0.0,0.0
job_change,Random Forest,0,1095,-1,-1,leaf,,0.0,17,16.652903337969402,True,1.0,0.0,0.0
job_change,Random Forest,0,1096,-1,-1,leaf,,0.0,6,9.325625869262865,True,1.0,0.0,0.0
job_change,Random Forest,0,1097,-1,-1,leaf,,0.3972904046610478,5,7.333900287407142,True,0.726615969581749,0.27338403041825093,0.27338403041825093
job_change,Random Forest,0,1098,-1,-1,leaf,,0.4803164748633352,7,10.004987640182852,True,0.5992056579451625,0.4007943420548374,0.4007943420548375
job_change,Random Forest,0,1099,-1,-1,leaf,,0.24431953983679466,3,9.352117144065286,True,0.1424524785687663,0.8575475214312337,0.8575475214312337
job_change,Random Forest,0,1100,1101,1120,cat__major_discipline_Arts,0.5,0.4861568656124756,171,250.1379366419723,False,0.583195956594989,0.41680404340501087,0.4168040434050109
job_change,Random Forest,0,1101,1102,1119,cat__last_new_job_never,0.5,0.4789818995016213,168,242.1180517649447,False,0.6025136588420752,0.39748634115792425,0.39748634115792447
job_change,Random Forest,0,1102,1103,1114,cat__major_discipline_Humanities,0.5,0.4833119267582686,154,220.7824670362419,False,0.5913456984256293,0.4086543015743707,0.4086543015743707
job_change,Random Forest,0,1103,1104,1109,num__training_hours,27.5,0.45575821994461774,145,194.06497068978422,False,0.648730931643996,0.351269068356004,0.351269068356004
job_change,Random Forest,0,1104,1105,1108,cat__last_new_job_3,0.5,0.4999494228111908,52,79.40027626274644,False,0.4949712233689952,0.5050287766310049,0.5050287766310049
job_change,Random Forest,0,1105,1106,1107,cat__experience_11,0.5,0.4994198912201048,50,74.72421769071383,False,0.5170309832349071,0.4829690167650927,0.4829690167650928
job_change,Random Forest,0,1106,-1,-1,leaf,,0.4987402816784039,45,68.72917248904486,True,0.47490300494484566,0.5250969950551538,0.5250969950551541
job_change,Random Forest,0,1107,-1,-1,leaf,,-1.176836406102666e-14,5,5.995045201668985,True,1.0,0.0,0.0
job_change,Random Forest,0,1108,-1,-1,leaf,,0.24431953983675858,2,4.676058572032643,True,0.1424524785687663,0.8575475214312337,0.8575475214312337
job_change,Random Forest,0,1109,1110,1113,cat__city_city_136,0.5,0.36974307006825224,93,114.66469442703786,False,0.755202791845768,0.24479720815423267,0.2447972081542325
job_change,Random Forest,0,1110,1111,1112,cat__experience_5,0.5,0.37266400622065377,91,113.33246216000028,False,0.7523251808474,0.24767481915260103,0.2476748191526008
job_change,Random Forest,0,1111,-1,-1,leaf,,0.39729040466104604,78,102.67460402369993,True,0.7266159695817495,0.2733840304182511,0.273384030418251
job_change,Random Forest,0,1112,-1,-1,leaf,,0.0,13,10.657858136300415,True,1.0,0.0,0.0
job_change,Random Forest,0,1113,-1,-1,leaf,,0.0,2,1.3322322670375522,True,1.0,0.0,0.0
job_change,Random Forest,0,1114,1115,1118,cat__last_new_job_>4,0.5,0.2881292168800097,9,26.717496346457697,False,0.17452282482485096,0.8254771751751492,0.825477175175149
job_change,Random Forest,0,1115,1116,1117,cat__city_city_160,0.5,0.22421451085105848,7,20.7092055073875,False,0.12866087659058778,0.8713391234094123,0.8713391234094123
job_change,Random Forest,0,1116,-1,-1,leaf,,0.17952400531111223,5,13.362059582579151,True,0.09970261386758493,0.9002973861324151,0.9002973861324151
job_change,Random Forest,0,1117,-1,-1,leaf,,0.29689440279117774,2,7.347145924808352,True,0.18132650156561345,0.8186734984343865,0.8186734984343865
job_change,Random Forest,0,1118,-1,-1,leaf,,0.44395346221270227,2,6.008290839070195,True,0.3325984800139235,0.6674015199860764,0.6674015199860764
job_change,Random Forest,0,1119,-1,-1,leaf,,0.40488163889721307,14,21.335584728702646,True,0.7180806744106261,0.2819193255893741,0.28191932558937405
job_change,Random Forest,0,1120,-1,-1,leaf,,0.0,3,8.019884877027733,True,0.0,1.0,1.0
job_change,Random Forest,0,1121,1122,1135,cat__city_city_103,0.5,0.49501146473223023,178,262.84050290973346,False,0.5499426434411278,0.45005735655887147,0.4500573565588718
job_change,Random Forest,0,1122,1123,1124,num__training_hours,16.5,0.4677604274595051,130,182.74099641996503,False,0.6269637202914585,0.3730362797085418,0.37303627970854164
job_change,Random Forest,0,1123,-1,-1,leaf,,0.0,22,21.981832406119604,True,1.0,0.0,0.0
job_change,Random Forest,0,1124,1125,1134,cat__enrolled_university_Part time course,0.5,0.48846149026672603,108,160.7591640138455,False,0.5759556111596563,0.4240443888403438,0.4240443888403438
job_change,Random Forest,0,1125,1126,1133,cat__city_city_67,0.5,0.49700264105378944,95,143.43352172365664,False,0.5387127817794765,0.46128721822052476,0.46128721822052415
job_change,Random Forest,0,1126,1127,1132,cat__city_city_64,0.5,0.49912525364390403,91,138.10459265550654,False,0.5209134688190935,0.47908653118090694,0.4790865311809067
job_change,Random Forest,0,1127,1128,1131,cat__city_city_65,0.5,0.4999119353812709,89,134.10789585439383,False,0.506635684543768,0.4933643154562329,0.49336431545623244
job_change,Random Forest,0,1128,1129,1130,cat__city_city_99,0.5,0.4997519761407545,86,129.44508291976243,False,0.4888639356313675,0.5111360643686335,0.511136064368633
job_change,Random Forest,0,1129,-1,-1,leaf,,0.4987862582825128,83,126.11450225216853,True,0.47536525099086324,0.5246347490091378,0.5246347490091373
job_change,Random Forest,0,1130,-1,-1,leaf,,-4.218847493575595e-15,3,3.3305806675938805,True,1.0,0.0,0.0
job_change,Random Forest,0,1131,-1,-1,leaf,,-3.1086244689504383e-15,3,4.662812934631432,True,1.0,0.0,0.0
job_change,Random Forest,0,1132,-1,-1,leaf,,-7.105427357601002e-15,2,3.9966968011126562,True,1.0,0.0,0.0
job_change,Random Forest,0,1133,-1,-1,leaf,,1.0658141036401503e-14,4,5.328929068150209,True,1.0,0.0,0.0
job_change,Random Forest,0,1134,-1,-1,leaf,,0.20466201226002012,13,17.32564229018878,True,0.8842772356905745,0.11572276430942562,0.11572276430942562
job_change,Random Forest,0,1135,1136,1147,cat__gender_Female,0.5,0.46836122458597507,48,80.09950648976822,False,0.3742248525860007,0.6257751474139996,0.6257751474139993
job_change,Random Forest,0,1136,1137,1146,cat__experience_2,0.5,0.4772903139557556,43,69.41515707866542,False,0.39344089423178324,0.6065591057682168,0.6065591057682168
job_change,Random Forest,0,1137,1138,1139,num__training_hours,19.0,0.4845969128953186,38,61.40189502033831,False,0.4122415613610816,0.5877584386389181,0.5877584386389183
job_change,Random Forest,0,1138,-1,-1,leaf,,0.0,8,7.993393602225313,True,1.0,0.0,0.0
job_change,Random Forest,0,1139,1140,1145,cat__enrolled_university_Full time course,0.5,0.43824115492275273,30,53.408501418112984,False,0.3242745819790891,0.6757254180209108,0.6757254180209109
job_change,Random Forest,0,1140,1141,1142,num__training_hours,43.5,0.46239131190139726,26,44.056384274047694,False,0.3628710677891005,0.6371289322108994,0.6371289322108995
job_change,Random Forest,0,1141,-1,-1,leaf,,0.2847561598080517,9,19.37035042164935,True,0.17194220006838098,0.828057799931619,0.828057799931619
job_change,Random Forest,0,1142,1143,1144,cat__last_new_job_3,0.5,0.4996780843807356,17,24.686033852398342,False,0.5126869148981235,0.48731308510187654,0.48731308510187654
job_change,Random Forest,0,1143,-1,-1,leaf,,0.49601559561330344,15,22.014946499622635,True,0.5446340922765128,0.45536590772348706,0.4553659077234871
job_change,Random Forest,0,1144,-1,-1,leaf,,0.3743793698700393,2,2.6710873527757095,True,0.249380138327026,0.750619861672974,0.750619861672974
job_change,Random Forest,0,1145,-1,-1,leaf,,0.24431953983676313,4,9.352117144065286,True,0.1424524785687663,0.8575475214312337,0.8575475214312337
job_change,Random Forest,0,1146,-1,-1,leaf,,0.37437936987003684,5,8.013262058327129,True,0.24938013832702596,0.7506198616729739,0.750619861672974
job_change,Random Forest,0,1147,-1,-1,leaf,,0.3743793698700385,5,10.684349411102836,True,0.24938013832702602,0.7506198616729741,0.7506198616729739
job_change,Random Forest,0,1148,1149,1152,cat__last_new_job_1,0.5,0.40758398981517274,7,14.021552897397324,False,0.2850395266742903,0.7149604733257096,0.7149604733257097
job_change,Random Forest,0,1149,1150,1151,cat__experience_10,0.5,0.331773232645727,5,12.68932063035977,False,0.2099769256125701,0.7900230743874299,0.7900230743874299
job_change,Random Forest,0,1150,-1,-1,leaf,,0.11684864819070273,3,10.690972229803442,True,0.06230641322421832,0.9376935867757816,0.9376935867757816
job_change,Random Forest,0,1151,-1,-1,leaf,,-4.440892098500626e-16,2,1.9983484005563281,True,1.0,0.0,0.0
job_change,Random Forest,0,1152,-1,-1,leaf,,-2.6645352591003757e-15,2,1.3322322670375522,True,1.0,0.0,0.0
job_change,Random Forest,0,1153,1154,1197,cat__last_new_job_2,0.5,0.2794239795509126,364,429.8833275928309,False,0.8320963869489395,0.1679036130510619,0.1679036130510617
job_change,Random Forest,0,1154,1155,1196,cat__major_discipline_Business Degree,0.5,0.22809994896191765,319,366.52282108414033,False,0.8687140158971998,0.13128598410280146,0.1312859841028013
job_change,Random Forest,0,1155,1156,1191,cat__city_city_23,0.5,0.23276513698531587,309,357.86331134839645,False,0.8655371821133133,0.1344628178866875,0.1344628178866874
job_change,Random Forest,0,1156,1157,1170,cat__relevent_experience_Has relevent experience,0.5,0.22000679188374805,303,350.522788242289,False,0.8741612006316601,0.12583879936833997,0.12583879936833997
job_change,Random Forest,0,1157,1158,1169,cat__last_new_job_never,0.5,0.4652133372940346,18,32.67942745462365,False,0.6318837797190491,0.36811622028095103,0.36811622028095103
job_change,Random Forest,0,1158,1159,1168,cat__last_new_job_4,0.5,0.4767120318908743,16,30.68107905406733,False,0.6079072937968644,0.3920927062031357,0.3920927062031357
job_change,Random Forest,0,1159,1160,1165,num__training_hours,45.5,0.4971665869056826,13,26.018266119435896,False,0.5376391624130863,0.46236083758691376,0.46236083758691376
job_change,Random Forest,0,1160,1161,1164,cat__city_city_160,0.5,0.4333615541225332,6,14.6876690309161,False,0.31746446116239885,0.6825355388376011,0.6825355388376011
job_change,Random Forest,0,1161,1162,1163,num__training_hours,14.5,0.33177323264572656,4,12.689320630359772,False,0.20997692561257006,0.7900230743874299,0.7900230743874299
job_change,Random Forest,0,1162,-1,-1,leaf,,0.0,2,2.6644645340751043,True,1.0,0.0,0.0
job_change,Random Forest,0,1163,-1,-1,leaf,,0.0,2,10.024856096284667,True,0.0,1.0,1.0
job_change,Random Forest,0,1164,-1,-1,leaf,,-8.881784197001252e-16,2,1.9983484005563281,True,1.0,0.0,0.0
job_change,Random Forest,0,1165,1166,1167,cat__city_city_114,0.5,0.29127991133585984,7,11.330597088519797,False,0.8230480526672,0.17695194733280012,0.1769519473328001
job_change,Random Forest,0,1166,-1,-1,leaf,,-6.661338147750939e-16,4,5.995045201668985,True,1.0,0.0,0.0
job_change,Random Forest,0,1167,-1,-1,leaf,,0.46913669073069186,3,5.335551886850814,True,0.6242242111452276,0.3757757888547723,0.3757757888547723
job_change,Random Forest,0,1168,-1,-1,leaf,,-8.881784197001252e-16,3,4.662812934631432,True,1.0,0.0,0.0
job_change,Random Forest,0,1169,-1,-1,leaf,,0.0,2,1.9983484005563281,True,1.0,0.0,0.0
job_change,Random Forest,0,1170,1171,1190,cat__city_city_114,0.5,0.1814843070294394,285,317.84336078766546,False,0.8990712298390853,0.10092877016091457,0.10092877016091459
job_change,Random Forest,0,1171,1172,1177,cat__major_discipline_STEM,0.5,0.1895912112521665,267,302.52268971673374,False,0.8939598892957468,0.10604011070425336,0.10604011070425333
job_change,Random Forest,0,1172,1173,1176,cat__company_size_10000+,0.5,0.34938455403748014,24,26.664513796852855,False,0.7744225263735832,0.22557747362641672,0.22557747362641672
job_change,Random Forest,0,1173,1174,1175,num__training_hours,31.5,0.2912799113358602,21,22.661194177039594,False,0.8230480526671998,0.17695194733280012,0.17695194733280012
job_change,Random Forest,0,1174,-1,-1,leaf,,0.44493380485897305,9,12.00333604073918,True,0.6659310024393077,0.33406899756069225,0.33406899756069225
job_change,Random Forest,0,1175,-1,-1,leaf,,0.0,12,10.657858136300417,True,1.0,0.0,0.0
job_change,Random Forest,0,1176,-1,-1,leaf,,0.49999863159325175,3,4.0033196198132615,True,0.49917283413147584,0.5008271658685242,0.5008271658685242
job_change,Random Forest,0,1177,1178,1183,cat__company_size_10000+,0.5,0.17111614621713434,243,275.85817591988086,False,0.9055143978842591,0.09448560211574168,0.0944856021157416
job_change,Random Forest,0,1178,1179,1182,cat__company_size_<10,0.5,0.13429390448961986,175,193.88615458486794,False,0.9276131987616721,0.0723868012383278,0.0723868012383278
job_change,Random Forest,0,1179,1180,1181,cat__company_size_5000-9999,0.5,0.14633769716548062,158,176.56713511337978,False,0.9205129622464207,0.07948703775357918,0.0794870377535792
job_change,Random Forest,0,1180,-1,-1,leaf,,0.1407564342792368,142,157.90926055615338,True,0.9238181011476286,0.07618189885237116,0.07618189885237117
job_change,Random Forest,0,1181,-1,-1,leaf,,0.19182436180584606,16,18.657874557226332,True,0.892540213350272,0.10745978664972818,0.10745978664972815
job_change,Random Forest,0,1182,-1,-1,leaf,,0.0,17,17.319019471488176,True,1.0,0.0,0.0
job_change,Random Forest,0,1183,1184,1187,cat__city_city_103,0.5,0.2504363420026622,68,81.97202133501308,False,0.8532447154575263,0.14675528454247408,0.14675528454247402
job_change,Random Forest,0,1184,1185,1186,cat__last_new_job_4,0.5,0.38265447434282496,19,23.333933129258977,False,0.7422246123509904,0.2577753876490096,0.2577753876490096
job_change,Random Forest,0,1185,-1,-1,leaf,,0.32881729111185964,16,19.330613509445715,True,0.792560001442559,0.20743999855744089,0.2074399985574409
job_change,Random Forest,0,1186,-1,-1,leaf,,0.49999863159325175,3,4.0033196198132615,True,0.49917283413147584,0.5008271658685242,0.5008271658685242
job_change,Random Forest,0,1187,1188,1189,cat__last_new_job_4,0.5,0.18410976859895312,49,58.63808820575414,False,0.8974230940704415,0.10257690592955857,0.10257690592955857
job_change,Random Forest,0,1188,-1,-1,leaf,,0.20466201226002134,44,51.976926870566366,True,0.8842772356905744,0.11572276430942556,0.11572276430942557
job_change,Random Forest,0,1189,-1,-1,leaf,,0.0,5,6.661161335187761,True,1.0,0.0,0.0
job_change,Random Forest,0,1190,-1,-1,leaf,,0.0,18,15.320671070931846,True,1.0,0.0,0.0
job_change,Random Forest,0,1191,1192,1195,cat__company_size_10000+,0.5,0.4957172946754882,6,7.340523106107748,False,0.45372524811244597,0.5462747518875539,0.546274751887554
job_change,Random Forest,0,1192,1193,1194,cat__last_new_job_>4,0.5,3.3306690738754696e-16,4,2.6644645340751043,False,1.0,0.0,0.0
job_change,Random Forest,0,1193,-1,-1,leaf,,0.0,2,1.3322322670375522,True,1.0,0.0,0.0
job_change,Random Forest,0,1194,-1,-1,leaf,,0.0,2,1.3322322670375522,True,1.0,0.0,0.0
job_change,Random Forest,0,1195,-1,-1,leaf,,0.2443195398367629,2,4.676058572032643,True,0.1424524785687663,0.8575475214312337,0.8575475214312337
job_change,Random Forest,0,1196,-1,-1,leaf,,0.0,10,8.65950973574409,True,1.0,0.0,0.0
job_change,Random Forest,0,1197,1198,1199,cat__major_discipline_STEM,0.5,0.4710685040049525,45,63.36050650869102,False,0.6202736379990427,0.37972636200095705,0.37972636200095716
job_change,Random Forest,0,1198,-1,-1,leaf,,0.0,5,4.662812934631432,True,1.0,0.0,0.0
job_change,Random Forest,0,1199,-1,-1,leaf,,0.4837607258869897,40,58.69769357405958,True,0.5901090287180216,0.40989097128197804,0.40989097128197816
job_change,Random Forest,0,1200,1201,1202,cat__experience_7,0.5,0.49992746415042855,28,48.70595157127793,False,0.5060222856774802,0.4939777143225195,0.49397771432251963
job_change,Random Forest,0,1201,-1,-1,leaf,,0.49817157003506773,24,45.37537090368404,True,0.4697640117994099,0.5302359882005898,0.5302359882005899
job_change,Random Forest,0,1202,-1,-1,leaf,,2.1094237467877974e-15,4,3.33058066759388,True,1.0,0.0,0.0
job_change,Random Forest,0,1203,-1,-1,leaf,,0.2783907464575074,17,23.993426444077144,True,0.832873289362815,0.16712671063718512,0.1671267106371851
job_change,Random Forest,0,1204,1205,1288,cat__relevent_experience_No relevent experience,0.5,0.46564669221568356,1721,3186.6811085752965,False,0.3689402659390252,0.631059734060994,0.6310597340609819
job_change,Random Forest,0,1205,1206,1241,cat__city_city_103,0.5,0.49169893645042273,1115,1914.6568863449947,False,0.4355753791257805,0.5644246208742221,0.5644246208742205
job_change,Random Forest,0,1206,1207,1240,cat__city_city_104,0.5,0.49994884918260674,726,1182.9975047015732,False,0.4949427864691115,0.5050572135308864,0.5050572135308875
job_change,Random Forest,0,1207,1208,1239,cat__city_city_64,0.5,0.49960633123803233,706,1162.3479045624904,False,0.4859702323260415,0.5140297676739572,0.5140297676739579
job_change,Random Forest,0,1208,1209,1238,cat__city_city_136,0.5,0.49882440931224825,689,1139.6999560228526,False,0.47575550899943153,0.5242444910005658,0.5242444910005672
job_change,Random Forest,0,1209,1210,1237,cat__city_city_65,0.5,0.498029613279378,674,1124.3792849519207,False,0.46861221001228304,0.5313877899877142,0.5313877899877156
job_change,Random Forest,0,1210,1211,1224,cat__enrolled_university_Full time course,0.5,0.49714844210977227,660,1111.056962281547,False,0.4622405118531011,0.5377594881468941,0.5377594881468967
job_change,Random Forest,0,1211,1212,1223,cat__city_city_50,0.5,0.49992472566646606,577,942.7983275127777,False,0.4938650862459364,0.506134913754059,0.5061349137540613
job_change,Random Forest,0,1212,1213,1214,num__training_hours,5.5,0.4997157350643143,569,932.1404693764763,False,0.4880780677805472,0.5119219322194503,0.5119219322194516
job_change,Random Forest,0,1213,-1,-1,leaf,,0.0,11,9.325625869262865,True,1.0,0.0,0.0
job_change,Random Forest,0,1214,1215,1222,cat__city_city_97,0.5,0.49941550648685906,558,922.8148435072134,False,0.48290477386602276,0.5170952261339746,0.517095226133976
job_change,Random Forest,0,1215,1216,1219,cat__experience_19,0.5,0.49909824337723707,551,915.4875660385072,False,0.47876610465828806,0.5212338953417086,0.5212338953417104
job_change,Random Forest,0,1216,1217,1218,cat__city_city_61,0.5,0.4984884450889052,541,900.8263882823936,False,0.47250859305984627,0.5274914069401501,0.527491406940152
job_change,Random Forest,0,1217,-1,-1,leaf,,0.49752715592416485,528,884.1668621257234,True,0.4648372066251933,0.5351627933748038,0.5351627933748053
job_change,Random Forest,0,1218,-1,-1,leaf,,0.21173150398647045,13,16.659526156670005,True,0.8796501652927146,0.12034983470728544,0.12034983470728544
job_change,Random Forest,0,1219,1220,1221,cat__last_new_job_>4,0.5,0.23610434172831296,10,14.661177756113677,False,0.8632462376072846,0.13675376239271536,0.13675376239271536
job_change,Random Forest,0,1220,-1,-1,leaf,,0.46913669073069175,5,5.335551886850814,True,0.6242242111452277,0.3757757888547723,0.3757757888547723
job_change,Random Forest,0,1221,-1,-1,leaf,,0.0,5,9.325625869262865,True,1.0,0.0,0.0
job_change,Random Forest,0,1222,-1,-1,leaf,,3.108624468950438e-14,7,7.327277468706537,True,1.0,0.0,0.0
job_change,Random Forest,0,1223,-1,-1,leaf,,1.0658141036401503e-14,8,10.657858136300415,True,1.0,0.0,0.0
job_change,Random Forest,0,1224,1225,1236,cat__last_new_job_4,0.5,0.4075839898151712,83,168.25863476876773,False,0.28503952667429067,0.7149604733257099,0.7149604733257096
job_change,Random Forest,0,1225,1226,1235,cat__city_city_162,0.5,0.4159201795797237,75,153.56434291915102,False,0.2949636368588788,0.705036363141122,0.7050363631411215
job_change,Random Forest,0,1226,1227,1234,cat__city_city_114,0.5,0.4165806621822453,73,150.8932555663753,False,0.2957705483803161,0.7042294516196848,0.7042294516196841
job_change,Random Forest,0,1227,1228,1231,cat__experience_5,0.5,0.3976311944511076,67,143.5593552789682,False,0.2737602979703927,0.726239702029608,0.7262397020296075
job_change,Random Forest,0,1228,1229,1230,cat__last_new_job_2,0.5,0.37808606571519643,60,134.2204837723042,False,0.2531053521390118,0.7468946478609882,0.7468946478609882
job_change,Random Forest,0,1229,-1,-1,leaf,,0.3896338140113015,45,95.48640574770612,True,0.2650891807635305,0.7349108192364696,0.7349108192364696
job_change,Random Forest,0,1230,-1,-1,leaf,,0.3471652571402767,15,38.73407802459809,True,0.2235630787505737,0.7764369212494262,0.7764369212494263
job_change,Random Forest,0,1231,1232,1233,num__city_development_index,0.8120000064373016,0.49002616933021526,7,9.338871506664075,False,0.5706180949537175,0.42938190504628243,0.42938190504628243
job_change,Random Forest,0,1232,-1,-1,leaf,,0.0,3,3.9966968011126562,True,1.0,0.0,0.0
job_change,Random Forest,0,1233,-1,-1,leaf,,0.37437936987003884,4,5.342174705551418,True,0.24938013832702602,0.7506198616729741,0.7506198616729739
job_change,Random Forest,0,1234,-1,-1,leaf,,0.39729040466104704,6,7.3339002874071415,True,0.7266159695817491,0.27338403041825093,0.27338403041825093
job_change,Random Forest,0,1235,-1,-1,leaf,,0.3743793698700425,2,2.6710873527757095,True,0.249380138327026,0.750619861672974,0.750619861672974
job_change,Random Forest,0,1236,-1,-1,leaf,,0.2968944027911786,8,14.694291849616706,True,0.18132650156561345,0.8186734984343864,0.8186734984343865
job_change,Random Forest,0,1237,-1,-1,leaf,,-8.526512829121202e-14,14,13.322322670375522,True,1.0,0.0,0.0
job_change,Random Forest,0,1238,-1,-1,leaf,,-1.63202784619898e-13,15,15.320671070931844,True,1.0,0.0,0.0
job_change,Random Forest,0,1239,-1,-1,leaf,,-9.992007221626409e-15,17,22.647948539638385,True,1.0,0.0,0.0
job_change,Random Forest,0,1240,-1,-1,leaf,,-7.704947790898586e-14,20,20.649600139082057,True,1.0,0.0,0.0
job_change,Random Forest,0,1241,1242,1287,cat__experience_3,0.5,0.4485347279268703,389,731.6593816434262,False,0.33958604787437946,0.6604139521256189,0.6604139521256199
job_change,Random Forest,0,1242,1243,1286,cat__experience_13,0.5,0.4541418697457643,372,695.5897681529023,False,0.3485765370653585,0.6514234629346409,0.6514234629346413
job_change,Random Forest,0,1243,1244,1279,cat__experience_6,0.5,0.45047540275517006,364,686.2575194649393,False,0.3426395900411567,0.6573604099588423,0.657360409958843
job_change,Random Forest,0,1244,1245,1276,cat__experience_9,0.5,0.44959793353399835,341,642.2011351908915,False,0.3412516669914251,0.6587483330085738,0.6587483330085746
job_change,Random Forest,0,1245,1246,1273,cat__experience_20,0.5,0.45375136291204277,330,608.8092318718446,False,0.3479331773726456,0.652066822627353,0.6520668226273539
job_change,Random Forest,0,1246,1247,1258,cat__major_discipline_STEM,0.5,0.458328797535839,324,588.100026364457,False,0.3556545766846722,0.6443454233153265,0.6443454233153274
job_change,Random Forest,0,1247,1248,1257,cat__last_new_job_4,0.5,0.4190360732091214,67,131.5295279634266,False,0.29879869931971376,0.7012013006802867,0.7012013006802864
job_change,Random Forest,0,1248,1249,1256,cat__experience_8,0.5,0.42251430313429006,62,120.84517855232377,False,0.30316796898661363,0.6968320310133869,0.6968320310133865
job_change,Random Forest,0,1249,1250,1253,cat__last_new_job_2,0.5,0.42859973734467194,59,113.49803262751547,False,0.31105521619355625,0.688944783806444,0.6889447838064439
job_change,Random Forest,0,1250,1251,1252,cat__experience_<1,0.5,0.4067698879539796,49,100.82195763455692,False,0.28409479852720015,0.7159052014728002,0.7159052014727999
job_change,Random Forest,0,1251,-1,-1,leaf,,0.4126242696994744,47,96.1458990625243,True,0.2909835768408079,0.7090164231591923,0.7090164231591922
job_change,Random Forest,0,1252,-1,-1,leaf,,0.24431953983676113,2,4.676058572032643,True,0.1424524785687663,0.8575475214312337,0.8575475214312337
job_change,Random Forest,0,1253,1254,1255,cat__major_discipline_Humanities,0.5,0.498700433836589,10,12.676074992958561,False,0.5254908430951988,0.4745091569048011,0.47450915690480117
job_change,Random Forest,0,1254,-1,-1,leaf,,0.49571729467549064,7,7.340523106107748,True,0.45372524811244597,0.5462747518875539,0.546274751887554
job_change,Random Forest,0,1255,-1,-1,leaf,,0.46913669073069186,3,5.335551886850814,True,0.6242242111452277,0.3757757888547723,0.3757757888547723
job_change,Random Forest,0,1256,-1,-1,leaf,,0.2968944027911754,3,7.347145924808352,True,0.18132650156561345,0.8186734984343865,0.8186734984343865
job_change,Random Forest,0,1257,-1,-1,leaf,,0.3743793698700376,5,10.684349411102838,True,0.249380138327026,0.750619861672974,0.750619861672974
job_change,Random Forest,0,1258,1259,1272,cat__experience_14,0.5,0.467249254613345,257,456.57049840102934,False,0.372033704854253,0.6279662951457463,0.6279662951457468
job_change,Random Forest,0,1259,1260,1267,cat__experience_>20,0.5,0.47049089634999974,242,425.856305253459,False,0.37853168386364816,0.6214683161363508,0.6214683161363515
job_change,Random Forest,0,1260,1261,1264,cat__gender_Female,0.5,0.49309858182135946,133,218.89008373489526,False,0.44125726351862465,0.5587427364813757,0.5587427364813755
job_change,Random Forest,0,1261,1262,1263,cat__gender_Other,0.5,0.4946670018360604,125,203.5362985704604,False,0.4483618447079137,0.5516381552920869,0.5516381552920866
job_change,Random Forest,0,1262,-1,-1,leaf,,0.4971143315819546,122,197.5213849126896,True,0.4620153424522162,0.5379846575477842,0.537984657547784
job_change,Random Forest,0,1263,-1,-1,leaf,,0.0,3,6.0149136577708,True,0.0,1.0,1.0
job_change,Random Forest,0,1264,1265,1266,cat__experience_16,0.5,0.4532284497880902,8,15.353785164434873,False,0.3470759171812569,0.6529240828187431,0.6529240828187431
job_change,Random Forest,0,1265,-1,-1,leaf,,0.33177323264572645,6,12.68932063035977,True,0.2099769256125701,0.7900230743874299,0.7900230743874299
job_change,Random Forest,0,1266,-1,-1,leaf,,0.0,2,2.6644645340751043,True,1.0,0.0,0.0
job_change,Random Forest,0,1267,1268,1271,cat__last_new_job_1,0.5,0.42945655100653124,109,206.9662215185634,False,0.31219232045324835,0.687807679546752,0.6878076795467517
job_change,Random Forest,0,1268,1269,1270,cat__enrolled_university_Part time course,0.5,0.4609947050437013,79,144.18573450028336,False,0.36034812039163594,0.6396518796083648,0.6396518796083643
job_change,Random Forest,0,1269,-1,-1,leaf,,0.453977373764783,77,141.52126996620817,True,0.3483051974601368,0.6516948025398644,0.6516948025398636
job_change,Random Forest,0,1270,-1,-1,leaf,,-2.1316282072803006e-14,2,2.6644645340751043,True,1.0,0.0,0.0
job_change,Random Forest,0,1271,-1,-1,leaf,,0.32190842249713725,30,62.780487018280084,True,0.20159458994275686,0.798405410057243,0.7984054100572432
job_change,Random Forest,0,1272,-1,-1,leaf,,0.4048982562646888,15,30.71419314757036,True,0.28193837598592747,0.7180616240140725,0.7180616240140725
job_change,Random Forest,0,1273,1274,1275,cat__last_new_job_2,0.5,0.22421451085107813,6,20.709205507387505,False,0.12866087659058775,0.8713391234094122,0.8713391234094122
job_change,Random Forest,0,1274,-1,-1,leaf,,0.0,4,14.034798534798533,True,0.0,1.0,1.0
job_change,Random Forest,0,1275,-1,-1,leaf,,0.47968121307581824,2,6.6744069725889705,True,0.39920618341341135,0.6007938165865887,0.6007938165865887
job_change,Random Forest,0,1276,1277,1278,cat__last_new_job_2,0.5,0.34256404639219007,11,33.39190331904667,False,0.21943275885466146,0.7805672411453387,0.7805672411453385
job_change,Random Forest,0,1277,-1,-1,leaf,,0.4107837439506623,9,25.372018442018934,True,0.2887936364011046,0.7112063635988956,0.7112063635988954
job_change,Random Forest,0,1278,-1,-1,leaf,,0.0,2,8.019884877027733,True,0.0,1.0,1.0
job_change,Random Forest,0,1279,1280,1285,cat__last_new_job_never,0.5,0.4623913119014008,23,44.056384274047694,False,0.3628710677891005,0.6371289322108994,0.6371289322108995
job_change,Random Forest,0,1280,1281,1282,cat__major_discipline_STEM,0.5,0.479681213075818,20,33.37203486294485,False,0.3992061834134113,0.6007938165865887,0.6007938165865887
job_change,Random Forest,0,1281,-1,-1,leaf,,0.0,4,3.9966968011126562,True,1.0,0.0,0.0
job_change,Random Forest,0,1282,1283,1284,cat__gender_Female,0.5,0.4333615541225331,16,29.375338061832203,False,0.31746446116239874,0.6825355388376011,0.6825355388376012
job_change,Random Forest,0,1283,-1,-1,leaf,,0.46496775160533843,14,25.36539562331833,True,0.3676515047409647,0.6323484952590352,0.6323484952590352
job_change,Random Forest,0,1284,-1,-1,leaf,,0.0,2,4.009942438513867,True,0.0,1.0,1.0
job_change,Random Forest,0,1285,-1,-1,leaf,,0.3743793698700396,3,10.684349411102836,True,0.24938013832702602,0.7506198616729741,0.7506198616729739
job_change,Random Forest,0,1286,-1,-1,leaf,,0.33737132691109384,8,9.33224868796347,True,0.7851566877077655,0.21484331229223472,0.21484331229223466
job_change,Random Forest,0,1287,-1,-1,leaf,,0.27716531591387905,17,36.06961349052298,True,0.1662076363320094,0.8337923636679906,0.8337923636679906
job_change,Random Forest,0,1288,1289,1356,cat__experience_20,0.5,0.39294582064578387,606,1272.0242222303539,False,0.26864077784302515,0.7313592221569736,0.7313592221569746
job_change,Random Forest,0,1289,1290,1345,num__training_hours,165.5,0.3922350388659862,604,1270.6919899633176,False,0.26787399851156707,0.732126001488431,0.7321260014884324
job_change,Random Forest,0,1290,1291,1344,cat__city_city_57,0.5,0.3793777013295304,560,1191.2850908818698,False,0.254416716091595,0.7455832839084031,0.7455832839084046
job_change,Random Forest,0,1291,1292,1339,cat__major_discipline_Arts,0.5,0.37732873976133174,555,1182.6123355087236,False,0.2523396880415932,0.7476603119584055,0.7476603119584065
job_change,Random Forest,0,1292,1293,1338,cat__experience_18,0.5,0.37480622139323794,547,1173.2734640020594,False,0.24980629643537777,0.7501937035646208,0.7501937035646219
job_change,Random Forest,0,1293,1294,1327,cat__experience_7,0.5,0.3722268521289529,545,1169.2767672009463,False,0.24724206454489994,0.752757935455099,0.7527579354550998
job_change,Random Forest,0,1294,1295,1312,cat__enrolled_university_no_enrollment,0.5,0.38340995874921135,512,1089.77052583899,False,0.25855638209843823,0.7414436179015607,0.7414436179015614
job_change,Random Forest,0,1295,1296,1303,cat__gender_Male,0.5,0.3523009379428642,293,662.476023219281,False,0.22824729802894575,0.7717527019710535,0.7717527019710541
job_change,Random Forest,0,1296,1297,1302,cat__experience_5,0.5,0.24431953983676302,22,70.14087858048964,False,0.14245247856876633,0.8575475214312337,0.8575475214312337
job_change,Random Forest,0,1297,1298,1301,cat__experience_2,0.5,0.22564656723026244,20,66.80367509419516,False,0.12962624771068246,0.8703737522893173,0.8703737522893176
job_change,Random Forest,0,1298,1299,1300,cat__experience_4,0.5,0.18963649436646401,17,62.800355474381895,False,0.10606884761830757,0.8939311523816923,0.8939311523816924
job_change,Random Forest,0,1299,-1,-1,leaf,,0.20362287755668862,14,52.10938324457845,True,0.11504732599752501,0.8849526740024748,0.884952674002475
job_change,Random Forest,0,1300,-1,-1,leaf,,0.11684864819070273,3,10.690972229803442,True,0.06230641322421832,0.9376935867757816,0.9376935867757816
job_change,Random Forest,0,1301,-1,-1,leaf,,0.49999863159325064,3,4.0033196198132615,True,0.49917283413147584,0.5008271658685242,0.5008271658685242
job_change,Random Forest,0,1302,-1,-1,leaf,,0.4796812130758189,2,3.3372034862944853,True,0.39920618341341135,0.6007938165865887,0.6007938165865887
job_change,Random Forest,0,1303,1304,1309,cat__city_city_90,0.5,0.3631378080792065,271,592.3351446387915,False,0.2384066209545861,0.7615933790454131,0.7615933790454137
job_change,Random Forest,0,1304,1305,1306,num__training_hours,2.5,0.35735183469953924,262,577.6540984265754,False,0.23293431023392216,0.7670656897660777,0.7670656897660778
job_change,Random Forest,0,1305,-1,-1,leaf,,0.0,3,2.6644645340751043,True,1.0,0.0,0.0
job_change,Random Forest,0,1306,1307,1308,cat__city_city_73,0.5,0.35352939062983213,259,574.9896338925009,False,0.22937977776026405,0.7706202222397349,0.7706202222397357
job_change,Random Forest,0,1307,-1,-1,leaf,,0.356935733209527,255,564.2986616626968,True,0.2325450815646927,0.7674549184353073,0.7674549184353073
job_change,Random Forest,0,1308,-1,-1,leaf,,0.11684864819072704,4,10.69097222980344,True,0.062306413224218336,0.9376935867757817,0.9376935867757817
job_change,Random Forest,0,1309,1310,1311,cat__last_new_job_1,0.5,0.4957172946754901,9,14.681046212215495,False,0.45372524811244597,0.5462747518875539,0.546274751887554
job_change,Random Forest,0,1310,-1,-1,leaf,,0.4796812130758181,4,6.6744069725889705,True,0.39920618341341135,0.6007938165865887,0.6007938165865887
job_change,Random Forest,0,1311,-1,-1,leaf,,0.499998631593252,5,8.006639239626523,True,0.49917283413147584,0.5008271658685242,0.5008271658685242
job_change,Random Forest,0,1312,1313,1326,cat__experience_11,0.5,0.424376441623456,219,427.29450261970607,False,0.30554748860384423,0.6944525113961554,0.6944525113961557
job_change,Random Forest,0,1313,1314,1319,num__training_hours,16.5,0.42892426198927447,209,410.5952395508324,False,0.31148509606568703,0.6885149039343128,0.6885149039343129
job_change,Random Forest,0,1314,1315,1318,cat__major_discipline_Humanities,0.5,0.4900261693302157,35,42.02492177998835,False,0.5706180949537174,0.4293819050462824,0.4293819050462825
job_change,Random Forest,0,1315,1316,1317,cat__experience_5,0.5,0.49516246432159083,33,40.02657337943202,False,0.5491809702954776,0.45081902970452215,0.45081902970452226
job_change,Random Forest,0,1316,-1,-1,leaf,,0.4900261693302158,31,37.35548602665631,True,0.5706180949537174,0.4293819050462824,0.4293819050462825
job_change,Random Forest,0,1317,-1,-1,leaf,,0.37437936987003717,2,2.6710873527757095,True,0.249380138327026,0.750619861672974,0.750619861672974
job_change,Random Forest,0,1318,-1,-1,leaf,,3.552713678800501e-15,2,1.9983484005563281,True,1.0,0.0,0.0
job_change,Random Forest,0,1319,1320,1323,cat__city_city_103,0.5,0.40489825626469045,174,368.57031777084416,False,0.2819383759859274,0.7180616240140723,0.7180616240140725
job_change,Random Forest,0,1320,1321,1322,cat__city_city_36,0.5,0.43593055040946393,116,230.32664592262475,False,0.3210175293631593,0.678982470636841,0.6789824706368407
job_change,Random Forest,0,1321,-1,-1,leaf,,0.4254926985048627,113,225.66383298799326,True,0.30698795180722943,0.6930120481927713,0.6930120481927708
job_change,Random Forest,0,1322,-1,-1,leaf,,0.0,3,4.662812934631432,True,1.0,0.0,0.0
job_change,Random Forest,0,1323,1324,1325,cat__experience_2,0.5,0.33962827844985644,58,138.24367184821924,False,0.21682891959970063,0.7831710804002996,0.7831710804002994
job_change,Random Forest,0,1324,-1,-1,leaf,,0.3299492040149129,55,134.24035222840595,True,0.20840885131310422,0.7915911486868962,0.7915911486868958
job_change,Random Forest,0,1325,-1,-1,leaf,,0.49999863159325086,3,4.0033196198132615,True,0.49917283413147584,0.5008271658685242,0.5008271658685242
job_change,Random Forest,0,1326,-1,-1,leaf,,0.2681955142251664,10,16.69926306887364,True,0.15955581531268262,0.8404441846873172,0.8404441846873174
job_change,Random Forest,0,1327,1328,1329,cat__major_discipline_STEM,0.5,0.167332704897462,33,79.50624136195611,False,0.09215977693309312,0.907840223066907,0.9078402230669068
job_change,Random Forest,0,1328,-1,-1,leaf,,0.0,3,10.024856096284665,True,0.0,1.0,1.0
job_change,Random Forest,0,1329,1330,1337,cat__last_new_job_2,0.5,0.18867116583294807,30,69.48138526567145,False,0.10545669808812394,0.8945433019118763,0.894543301911876
job_change,Random Forest,0,1330,1331,1332,num__training_hours,3.5,0.15572904427530676,25,54.78709341605476,False,0.08510787201689816,0.9148921279831018,0.9148921279831018
job_change,Random Forest,0,1331,-1,-1,leaf,,0.0,2,1.3322322670375522,True,1.0,0.0,0.0
job_change,Random Forest,0,1332,1333,1334,cat__last_new_job_never,0.5,0.11684864819070262,23,53.4548611490172,False,0.06230641322421834,0.9376935867757817,0.9376935867757817
job_change,Random Forest,0,1333,-1,-1,leaf,,0.0,9,26.064625850340136,True,0.0,1.0,1.0
job_change,Random Forest,0,1334,1335,1336,cat__enrolled_university_no_enrollment,0.5,0.21362290427971486,14,27.39023529867708,False,0.12159737334402324,0.8784026266559769,0.8784026266559767
job_change,Random Forest,0,1335,-1,-1,leaf,,0.17952400531111212,9,20.043089373868728,True,0.09970261386758492,0.9002973861324151,0.9002973861324151
job_change,Random Forest,0,1336,-1,-1,leaf,,0.2968944027911784,5,7.347145924808353,True,0.18132650156561345,0.8186734984343864,0.8186734984343865
job_change,Random Forest,0,1337,-1,-1,leaf,,0.29689440279117785,5,14.694291849616704,True,0.18132650156561345,0.8186734984343865,0.8186734984343865
job_change,Random Forest,0,1338,-1,-1,leaf,,0.0,2,3.9966968011126562,True,1.0,0.0,0.0
job_change,Random Forest,0,1339,1340,1343,num__city_development_index,0.9220000207424164,0.4900261693302046,8,9.338871506664075,False,0.5706180949537175,0.42938190504628243,0.42938190504628243
job_change,Random Forest,0,1340,1341,1342,cat__city_city_103,0.5,0.37437936987003884,4,5.342174705551419,False,0.249380138327026,0.750619861672974,0.750619861672974
job_change,Random Forest,0,1341,-1,-1,leaf,,0.37437936987003884,2,2.6710873527757095,True,0.249380138327026,0.750619861672974,0.750619861672974
job_change,Random Forest,0,1342,-1,-1,leaf,,0.37437936987003884,2,2.6710873527757095,True,0.249380138327026,0.750619861672974,0.750619861672974
job_change,Random Forest,0,1343,-1,-1,leaf,,0.0,4,3.9966968011126562,True,1.0,0.0,0.0
job_change,Random Forest,0,1344,-1,-1,leaf,,0.49716658690569604,5,8.6727553731453,True,0.5376391624130863,0.46236083758691365,0.46236083758691365
job_change,Random Forest,0,1345,1346,1347,cat__enrolled_university_no_enrollment,0.5,0.49817157003506785,44,79.40689908144705,False,0.4697640117994102,0.5302359882005899,0.5302359882005899
job_change,Random Forest,0,1346,-1,-1,leaf,,0.4969135810065577,28,52.04977787627301,True,0.460716294768423,0.539283705231577,0.539283705231577
job_change,Random Forest,0,1347,1348,1355,cat__last_new_job_>4,0.5,0.4996608674081283,16,27.357121205174057,False,0.48697823760256853,0.5130217623974312,0.5130217623974314
job_change,Random Forest,0,1348,1349,1350,cat__gender_Male,0.5,0.4996780843807357,14,24.686033852398342,False,0.5126869148981235,0.48731308510187654,0.48731308510187654
job_change,Random Forest,0,1349,-1,-1,leaf,,0.0,2,1.9983484005563281,True,1.0,0.0,0.0
job_change,Random Forest,0,1350,1351,1354,cat__last_new_job_never,0.5,0.4981715700350674,12,22.687685451842015,False,0.46976401179941,0.5302359882005899,0.5302359882005899
job_change,Random Forest,0,1351,1352,1353,cat__last_new_job_1,0.5,0.44395346221270215,6,12.016581678140387,False,0.33259848001392367,0.6674015199860766,0.6674015199860764
job_change,Random Forest,0,1352,-1,-1,leaf,,0.0,3,1.9983484005563281,True,1.0,0.0,0.0
job_change,Random Forest,0,1353,-1,-1,leaf,,0.319364807161172,3,10.018233277584063,True,0.19947113879127376,0.8005288612087261,0.8005288612087262
job_change,Random Forest,0,1354,-1,-1,leaf,,0.4691366907306921,6,10.671103773701628,True,0.6242242111452276,0.3757757888547723,0.3757757888547723
job_change,Random Forest,0,1355,-1,-1,leaf,,0.3743793698700393,2,2.6710873527757095,True,0.249380138327026,0.750619861672974,0.750619861672974
job_change,Random Forest,0,1356,-1,-1,leaf,,-1.7075230118734908e-13,2,1.3322322670375522,True,1.0,0.0,0.0
job_change,Random Forest,0,1357,1358,1371,cat__city_city_114,0.5,0.41658066218220813,66,150.89325556637542,False,0.2957705483803158,0.7042294516196843,0.7042294516196843
job_change,Random Forest,0,1358,1359,1370,cat__company_size_500-999,0.5,0.4001939801883241,64,146.89655876526274,False,0.2766101839701777,0.7233898160298226,0.7233898160298224
job_change,Random Forest,0,1359,1360,1361,cat__city_city_103,0.5,0.3910802742811412,62,144.89821036470647,False,0.2666336295448095,0.7333663704551905,0.7333663704551905
job_change,Random Forest,0,1360,-1,-1,leaf,,0.4577259998150952,40,80.77224544198764,True,0.35461430575035063,0.6453856942496493,0.6453856942496493
job_change,Random Forest,0,1361,1362,1363,cat__relevent_experience_No relevent experience,0.5,0.2630724006714994,22,64.12596492271885,False,0.15581429479966735,0.8441857052003325,0.8441857052003326
job_change,Random Forest,0,1362,-1,-1,leaf,,0.3450435343083311,7,18.031495335911192,True,0.2216508795669824,0.7783491204330175,0.7783491204330176
job_change,Random Forest,0,1363,1364,1369,cat__last_new_job_never,0.5,0.2262887442352146,15,46.094469586807655,False,0.13005996718063506,0.8699400328193649,0.8699400328193649
job_change,Random Forest,0,1364,1365,1366,num__training_hours,21.5,0.1168486481907024,7,21.381944459606885,False,0.06230641322421832,0.9376935867757817,0.9376935867757817
job_change,Random Forest,0,1365,-1,-1,leaf,,0.37437936987003884,2,2.6710873527757095,True,0.249380138327026,0.750619861672974,0.750619861672974
job_change,Random Forest,0,1366,1367,1368,cat__major_discipline_STEM,0.5,0.0686662351171149,5,18.710857106831178,False,0.035600514167551556,0.9643994858324484,0.9643994858324484
job_change,Random Forest,0,1367,-1,-1,leaf,,0.17952400531111234,2,6.681029791289576,True,0.09970261386758493,0.9002973861324151,0.9002973861324151
job_change,Random Forest,0,1368,-1,-1,leaf,,4.440892098500626e-16,3,12.0298273155416,True,0.0,1.0,1.0
job_change,Random Forest,0,1369,-1,-1,leaf,,0.30616242084709133,8,24.71252512720077,True,0.18868217272945256,0.8113178272705472,0.8113178272705475
job_change,Random Forest,0,1370,-1,-1,leaf,,-7.105427357601002e-15,2,1.9983484005563281,True,1.0,0.0,0.0
job_change,Random Forest,0,1371,-1,-1,leaf,,-3.552713678800501e-15,2,3.9966968011126562,True,1.0,0.0,0.0
job_change,Random Forest,0,1372,1373,1400,cat__experience_7,0.5,0.2886142000006673,93,114.63820315223543,False,0.825104444755262,0.17489555524473838,0.1748955552447383
job_change,Random Forest,0,1373,1374,1399,cat__major_discipline_Humanities,0.5,0.2743285275297557,88,109.9687673989035,False,0.8359103098077254,0.16408969019227476,0.16408969019227473
job_change,Random Forest,0,1374,1375,1378,cat__relevent_experience_Has relevent experience,0.5,0.25428338340587986,86,107.2976800461277,False,0.850511495242396,0.14948850475760433,0.14948850475760428
job_change,Random Forest,0,1375,1376,1377,cat__gender_Male,0.5,0.21929323937783973,14,15.99341002315123,False,0.8746376653662578,0.12536233463374236,0.12536233463374236
job_change,Random Forest,0,1376,-1,-1,leaf,,0.37437936987003884,2,2.6710873527757095,True,0.249380138327026,0.750619861672974,0.750619861672974
job_change,Random Forest,0,1377,-1,-1,leaf,,-2.220446049250313e-16,12,13.322322670375517,True,1.0,0.0,0.0
job_change,Random Forest,0,1378,1379,1398,cat__experience_15,0.5,0.26017283120434187,72,91.30427002297655,False,0.8462854088722609,0.15371459112773916,0.15371459112773916
job_change,Random Forest,0,1379,1380,1397,cat__experience_9,0.5,0.17655504690726076,65,81.95877569761186,False,0.9021473318901541,0.09785266810984611,0.09785266810984608
job_change,Random Forest,0,1380,1381,1382,num__training_hours,8.5,0.19488342653333435,58,73.2992659618678,False,0.8905871051805636,0.10941289481943635,0.10941289481943635
job_change,Random Forest,0,1381,-1,-1,leaf,,0.49999863159325175,5,8.006639239626523,True,0.49917283413147584,0.5008271658685242,0.5008271658685242
job_change,Random Forest,0,1382,1383,1390,cat__experience_>20,0.5,0.11528628185074752,53,65.29262672224128,False,0.938585064810267,0.06141493518973284,0.061414935189732844
job_change,Random Forest,0,1383,1384,1389,cat__experience_6,0.5,0.10711333096691134,29,35.31077789519575,False,0.9432192849104657,0.056780715089534244,0.05678071508953425
job_change,Random Forest,0,1384,1385,1386,cat__last_new_job_2,0.5,0.11752718367877046,27,31.980197227601863,False,0.937305851962462,0.06269414803753799,0.06269414803753799
job_change,Random Forest,0,1385,-1,-1,leaf,,0.0,20,21.315716272600827,True,1.0,0.0,0.0
job_change,Random Forest,0,1386,1387,1388,num__training_hours,29.5,0.30531771069517066,7,10.664480955001022,False,0.8119954240889034,0.1880045759110966,0.1880045759110966
job_change,Random Forest,0,1387,-1,-1,leaf,,0.4796812130758181,2,3.3372034862944853,True,0.39920618341341135,0.6007938165865887,0.6007938165865887
job_change,Random Forest,0,1388,-1,-1,leaf,,1.1102230246251565e-16,5,7.327277468706537,True,1.0,0.0,0.0
job_change,Random Forest,0,1389,-1,-1,leaf,,2.220446049250313e-15,2,3.33058066759388,True,1.0,0.0,0.0
job_change,Random Forest,0,1390,1391,1396,cat__last_new_job_1,0.5,0.12480171728010414,24,29.981848827045525,False,0.9331271653451764,0.06687283465482363,0.06687283465482363
job_change,Random Forest,0,1391,1392,1393,cat__last_new_job_>4,0.5,0.1859806665164465,17,19.32399069074511,False,0.8962444532631049,0.10375554673689527,0.10375554673689524
job_change,Random Forest,0,1392,-1,-1,leaf,,-4.440892098500626e-16,9,8.65950973574409,True,1.0,0.0,0.0
job_change,Random Forest,0,1393,1394,1395,cat__company_size_50-99,0.5,0.30531771069517044,8,10.664480955001023,False,0.8119954240889035,0.18800457591109654,0.18800457591109654
job_change,Random Forest,0,1394,-1,-1,leaf,,0.0,3,3.33058066759388,True,1.0,0.0,0.0
job_change,Random Forest,0,1395,-1,-1,leaf,,0.3972904046610475,5,7.333900287407142,True,0.726615969581749,0.27338403041825093,0.27338403041825093
job_change,Random Forest,0,1396,-1,-1,leaf,,0.0,7,10.657858136300417,True,1.0,0.0,0.0
job_change,Random Forest,0,1397,-1,-1,leaf,,0.0,7,8.65950973574409,True,1.0,0.0,0.0
job_change,Random Forest,0,1398,-1,-1,leaf,,0.4587486443121044,7,9.34549432536468,True,0.3563835739062326,0.6436164260937675,0.6436164260937675
job_change,Random Forest,0,1399,-1,-1,leaf,,0.3743793698700353,2,2.6710873527757095,True,0.249380138327026,0.750619861672974,0.750619861672974
job_change,Random Forest,0,1400,-1,-1,leaf,,0.49002616933021537,5,4.669435753332038,True,0.5706180949537175,0.42938190504628243,0.42938190504628243
job_change,Random Forest,0,1401,1402,1493,num__training_hours,279.0,0.39950000897282534,518,668.7237812397883,False,0.7241651077076061,0.27583489229239133,0.27583489229239205
job_change,Random Forest,0,1402,1403,1492,cat__major_discipline_Business Degree,0.5,0.39377002072006295,515,662.0427514484986,False,0.730466894889416,0.26953310511058165,0.2695331051105823
job_change,Random Forest,0,1403,1404,1485,cat__company_size_<10,0.5,0.40033985202971945,501,644.7237319770103,False,0.7232265082492246,0.27677349175077337,0.2767734917507739
job_change,Random Forest,0,1404,1405,1478,cat__experience_4,0.5,0.39836405364627514,474,613.3831596081242,False,0.7254284214043624,0.274571578595637,0.2745715785956372
job_change,Random Forest,0,1405,1406,1475,cat__last_new_job_never,0.5,0.3881279864344609,444,570.6921216946172,False,0.7365079423249228,0.2634920576750765,0.26349205767507666
job_change,Random Forest,0,1406,1407,1474,cat__experience_12,0.5,0.3715534552705554,421,536.6605935168544,False,0.7534231093738721,0.24657689062612642,0.24657689062612678
job_change,Random Forest,0,1407,1408,1473,cat__experience_18,0.5,0.38265447434282773,403,513.346528843697,False,0.7422246123509898,0.25777538764900965,0.2577753876490098
job_change,Random Forest,0,1408,1409,1422,cat__enrolled_university_no_enrollment,0.5,0.3869007444728789,395,504.6870191079528,False,0.7378016563515921,0.2621983436484077,0.2621983436484078
job_change,Random Forest,0,1409,1410,1421,cat__relevent_experience_Has relevent experience,0.5,0.49716658690568216,51,69.38204298516237,False,0.5376391624130866,0.4623608375869138,0.4623608375869136
job_change,Random Forest,0,1410,1411,1412,cat__enrolled_university_Full time course,0.5,0.493644314200536,22,36.03649939701996,False,0.443627640640718,0.5563723593592819,0.556372359359282
job_change,Random Forest,0,1411,-1,-1,leaf,,0.0,5,3.9966968011126567,True,1.0,0.0,0.0
job_change,Random Forest,0,1412,1413,1420,cat__experience_1,0.5,0.4683612245859735,17,32.039802595907304,False,0.37422485258600047,0.6257751474139994,0.6257751474139995
job_change,Random Forest,0,1413,1414,1419,cat__gender_Other,0.5,0.4895631505843029,15,28.029860157393436,False,0.4277613350909045,0.5722386649090954,0.5722386649090955
job_change,Random Forest,0,1414,1415,1418,cat__experience_8,0.5,0.48584182926159303,12,24.02654053758018,False,0.4158626992992789,0.584137300700721,0.5841373007007211
job_change,Random Forest,0,1415,1416,1417,cat__experience_5,0.5,0.49934712983952345,10,19.350481965547534,False,0.48193248549915335,0.5180675145008465,0.5180675145008466
job_change,Random Forest,0,1416,-1,-1,leaf,,0.4999986315932521,7,12.009958859439786,True,0.49917283413147584,0.500827165868524,0.5008271658685242
job_change,Random Forest,0,1417,-1,-1,leaf,,0.4957172946754905,3,7.340523106107748,True,0.4537252481124459,0.5462747518875539,0.546274751887554
job_change,Random Forest,0,1418,-1,-1,leaf,,0.2443195398367639,2,4.676058572032643,True,0.1424524785687663,0.8575475214312337,0.8575475214312337
job_change,Random Forest,0,1419,-1,-1,leaf,,0.49999863159325175,3,4.0033196198132615,True,0.49917283413147584,0.5008271658685242,0.5008271658685242
job_change,Random Forest,0,1420,-1,-1,leaf,,0.0,2,4.009942438513867,True,0.0,1.0,1.0
job_change,Random Forest,0,1421,-1,-1,leaf,,0.46122593150285807,29,33.345543588142434,True,0.6392373306573005,0.36076266934269946,0.36076266934269946
job_change,Random Forest,0,1422,1423,1468,cat__major_discipline_Humanities,0.5,0.3545184296343742,344,435.3049761227905,False,0.7697049965848114,0.2302950034151886,0.2302950034151886
job_change,Random Forest,0,1423,1424,1437,num__training_hours,17.5,0.3584665694891882,323,411.3115496787134,False,0.7660201406950344,0.23397985930496568,0.23397985930496568
job_change,Random Forest,0,1424,1425,1436,cat__company_size_100-500,0.5,0.11868045112578507,60,63.29427832168497,False,0.9366460516678324,0.06335394833216762,0.06335394833216762
job_change,Random Forest,0,1425,1426,1435,cat__company_size_1000-4999,0.5,0.13450692776309048,52,55.30088471945964,False,0.927488638584062,0.0725113614159381,0.07251136141593809
job_change,Random Forest,0,1426,1427,1428,cat__relevent_experience_Has relevent experience,0.5,0.14075643427923623,50,52.63642018538453,False,0.9238181011476291,0.07618189885237106,0.07618189885237105
job_change,Random Forest,0,1427,-1,-1,leaf,,0.0,6,6.661161335187761,True,1.0,0.0,0.0
job_change,Random Forest,0,1428,1429,1434,cat__experience_7,0.5,0.1592246379212675,44,45.97525885019678,False,0.9127804271514893,0.08721957284851053,0.08721957284851055
job_change,Random Forest,0,1429,1430,1433,cat__experience_9,0.5,0.17528481602721135,41,41.31244591556535,False,0.9029362132973336,0.09706378670266616,0.09706378670266619
job_change,Random Forest,0,1430,1431,1432,cat__gender_Male,0.5,0.18885813013902475,37,37.98186524797145,False,0.8944248153076674,0.10557518469233239,0.10557518469233242
job_change,Random Forest,0,1431,-1,-1,leaf,,0.44493380485897294,5,6.00166802036959,True,0.6659310024393077,0.33406899756069225,0.33406899756069225
job_change,Random Forest,0,1432,-1,-1,leaf,,0.11752718367877091,32,31.980197227601867,True,0.9373058519624619,0.06269414803753799,0.062694148037538
job_change,Random Forest,0,1433,-1,-1,leaf,,0.0,4,3.3305806675938805,True,1.0,0.0,0.0
job_change,Random Forest,0,1434,-1,-1,leaf,,0.0,3,4.662812934631432,True,1.0,0.0,0.0
job_change,Random Forest,0,1435,-1,-1,leaf,,0.0,2,2.6644645340751043,True,1.0,0.0,0.0
job_change,Random Forest,0,1436,-1,-1,leaf,,0.0,8,7.993393602225313,True,1.0,0.0,0.0
job_change,Random Forest,0,1437,1438,1455,cat__last_new_job_2,0.5,0.3895610716604764,263,348.0172713570287,False,0.7349882213426066,0.2650117786573934,0.2650117786573934
job_change,Random Forest,0,1438,1439,1454,cat__experience_11,0.5,0.3495841888165603,216,275.3112705229731,False,0.7742405980005873,0.22575940199941263,0.22575940199941263
job_change,Random Forest,0,1439,1440,1447,cat__last_new_job_>4,0.5,0.3291273654464827,206,260.63022431075757,False,0.7922949149006168,0.207705085099383,0.20770508509938307
job_change,Random Forest,0,1440,1441,1446,cat__relevent_experience_No relevent experience,0.5,0.3444938509927091,141,181.31604469111915,False,0.778842382904116,0.22115761709588372,0.22115761709588377
job_change,Random Forest,0,1441,1442,1445,cat__experience_7,0.5,0.2961549575263106,124,155.2977785716831,False,0.8192530677015413,0.18074693229845892,0.1807469322984589
job_change,Random Forest,0,1442,1443,1444,cat__experience_1,0.5,0.2264691303047679,116,138.61176114021066,False,0.8698181104916527,0.1301818895083478,0.13018188950834775
job_change,Random Forest,0,1443,-1,-1,leaf,,0.22927881138061035,113,136.61341273965436,True,0.8679138408781252,0.1320861591218752,0.13208615912187516
job_change,Random Forest,0,1444,-1,-1,leaf,,4.2743586448068527e-14,3,1.9983484005563281,True,1.0,0.0,0.0
job_change,Random Forest,0,1445,-1,-1,leaf,,0.479681213075818,8,16.686017431472425,True,0.39920618341341135,0.6007938165865887,0.6007938165865887
job_change,Random Forest,0,1446,-1,-1,leaf,,0.49716658690568327,17,26.0182661194359,True,0.5376391624130861,0.46236083758691365,0.46236083758691376
job_change,Random Forest,0,1447,1448,1453,cat__experience_14,0.5,0.29127991133585995,65,79.3141796196386,False,0.8230480526672004,0.17695194733280006,0.17695194733279998
job_change,Random Forest,0,1448,1449,1452,cat__experience_16,0.5,0.19965557894041197,61,71.30091756131145,False,0.887520593684767,0.1124794063152337,0.11247940631523363
job_change,Random Forest,0,1449,1450,1451,cat__experience_15,0.5,0.11312884015341695,59,66.62485898927885,False,0.9398131193169336,0.06018688068306665,0.060186880683066636
job_change,Random Forest,0,1450,-1,-1,leaf,,0.12352775358390478,53,60.62981378760987,True,0.933861871115736,0.06613812888426397,0.06613812888426397
job_change,Random Forest,0,1451,-1,-1,leaf,,-2.4424906541753444e-15,6,5.995045201668985,True,1.0,0.0,0.0
job_change,Random Forest,0,1452,-1,-1,leaf,,0.24431953983675891,2,4.676058572032643,True,0.1424524785687663,0.8575475214312337,0.8575475214312337
job_change,Random Forest,0,1453,-1,-1,leaf,,0.3743793698700366,4,8.013262058327127,True,0.24938013832702602,0.750619861672974,0.750619861672974
job_change,Random Forest,0,1454,-1,-1,leaf,,0.4957172946754863,10,14.681046212215492,True,0.4537252481124461,0.546274751887554,0.546274751887554
job_change,Random Forest,0,1455,1456,1459,cat__company_type_Pvt Ltd,0.5,0.4850860772589053,47,72.70600083405569,False,0.5863536992290875,0.41364630077091236,0.4136463007709124
job_change,Random Forest,0,1456,1457,1458,cat__company_size_500-999,0.5,0.49198265630549454,7,10.677726592402234,False,0.43668592694153363,0.5633140730584663,0.5633140730584664
job_change,Random Forest,0,1457,-1,-1,leaf,,0.4449338048589735,5,6.00166802036959,True,0.6659310024393077,0.33406899756069225,0.33406899756069225
job_change,Random Forest,0,1458,-1,-1,leaf,,0.24431953983676258,2,4.676058572032643,True,0.1424524785687663,0.8575475214312337,0.8575475214312337
job_change,Random Forest,0,1459,1460,1467,cat__experience_>20,0.5,0.47485913390339074,40,62.02827424165345,False,0.6121179425796988,0.387882057420301,0.38788205742030113
job_change,Random Forest,0,1460,1461,1466,cat__company_size_10/49,0.5,0.41264197567064365,30,41.33893719036776,False,0.7089952443590001,0.2910047556409996,0.2910047556409997
job_change,Random Forest,0,1461,1462,1465,cat__major_discipline_No Major,0.5,0.4571909556948155,27,34.01165972166122,False,0.6463028439661797,0.35369715603382007,0.3536971560338201
job_change,Random Forest,0,1462,1463,1464,cat__company_size_100-500,0.5,0.43510515261272675,25,31.3405723688855,False,0.6801316843135509,0.3198683156864489,0.31986831568644897
job_change,Random Forest,0,1463,-1,-1,leaf,,0.45475315099895575,22,28.6761078348104,True,0.6504108523362666,0.34958914766373306,0.34958914766373317
job_change,Random Forest,0,1464,-1,-1,leaf,,0.0,3,2.6644645340751043,True,1.0,0.0,0.0
job_change,Random Forest,0,1465,-1,-1,leaf,,0.37437936987003895,2,2.6710873527757095,True,0.249380138327026,0.750619861672974,0.750619861672974
job_change,Random Forest,0,1466,-1,-1,leaf,,1.9984014443252818e-15,3,7.327277468706537,True,1.0,0.0,0.0
job_change,Random Forest,0,1467,-1,-1,leaf,,0.4867316015118044,10,20.68933705128569,True,0.41854940611574426,0.5814505938842557,0.5814505938842557
job_change,Random Forest,0,1468,1469,1470,cat__last_new_job_1,0.5,0.27839074645756157,21,23.99342644407715,False,0.8328732893628149,0.1671267106371851,0.1671267106371851
job_change,Random Forest,0,1469,-1,-1,leaf,,0.0,12,11.32397426981919,True,1.0,0.0,0.0
job_change,Random Forest,0,1470,1471,1472,cat__company_size_50-99,0.5,0.4326590238485838,9,12.669452174257955,False,0.683495199053567,0.31650480094643296,0.31650480094643296
job_change,Random Forest,0,1471,-1,-1,leaf,,0.0,5,6.661161335187761,True,1.0,0.0,0.0
job_change,Random Forest,0,1472,-1,-1,leaf,,0.4439534622127024,4,6.008290839070195,True,0.3325984800139235,0.6674015199860764,0.6674015199860764
job_change,Random Forest,0,1473,-1,-1,leaf,,2.631228568361621e-14,8,8.65950973574409,True,1.0,0.0,0.0
job_change,Random Forest,0,1474,-1,-1,leaf,,-1.9539925233402755e-14,18,23.314064673157162,True,1.0,0.0,0.0
job_change,Random Forest,0,1475,1476,1477,cat__experience_2,0.5,0.4981715700350816,23,34.03152817776302,False,0.4697640117994101,0.53023598820059,0.53023598820059
job_change,Random Forest,0,1476,-1,-1,leaf,,0.4986661356809331,17,26.691005071655272,True,0.47417497028978894,0.5258250297102113,0.5258250297102112
job_change,Random Forest,0,1477,-1,-1,leaf,,0.4957172946754911,6,7.340523106107748,True,0.45372524811244597,0.5462747518875539,0.546274751887554
job_change,Random Forest,0,1478,1479,1480,cat__company_size_50-99,0.5,0.4880439094322746,30,42.69103791350712,False,0.5773178199632577,0.4226821800367422,0.42268218003674224
job_change,Random Forest,0,1479,-1,-1,leaf,,0.2912799113358602,13,11.330597088519799,True,0.8230480526671998,0.1769519473328001,0.17695194733280012
job_change,Random Forest,0,1480,1481,1484,cat__gender_Other,0.5,0.4997371047897988,17,31.36044082498731,False,0.48853493981260215,0.5114650601873979,0.5114650601873979
job_change,Random Forest,0,1481,1482,1483,cat__relevent_experience_Has relevent experience,0.5,0.4971665869056825,15,26.018266119435896,False,0.5376391624130863,0.46236083758691365,0.46236083758691365
job_change,Random Forest,0,1482,-1,-1,leaf,,0.4989816710392161,9,15.34716234573427,True,0.47743532671648237,0.5225646732835176,0.5225646732835176
job_change,Random Forest,0,1483,-1,-1,leaf,,0.469136690730692,6,10.671103773701626,True,0.6242242111452279,0.37577578885477236,0.37577578885477225
job_change,Random Forest,0,1484,-1,-1,leaf,,0.3743793698700383,2,5.342174705551419,True,0.249380138327026,0.750619861672974,0.750619861672974
job_change,Random Forest,0,1485,1486,1491,cat__enrolled_university_Part time course,0.5,0.4351051526127556,27,31.3405723688855,False,0.6801316843135511,0.31986831568644897,0.31986831568644897
job_change,Random Forest,0,1486,1487,1488,cat__company_type_Pvt Ltd,0.5,0.4498523958378329,25,29.342223968329172,False,0.6583470936932014,0.3416529063067986,0.3416529063067986
job_change,Random Forest,0,1487,-1,-1,leaf,,0.0,5,4.662812934631432,True,1.0,0.0,0.0
job_change,Random Forest,0,1488,1489,1490,cat__relevent_experience_No relevent experience,0.5,0.48240432609667394,20,24.67941103369774,False,0.5937967854015422,0.40620321459845765,0.4062032145984577
job_change,Random Forest,0,1489,-1,-1,leaf,,0.4932702242907868,18,22.681062633141412,True,0.5580076534140681,0.44199234658593184,0.44199234658593184
job_change,Random Forest,0,1490,-1,-1,leaf,,0.0,2,1.9983484005563281,True,1.0,0.0,0.0
job_change,Random Forest,0,1491,-1,-1,leaf,,0.0,2,1.9983484005563281,True,1.0,0.0,0.0
job_change,Random Forest,0,1492,-1,-1,leaf,,-6.661338147750939e-15,14,17.31901947148818,True,1.0,0.0,0.0
job_change,Random Forest,0,1493,-1,-1,leaf,,0.1795240053111431,3,6.681029791289577,True,0.09970261386758492,0.900297386132415,0.9002973861324151
job_change,Random Forest,0,1494,1495,1522,num__training_hours,76.0,0.310904493828015,131,166.63499847890367,False,0.8074861835692194,0.1925138164307798,0.19251381643077994
job_change,Random Forest,0,1495,1496,1507,cat__enrolled_university_no_enrollment,0.5,0.36877723053622347,89,123.33082698148257,False,0.7561471934882147,0.2438528065117858,0.2438528065117857
job_change,Random Forest,0,1496,1497,1506,cat__experience_8,0.5,0.4274425226049441,27,45.34225681018101,False,0.6904697842113758,0.30953021578862394,0.309530215788624
job_change,Random Forest,0,1497,1498,1503,cat__company_size_50-99,0.5,0.341793198280851,25,36.66287861833511,False,0.7812532681758111,0.21874673182418874,0.2187467318241888
job_change,Random Forest,0,1498,1499,1502,cat__experience_10,0.5,0.25043634200266307,20,27.32400711167103,False,0.8532447154575259,0.14675528454247405,0.14675528454247405
job_change,Random Forest,0,1499,1500,1501,num__city_development_index,0.925000011920929,0.26653028578445104,18,25.325658711114695,False,0.8416648315349041,0.15833516846509582,0.15833516846509582
job_change,Random Forest,0,1500,-1,-1,leaf,,0.0,14,17.319019471488176,True,1.0,0.0,0.0
job_change,Random Forest,0,1501,-1,-1,leaf,,0.499998631593252,4,8.006639239626523,True,0.49917283413147584,0.5008271658685242,0.5008271658685242
job_change,Random Forest,0,1502,-1,-1,leaf,,0.0,2,1.9983484005563281,True,1.0,0.0,0.0
job_change,Random Forest,0,1503,1504,1505,cat__last_new_job_2,0.5,0.4900261693302159,5,9.338871506664075,False,0.5706180949537175,0.42938190504628243,0.42938190504628243
job_change,Random Forest,0,1504,-1,-1,leaf,,0.0,2,1.9983484005563281,True,1.0,0.0,0.0
job_change,Random Forest,0,1505,-1,-1,leaf,,0.49571729467549064,3,7.340523106107748,True,0.4537252481124459,0.5462747518875539,0.546274751887554
job_change,Random Forest,0,1506,-1,-1,leaf,,0.42549269850486215,2,8.679378191845904,True,0.30698795180722893,0.693012048192771,0.6930120481927711
job_change,Random Forest,0,1507,1508,1509,num__training_hours,6.0,0.3267375966999172,62,77.9885701713016,False,0.7943317883784238,0.205668211621577,0.2056682116215768
job_change,Random Forest,0,1508,-1,-1,leaf,,0.4796812130758181,2,3.3372034862944853,True,0.39920618341341135,0.6007938165865887,0.6007938165865887
job_change,Random Forest,0,1509,1510,1521,cat__experience_7,0.5,0.30531771069516944,60,74.65136668500713,False,0.8119954240889039,0.18800457591109662,0.18800457591109654
job_change,Random Forest,0,1510,1511,1520,cat__company_size_50-99,0.5,0.2846995308031427,55,69.98193093167511,False,0.8281009518401747,0.17189904815982546,0.17189904815982543
job_change,Random Forest,0,1511,1512,1515,num__city_development_index,0.8950000107288361,0.3344775774484625,44,56.6596082612996,False,0.787682483435764,0.21231751656423595,0.21231751656423598
job_change,Random Forest,0,1512,1513,1514,cat__city_city_71,0.5,0.499998631593252,13,20.016598099066307,False,0.49917283413147584,0.500827165868524,0.5008271658685242
job_change,Random Forest,0,1513,-1,-1,leaf,,0.4767120318908745,11,15.340539527033663,True,0.6079072937968645,0.39209270620313563,0.39209270620313563
job_change,Random Forest,0,1514,-1,-1,leaf,,0.24431953983676313,2,4.676058572032643,True,0.1424524785687663,0.8575475214312337,0.8575475214312337
job_change,Random Forest,0,1515,1516,1519,num__training_hours,65.5,0.10344491535918643,31,36.6430101622333,False,0.9452836650051365,0.05471633499486318,0.054716334994863204
job_change,Random Forest,0,1516,1517,1518,cat__experience_5,0.5,8.881784197001252e-16,28,31.973574408901246,False,1.0,0.0,0.0
job_change,Random Forest,0,1517,-1,-1,leaf,,0.0,26,29.975226008344922,True,1.0,0.0,0.0
job_change,Random Forest,0,1518,-1,-1,leaf,,0.0,2,1.9983484005563281,True,1.0,0.0,0.0
job_change,Random Forest,0,1519,-1,-1,leaf,,0.4900261693302147,3,4.669435753332038,True,0.5706180949537175,0.42938190504628243,0.42938190504628243
job_change,Random Forest,0,1520,-1,-1,leaf,,-8.881784197001252e-16,11,13.32232267037552,True,1.0,0.0,0.0
job_change,Random Forest,0,1521,-1,-1,leaf,,0.4900261693302085,5,4.669435753332038,True,0.5706180949537175,0.42938190504628243,0.42938190504628243
job_change,Random Forest,0,1522,1523,1530,cat__last_new_job_3,0.5,0.08831212040907799,42,43.30417149742106,False,0.9537002752869584,0.0462997247130415,0.0462997247130415
job_change,Random Forest,0,1523,1524,1529,cat__experience_3,0.5,0.09097483375045667,40,41.971939230383505,False,0.9522306746835861,0.04776932531641363,0.04776932531641365
job_change,Random Forest,0,1524,1525,1526,num__city_development_index,0.6935000121593475,0.11105030519607084,34,33.97854562815818,False,0.940993024210094,0.05900697578990562,0.059006975789905644
job_change,Random Forest,0,1525,-1,-1,leaf,,0.47968121307581824,3,3.3372034862944857,True,0.3992061834134113,0.6007938165865886,0.6007938165865887
job_change,Random Forest,0,1526,1527,1528,num__training_hours,79.0,7.771561172376096e-16,31,30.641342141863706,False,1.0,0.0,0.0
job_change,Random Forest,0,1527,-1,-1,leaf,,0.0,3,3.3305806675938805,True,1.0,0.0,0.0
job_change,Random Forest,0,1528,-1,-1,leaf,,0.0,28,27.310761474269825,True,1.0,0.0,0.0
job_change,Random Forest,0,1529,-1,-1,leaf,,0.0,6,7.9933936022253125,True,1.0,0.0,0.0
job_change,Random Forest,0,1530,-1,-1,leaf,,0.0,2,1.3322322670375522,True,1.0,0.0,0.0
